user_id,property_id,timestamp,event_type,location_viewed,price_viewed
1,919,2025-12-01 22:27:32.907836,view,Business Bay,745300
1,771,2025-12-02 22:27:31.935927,view,Downtown Dubai,1661068
1,997,2025-12-02 22:27:37.598447,view,Marina,1334874
1,45,2025-12-03 22:27:33.564660,view,JVC,739968
1,516,2025-12-04 22:27:33.987977,view,Business Bay,1779180
1,701,2025-12-05 22:27:36.558079,view,Business Bay,1484156
1,425,2025-12-07 22:27:37.042084,view,Marina,625438
1,939,2025-12-09 22:27:34.817087,view,Downtown Dubai,983455
1,957,2025-12-10 22:27:33.172469,view,Business Bay,1243088
1,254,2025-12-10 22:27:36.229728,view,JVC,1701838
1,644,2025-12-13 22:27:35.069159,view,JVC,1176296
1,425,2025-12-14 22:27:37.835300,view,Marina,625438
1,382,2025-12-15 22:27:32.505472,view,Downtown Dubai,1371522
1,841,2025-12-16 22:27:37.294126,view,Marina,1968919
1,618,2025-12-21 22:27:37.503202,shortlist,Palm Jumeirah,1179447
1,686,2025-12-22 22:27:32.015066,view,Marina,624932
1,643,2025-12-22 22:27:33.407634,view,Downtown Dubai,1998339
1,451,2025-12-23 22:27:33.829898,view,Business Bay,1188152
1,615,2025-12-23 22:27:36.245845,view,JVC,1237954
1,267,2025-12-25 22:27:32.623747,shortlist,Palm Jumeirah,1872070
1,28,2025-12-25 22:27:35.897847,view,Marina,1416383
2,561,2025-11-28 22:27:35.226970,contact_agent,JVC,1167540
2,3,2025-11-30 22:27:36.384326,view,Downtown Dubai,1450162
2,439,2025-12-03 22:27:33.940169,view,Palm Jumeirah,717770
2,280,2025-12-03 22:27:36.416141,view,Downtown Dubai,970529
2,362,2025-12-04 22:27:34.253885,view,Marina,1286261
2,406,2025-12-08 22:27:34.769822,view,Marina,1643647
2,701,2025-12-11 22:27:33.002524,view,Business Bay,1484156
2,177,2025-12-12 22:27:36.810172,view,Business Bay,1255111
2,222,2025-12-13 22:27:33.202628,view,Business Bay,1249971
2,128,2025-12-15 22:27:34.411577,view,Palm Jumeirah,1015693
2,338,2025-12-17 22:27:32.432715,view,JVC,876794
2,425,2025-12-18 22:27:32.114998,view,Marina,625438
2,153,2025-12-18 22:27:34.082338,view,Marina,663834
2,618,2025-12-18 22:27:34.864304,view,Palm Jumeirah,1179447
2,895,2025-12-20 22:27:37.309782,view,Marina,797675
2,862,2025-12-21 22:27:32.586236,view,Business Bay,1037977
2,830,2025-12-21 22:27:37.199358,view,Business Bay,545475
2,977,2025-12-22 22:27:33.603549,view,Palm Jumeirah,1781506
2,16,2025-12-23 22:27:36.931724,view,Marina,1756715
2,902,2025-12-24 22:27:34.051015,view,Downtown Dubai,625355
2,510,2025-12-24 22:27:34.521303,view,Marina,1656083
3,658,2025-11-29 22:27:35.634416,view,Business Bay,642980
3,461,2025-12-03 22:27:34.177072,view,Palm Jumeirah,1886689
3,985,2025-12-05 22:27:35.728604,view,Marina,1552425
3,677,2025-12-08 22:27:36.901425,view,Downtown Dubai,1098506
3,728,2025-12-09 22:27:34.380201,view,Palm Jumeirah,1426215
3,634,2025-12-09 22:27:35.211244,view,JVC,529336
3,718,2025-12-11 22:27:31.806921,shortlist,Downtown Dubai,1849590
3,711,2025-12-14 22:27:36.308994,view,Marina,1607810
3,135,2025-12-14 22:27:36.621360,shortlist,JVC,965982
3,808,2025-12-17 22:27:32.426710,view,Palm Jumeirah,647745
3,294,2025-12-17 22:27:32.670306,view,Business Bay,1861303
3,855,2025-12-18 22:27:36.341364,view,JVC,1101891
3,765,2025-12-19 22:27:35.100507,view,Downtown Dubai,1594316
3,527,2025-12-21 22:27:33.344050,view,Downtown Dubai,1337393
3,488,2025-12-22 22:27:34.756469,shortlist,Downtown Dubai,1013313
3,791,2025-12-24 22:27:36.024976,view,Palm Jumeirah,725391
3,501,2025-12-24 22:27:37.567539,view,Palm Jumeirah,1972542
3,899,2025-12-25 22:27:35.460757,view,Downtown Dubai,763625
4,386,2025-11-30 22:27:32.332195,view,Business Bay,1102276
4,817,2025-12-07 22:27:36.526439,view,Business Bay,549976
4,42,2025-12-11 22:27:34.711013,view,JVC,1032726
4,862,2025-12-14 22:27:37.582497,view,Business Bay,1037977
4,768,2025-12-20 22:27:36.400390,view,JVC,1206673
4,530,2025-12-21 22:27:34.695292,view,Business Bay,1234983
4,916,2025-12-22 22:27:35.791868,view,JVC,631184
4,301,2025-12-22 22:27:36.368381,view,JVC,1173218
4,735,2025-12-25 22:27:35.069159,contact_agent,Business Bay,1112181
4,338,2025-12-26 22:27:37.582497,view,JVC,876794
4,132,2025-12-27 22:27:33.234147,view,Business Bay,1441768
5,906,2025-11-29 22:27:32.152913,view,Business Bay,519477
5,916,2025-11-30 22:27:32.828631,view,JVC,631184
5,131,2025-12-01 22:27:31.856924,view,Marina,914994
5,895,2025-12-01 22:27:36.542092,view,Marina,797675
5,551,2025-12-01 22:27:36.605705,view,JVC,1255612
5,118,2025-12-01 22:27:36.899338,view,Business Bay,1521469
5,150,2025-12-03 22:27:32.046730,view,Palm Jumeirah,595028
5,62,2025-12-04 22:27:36.214007,view,Marina,808449
5,50,2025-12-05 22:27:33.628134,view,Marina,1019165
5,583,2025-12-05 22:27:36.589762,view,Palm Jumeirah,618581
5,950,2025-12-05 22:27:36.759643,view,Marina,595556
5,618,2025-12-06 22:27:35.492085,view,Palm Jumeirah,1179447
5,841,2025-12-06 22:27:36.324648,shortlist,Marina,1968919
5,599,2025-12-09 22:27:36.715861,view,Downtown Dubai,664074
5,675,2025-12-10 22:27:37.867422,shortlist,Business Bay,1797819
5,309,2025-12-12 22:27:35.897847,view,Palm Jumeirah,837913
5,439,2025-12-13 22:27:36.261867,view,Palm Jumeirah,717770
5,197,2025-12-13 22:27:37.167880,view,Business Bay,862455
5,98,2025-12-15 22:27:34.177072,shortlist,JVC,1127220
5,705,2025-12-16 22:27:33.612454,view,Business Bay,1703920
5,585,2025-12-17 22:27:34.285406,view,JVC,838540
5,62,2025-12-19 22:27:37.835300,view,Marina,808449
5,91,2025-12-21 22:27:33.423343,view,Downtown Dubai,1804766
5,503,2025-12-22 22:27:37.329450,view,Marina,1062621
5,833,2025-12-26 22:27:32.015066,shortlist,JVC,1599577
6,406,2025-11-30 22:27:36.810172,shortlist,Marina,1643647
6,686,2025-12-02 22:27:32.749764,view,Marina,624932
6,250,2025-12-02 22:27:37.630182,view,Palm Jumeirah,1147341
6,849,2025-12-03 22:27:32.499467,view,Palm Jumeirah,578077
6,473,2025-12-03 22:27:33.751414,view,Downtown Dubai,1485132
6,429,2025-12-03 22:27:36.341364,view,Business Bay,1135719
6,131,2025-12-04 22:27:36.151287,view,Marina,914994
6,429,2025-12-08 22:27:36.040977,view,Business Bay,1135719
6,9,2025-12-09 22:27:36.358109,view,JVC,914600
6,135,2025-12-09 22:27:36.589762,view,JVC,965982
6,434,2025-12-11 22:27:35.053501,view,JVC,681948
6,655,2025-12-12 22:27:31.919915,shortlist,Palm Jumeirah,1262371
6,675,2025-12-12 22:27:33.548940,view,Business Bay,1797819
6,309,2025-12-13 22:27:36.151287,view,Palm Jumeirah,837913
6,973,2025-12-13 22:27:37.940149,view,Downtown Dubai,1660117
6,740,2025-12-14 22:27:34.208482,view,Palm Jumeirah,1192137
6,50,2025-12-16 22:27:35.413489,view,Marina,1019165
6,627,2025-12-19 22:27:33.751414,view,JVC,1415113
6,99,2025-12-21 22:27:35.507778,view,Business Bay,943316
6,960,2025-12-22 22:27:32.414961,view,Business Bay,1594409
6,386,2025-12-22 22:27:34.035360,view,Business Bay,1102276
6,993,2025-12-22 22:27:35.366371,view,JVC,1588963
6,425,2025-12-25 22:27:34.348710,view,Marina,625438
7,301,2025-11-28 22:27:32.168665,shortlist,JVC,1173218
7,474,2025-11-29 22:27:34.051015,view,JVC,659292
7,904,2025-11-29 22:27:36.794383,view,JVC,1115937
7,320,2025-12-05 22:27:35.302649,view,JVC,1248736
7,301,2025-12-05 22:27:37.341247,view,JVC,1173218
7,855,2025-12-06 22:27:34.864304,view,JVC,1101891
7,769,2025-12-06 22:27:37.151904,view,JVC,1301849
7,222,2025-12-11 22:27:34.145735,view,Business Bay,1249971
7,701,2025-12-18 22:27:31.967677,shortlist,Business Bay,1484156
7,982,2025-12-18 22:27:36.857851,view,Business Bay,1237090
7,627,2025-12-21 22:27:36.794383,view,JVC,1415113
7,982,2025-12-25 22:27:32.282936,view,Business Bay,1237090
7,334,2025-12-25 22:27:32.859951,view,JVC,1328791
7,769,2025-12-26 22:27:36.056661,view,JVC,1301849
7,701,2025-12-26 22:27:36.214007,view,Business Bay,1484156
7,916,2025-12-27 22:27:37.167880,shortlist,JVC,631184
8,46,2025-11-28 22:27:37.436732,view,JVC,788963
8,983,2025-12-01 22:27:35.697261,view,Business Bay,1414565
8,741,2025-12-01 22:27:36.245845,view,JVC,781854
8,658,2025-12-02 22:27:33.249970,view,Business Bay,642980
8,551,2025-12-03 22:27:32.623747,view,JVC,1255612
8,70,2025-12-05 22:27:36.765154,shortlist,Business Bay,1345474
8,222,2025-12-10 22:27:31.847555,view,Business Bay,1249971
8,500,2025-12-11 22:27:37.136251,view,Business Bay,954418
8,354,2025-12-13 22:27:34.895998,view,Business Bay,667647
8,545,2025-12-16 22:27:35.037839,view,JVC,1460652
8,886,2025-12-20 22:27:31.792106,view,JVC,1192924
8,922,2025-12-24 22:27:32.422706,view,JVC,1353392
8,386,2025-12-24 22:27:36.731523,view,Business Bay,1102276
8,240,2025-12-25 22:27:35.429279,view,Business Bay,692512
8,413,2025-12-26 22:27:35.539550,view,Business Bay,841207
8,916,2025-12-27 22:27:36.277680,view,JVC,631184
9,138,2025-11-30 22:27:32.094821,view,Downtown Dubai,1664795
9,991,2025-12-01 22:27:35.993182,view,Downtown Dubai,780833
9,526,2025-12-02 22:27:31.999113,view,JVC,1078526
9,481,2025-12-04 22:27:34.568462,contact_agent,Palm Jumeirah,737199
9,448,2025-12-05 22:27:33.281284,view,Palm Jumeirah,1978768
9,545,2025-12-07 22:27:33.940169,view,JVC,1460652
9,131,2025-12-08 22:27:32.403211,view,Marina,914994
9,439,2025-12-10 22:27:33.112759,view,Palm Jumeirah,717770
9,849,2025-12-11 22:27:37.835300,view,Palm Jumeirah,578077
9,939,2025-12-14 22:27:36.759643,view,Downtown Dubai,983455
9,37,2025-12-16 22:27:35.882131,view,Palm Jumeirah,1078688
9,954,2025-12-17 22:27:32.566481,view,Downtown Dubai,1152755
9,592,2025-12-19 22:27:35.760271,view,Business Bay,1858097
9,855,2025-12-20 22:27:36.365297,view,JVC,1101891
9,611,2025-12-24 22:27:34.927497,view,Downtown Dubai,1306564
9,7,2025-12-25 22:27:36.589762,view,Business Bay,622775
9,730,2025-12-27 22:27:37.899051,view,Palm Jumeirah,1949991
10,115,2025-11-30 22:27:32.542982,contact_agent,Downtown Dubai,1221037
10,274,2025-12-02 22:27:36.198305,view,Palm Jumeirah,1361069
10,977,2025-12-03 22:27:35.021784,view,Palm Jumeirah,1781506
10,705,2025-12-03 22:27:35.791868,view,Business Bay,1703920
10,774,2025-12-07 22:27:32.844287,view,Marina,923177
10,343,2025-12-14 22:27:34.647560,view,JVC,1282877
10,322,2025-12-14 22:27:35.835614,view,Downtown Dubai,745404
10,438,2025-12-15 22:27:36.479360,view,Palm Jumeirah,1453692
10,173,2025-12-15 22:27:37.921927,view,Palm Jumeirah,1504001
10,954,2025-12-16 22:27:35.021784,view,Downtown Dubai,1152755
10,488,2025-12-18 22:27:32.923922,view,Downtown Dubai,1013313
10,452,2025-12-20 22:27:33.439002,view,Downtown Dubai,902980
10,615,2025-12-20 22:27:33.798437,shortlist,JVC,1237954
10,874,2025-12-20 22:27:37.725098,view,Marina,1208672
10,439,2025-12-21 22:27:34.316827,view,Palm Jumeirah,717770
10,723,2025-12-24 22:27:31.888534,view,Palm Jumeirah,1969793
11,773,2025-11-28 22:27:35.977057,view,JVC,1253494
11,167,2025-12-01 22:27:34.225051,view,Palm Jumeirah,922381
11,46,2025-12-01 22:27:37.042084,view,JVC,788963
11,776,2025-12-02 22:27:34.801395,view,Downtown Dubai,1267876
11,153,2025-12-06 22:27:35.179400,view,Marina,663834
11,957,2025-12-06 22:27:37.646283,view,Business Bay,1243088
11,386,2025-12-09 22:27:36.056661,view,Business Bay,1102276
11,439,2025-12-12 22:27:32.343943,view,Palm Jumeirah,717770
11,113,2025-12-12 22:27:37.484200,view,Palm Jumeirah,1309178
11,772,2025-12-13 22:27:34.505647,view,Business Bay,1535891
11,703,2025-12-16 22:27:33.018245,view,Marina,1363659
11,171,2025-12-16 22:27:36.416141,view,Marina,901067
11,730,2025-12-20 22:27:35.791868,view,Palm Jumeirah,1949991
11,703,2025-12-23 22:27:33.359702,view,Marina,1363659
11,740,2025-12-26 22:27:32.617742,view,Palm Jumeirah,1192137
12,711,2025-11-28 22:27:33.018245,view,Marina,1607810
12,950,2025-11-29 22:27:34.537135,view,Marina,595556
12,817,2025-11-30 22:27:33.861224,contact_agent,Business Bay,549976
12,150,2025-12-02 22:27:32.646960,contact_agent,Palm Jumeirah,595028
12,985,2025-12-04 22:27:32.466222,view,Marina,1552425
12,62,2025-12-05 22:27:32.626522,view,Marina,808449
12,925,2025-12-10 22:27:32.162922,view,Downtown Dubai,1690456
12,29,2025-12-10 22:27:34.990265,view,Downtown Dubai,779215
12,925,2025-12-13 22:27:32.094821,view,Downtown Dubai,1690456
12,648,2025-12-14 22:27:33.312669,contact_agent,Marina,1052439
12,216,2025-12-15 22:27:32.521225,view,Palm Jumeirah,1369807
12,6,2025-12-16 22:27:32.300690,view,JVC,1728807
12,670,2025-12-16 22:27:33.049967,view,JVC,1244748
12,986,2025-12-19 22:27:36.542092,view,Marina,1277567
12,321,2025-12-21 22:27:32.436457,view,Downtown Dubai,1199539
12,131,2025-12-24 22:27:32.106726,view,Marina,914994
12,608,2025-12-25 22:27:31.951629,view,JVC,1605710
12,934,2025-12-25 22:27:33.548940,view,Marina,1888509
12,902,2025-12-25 22:27:35.776109,view,Downtown Dubai,625355
12,501,2025-12-27 22:27:34.066676,view,Palm Jumeirah,1972542
13,320,2025-11-28 22:27:37.598447,view,JVC,1248736
13,406,2025-11-29 22:27:34.895998,view,Marina,1643647
13,425,2025-11-30 22:27:35.555661,view,Marina,625438
13,658,2025-12-02 22:27:33.971918,view,Business Bay,642980
13,778,2025-12-05 22:27:33.344050,view,Palm Jumeirah,1706184
13,738,2025-12-06 22:27:33.707319,shortlist,JVC,639227
13,419,2025-12-07 22:27:37.547888,contact_agent,Downtown Dubai,1662189
13,709,2025-12-08 22:27:34.245411,view,Palm Jumeirah,1656618
13,640,2025-12-09 22:27:37.598447,view,Business Bay,1947947
13,830,2025-12-10 22:27:34.442915,view,Business Bay,545475
13,999,2025-12-11 22:27:33.359702,view,Marina,1278799
13,841,2025-12-12 22:27:33.643839,view,Marina,1968919
13,429,2025-12-12 22:27:33.971918,view,Business Bay,1135719
13,703,2025-12-13 22:27:33.892633,view,Marina,1363659
13,686,2025-12-21 22:27:37.517103,view,Marina,624932
13,311,2025-12-24 22:27:31.806921,view,Palm Jumeirah,828821
13,148,2025-12-24 22:27:32.031021,view,Downtown Dubai,1857453
14,928,2025-11-28 22:27:35.053501,view,Marina,654692
14,307,2025-11-30 22:27:34.958835,view,Marina,1219407
14,646,2025-12-01 22:27:32.733847,contact_agent,Marina,1028714
14,240,2025-12-01 22:27:33.517603,view,Business Bay,692512
14,611,2025-12-01 22:27:37.329450,view,Downtown Dubai,1306564
14,173,2025-12-08 22:27:32.351950,view,Palm Jumeirah,1504001
14,510,2025-12-09 22:27:37.894581,shortlist,Marina,1656083
14,488,2025-12-11 22:27:32.765914,contact_agent,Downtown Dubai,1013313
14,275,2025-12-11 22:27:33.439002,view,Downtown Dubai,1356626
14,705,2025-12-14 22:27:33.375807,contact_agent,Business Bay,1703920
14,197,2025-12-15 22:27:34.974549,shortlist,Business Bay,862455
14,45,2025-12-16 22:27:34.316827,view,JVC,739968
14,738,2025-12-17 22:27:33.711462,view,JVC,639227
14,990,2025-12-19 22:27:31.856924,view,Downtown Dubai,551707
14,855,2025-12-19 22:27:37.646283,view,JVC,1101891
14,399,2025-12-23 22:27:32.162922,view,Downtown Dubai,1090381
14,529,2025-12-24 22:27:33.049967,view,Palm Jumeirah,1314422
14,536,2025-12-24 22:27:34.880092,view,JVC,1916842
14,394,2025-12-24 22:27:35.650122,view,Marina,1288140
14,227,2025-12-25 22:27:35.350476,view,Downtown Dubai,1842057
14,321,2025-12-26 22:27:34.600305,view,Downtown Dubai,1199539
15,501,2025-12-02 22:27:33.138520,view,Palm Jumeirah,1972542
15,166,2025-12-06 22:27:33.049967,view,Palm Jumeirah,1352746
15,905,2025-12-06 22:27:35.993182,view,Palm Jumeirah,1875607
15,880,2025-12-07 22:27:35.429279,view,JVC,1883875
15,617,2025-12-08 22:27:32.420704,view,Business Bay,1207173
15,155,2025-12-08 22:27:35.791868,view,Downtown Dubai,1729787
15,740,2025-12-09 22:27:35.760271,view,Palm Jumeirah,1192137
15,102,2025-12-10 22:27:37.544820,view,Marina,975595
15,434,2025-12-11 22:27:33.344050,view,JVC,681948
15,418,2025-12-12 22:27:32.733847,view,JVC,1972178
15,416,2025-12-14 22:27:37.582497,view,Downtown Dubai,1092632
15,162,2025-12-15 22:27:31.999113,view,Marina,785711
15,607,2025-12-17 22:27:31.951629,view,Downtown Dubai,562507
15,32,2025-12-18 22:27:35.618659,contact_agent,Downtown Dubai,773349
15,526,2025-12-18 22:27:36.463705,view,JVC,1078526
15,699,2025-12-19 22:27:32.330193,view,Business Bay,1906978
15,583,2025-12-20 22:27:36.700206,view,Palm Jumeirah,618581
15,678,2025-12-23 22:27:37.057747,shortlist,JVC,1056718
15,986,2025-12-24 22:27:34.974549,contact_agent,Marina,1277567
15,118,2025-12-24 22:27:35.195138,view,Business Bay,1521469
15,605,2025-12-24 22:27:36.447880,view,Downtown Dubai,1517481
15,798,2025-12-25 22:27:37.309782,view,JVC,1924663
15,545,2025-12-26 22:27:36.916072,view,JVC,1460652
16,286,2025-11-28 22:27:35.650122,view,Business Bay,1184029
16,500,2025-11-28 22:27:36.214007,view,Business Bay,954418
16,927,2025-11-29 22:27:32.122325,view,Business Bay,1490029
16,70,2025-11-29 22:27:35.226970,view,Business Bay,1345474
16,197,2025-12-03 22:27:35.587005,view,Business Bay,862455
16,802,2025-12-04 22:27:34.097995,view,JVC,1301955
16,45,2025-12-05 22:27:37.894581,view,JVC,739968
16,240,2025-12-06 22:27:31.919915,view,Business Bay,692512
16,286,2025-12-08 22:27:37.120546,view,Business Bay,1184029
16,768,2025-12-10 22:27:31.904226,view,JVC,1206673
16,334,2025-12-10 22:27:37.921589,view,JVC,1328791
16,957,2025-12-15 22:27:36.229728,shortlist,Business Bay,1243088
16,319,2025-12-16 22:27:35.897847,view,Business Bay,1307744
16,916,2025-12-21 22:27:34.711013,contact_agent,JVC,631184
16,222,2025-12-22 22:27:31.856924,view,Business Bay,1249971
16,98,2025-12-23 22:27:33.018245,view,JVC,1127220
16,854,2025-12-23 22:27:37.357047,view,Business Bay,1420114
16,735,2025-12-24 22:27:33.845565,view,Business Bay,1112181
16,413,2025-12-25 22:27:37.468620,view,Business Bay,841207
16,9,2025-12-25 22:27:37.740841,contact_agent,JVC,914600
16,916,2025-12-27 22:27:35.850785,view,JVC,631184
17,29,2025-11-28 22:27:36.826108,view,Downtown Dubai,779215
17,957,2025-11-29 22:27:36.368381,view,Business Bay,1243088
17,413,2025-12-02 22:27:32.308697,view,Business Bay,841207
17,801,2025-12-04 22:27:36.103957,view,Business Bay,1186268
17,791,2025-12-06 22:27:35.291343,view,Palm Jumeirah,725391
17,103,2025-12-07 22:27:32.892157,view,Downtown Dubai,1965744
17,468,2025-12-07 22:27:34.066676,view,Downtown Dubai,1797991
17,439,2025-12-07 22:27:34.631909,view,Palm Jumeirah,717770
17,408,2025-12-08 22:27:32.164923,view,Marina,1916953
17,419,2025-12-08 22:27:34.035360,contact_agent,Downtown Dubai,1662189
17,232,2025-12-10 22:27:31.904226,view,JVC,1685111
17,594,2025-12-12 22:27:31.935927,view,Downtown Dubai,1794315
17,826,2025-12-12 22:27:36.589762,view,JVC,1895796
17,453,2025-12-13 22:27:34.785732,shortlist,Marina,1538336
17,25,2025-12-15 22:27:33.281284,view,Downtown Dubai,1275158
17,145,2025-12-15 22:27:36.400390,view,Palm Jumeirah,577175
17,880,2025-12-16 22:27:35.618659,view,JVC,1883875
17,311,2025-12-17 22:27:37.230825,view,Palm Jumeirah,828821
17,917,2025-12-17 22:27:37.835300,view,JVC,1635627
17,134,2025-12-18 22:27:31.848591,view,JVC,1576941
17,957,2025-12-18 22:27:33.892633,view,Business Bay,1243088
17,525,2025-12-18 22:27:37.598447,shortlist,Marina,941904
17,330,2025-12-21 22:27:32.062391,view,JVC,1833572
17,640,2025-12-27 22:27:32.534975,view,Business Bay,1947947
18,651,2025-11-29 22:27:32.876025,view,JVC,1278883
18,632,2025-11-29 22:27:34.990265,view,Business Bay,792575
18,474,2025-12-02 22:27:32.456213,shortlist,JVC,659292
18,32,2025-12-02 22:27:35.665778,view,Downtown Dubai,773349
18,718,2025-12-03 22:27:35.366371,view,Downtown Dubai,1849590
18,280,2025-12-04 22:27:35.776109,view,Downtown Dubai,970529
18,91,2025-12-04 22:27:36.931724,view,Downtown Dubai,1804766
18,551,2025-12-05 22:27:36.368381,view,JVC,1255612
18,368,2025-12-06 22:27:35.866469,view,Business Bay,626060
18,227,2025-12-07 22:27:32.210177,contact_agent,Downtown Dubai,1842057
18,771,2025-12-07 22:27:35.697261,view,Downtown Dubai,1661068
18,328,2025-12-07 22:27:37.709313,view,Marina,1727146
18,678,2025-12-07 22:27:37.788279,view,JVC,1056718
18,870,2025-12-09 22:27:35.719527,view,Palm Jumeirah,542291
18,301,2025-12-11 22:27:34.225051,view,JVC,1173218
18,750,2025-12-13 22:27:37.372983,view,Palm Jumeirah,1894316
18,42,2025-12-15 22:27:32.122325,contact_agent,JVC,1032726
18,983,2025-12-16 22:27:35.634416,view,Business Bay,1414565
18,834,2025-12-18 22:27:37.183700,view,Marina,1344081
18,509,2025-12-21 22:27:33.265626,view,Downtown Dubai,1695885
18,970,2025-12-21 22:27:35.116356,view,Palm Jumeirah,1579525
18,904,2025-12-22 22:27:35.523435,view,JVC,1115937
18,741,2025-12-26 22:27:34.568462,view,JVC,781854
19,785,2025-11-29 22:27:32.239683,view,Business Bay,1128889
19,862,2025-12-01 22:27:35.350476,view,Business Bay,1037977
19,197,2025-12-02 22:27:32.685978,view,Business Bay,862455
19,922,2025-12-06 22:27:32.939586,view,JVC,1353392
19,658,2025-12-06 22:27:36.056661,view,Business Bay,642980
19,135,2025-12-07 22:27:36.119817,view,JVC,965982
19,667,2025-12-09 22:27:31.967677,view,JVC,1264265
19,320,2025-12-09 22:27:34.427263,view,JVC,1248736
19,785,2025-12-10 22:27:35.945263,view,Business Bay,1128889
19,634,2025-12-13 22:27:36.963350,view,JVC,529336
19,585,2025-12-14 22:27:37.548923,contact_agent,JVC,838540
19,301,2025-12-15 22:27:33.018245,view,JVC,1173218
19,632,2025-12-15 22:27:33.798437,shortlist,Business Bay,792575
19,413,2025-12-20 22:27:31.872672,contact_agent,Business Bay,841207
19,334,2025-12-21 22:27:35.350476,view,JVC,1328791
19,904,2025-12-21 22:27:36.715861,view,JVC,1115937
19,130,2025-12-23 22:27:33.767085,view,JVC,739017
19,301,2025-12-24 22:27:31.792106,view,JVC,1173218
19,286,2025-12-24 22:27:34.066676,view,Business Bay,1184029
19,556,2025-12-25 22:27:34.695292,view,Business Bay,785622
19,967,2025-12-25 22:27:37.420667,view,JVC,1022154
20,297,2025-12-02 22:27:33.460423,view,Marina,1697162
20,674,2025-12-02 22:27:33.735638,view,Downtown Dubai,1234275
20,941,2025-12-06 22:27:32.670306,view,JVC,1047219
20,173,2025-12-06 22:27:36.103957,view,Palm Jumeirah,1504001
20,294,2025-12-09 22:27:32.424708,view,Business Bay,1861303
20,846,2025-12-09 22:27:35.618659,view,Business Bay,1920858
20,890,2025-12-10 22:27:37.709313,view,Downtown Dubai,1523920
20,645,2025-12-11 22:27:35.744617,view,Marina,879039
20,791,2025-12-12 22:27:32.338200,view,Palm Jumeirah,725391
20,560,2025-12-13 22:27:37.026214,view,Marina,1896436
20,693,2025-12-14 22:27:32.781570,view,Palm Jumeirah,789220
20,556,2025-12-17 22:27:36.214007,view,Business Bay,785622
20,453,2025-12-20 22:27:34.785732,view,Marina,1538336
20,294,2025-12-21 22:27:32.876025,shortlist,Business Bay,1861303
20,274,2025-12-25 22:27:37.540794,view,Palm Jumeirah,1361069
20,627,2025-12-27 22:27:34.097995,view,JVC,1415113
21,334,2025-11-28 22:27:36.416141,view,JVC,1328791
21,334,2025-11-29 22:27:35.116356,view,JVC,1328791
21,632,2025-12-01 22:27:34.764706,view,Business Bay,792575
21,862,2025-12-02 22:27:32.290942,view,Business Bay,1037977
21,130,2025-12-03 22:27:34.411577,view,JVC,739017
21,773,2025-12-03 22:27:37.598447,view,JVC,1253494
21,530,2025-12-05 22:27:35.242661,view,Business Bay,1234983
21,7,2025-12-07 22:27:33.187991,view,Business Bay,622775
21,177,2025-12-07 22:27:34.880092,view,Business Bay,1255111
21,634,2025-12-08 22:27:33.987977,view,JVC,529336
21,42,2025-12-11 22:27:37.026214,view,JVC,1032726
21,421,2025-12-12 22:27:33.956201,view,JVC,914299
21,634,2025-12-15 22:27:35.882131,view,JVC,529336
21,130,2025-12-16 22:27:35.179400,view,JVC,739017
21,922,2025-12-20 22:27:36.574102,view,JVC,1353392
21,177,2025-12-23 22:27:36.916072,view,Business Bay,1255111
21,530,2025-12-24 22:27:34.990265,view,Business Bay,1234983
21,132,2025-12-27 22:27:31.827705,view,Business Bay,1441768
22,414,2025-11-28 22:27:37.136251,view,Palm Jumeirah,1730746
22,381,2025-11-29 22:27:33.720913,view,Palm Jumeirah,1692931
22,895,2025-12-01 22:27:35.302649,view,Marina,797675
22,186,2025-12-05 22:27:32.121218,shortlist,Business Bay,588668
22,985,2025-12-06 22:27:35.084845,view,Marina,1552425
22,394,2025-12-07 22:27:34.958835,view,Marina,1288140
22,723,2025-12-11 22:27:35.460757,view,Palm Jumeirah,1969793
22,886,2025-12-14 22:27:37.278440,view,JVC,1192924
22,782,2025-12-17 22:27:34.097995,view,Palm Jumeirah,1215339
22,523,2025-12-19 22:27:37.899051,view,Downtown Dubai,769160
22,875,2025-12-20 22:27:32.597986,view,Downtown Dubai,837369
22,788,2025-12-23 22:27:32.491722,view,Downtown Dubai,1425779
22,803,2025-12-24 22:27:33.612454,contact_agent,JVC,1611009
22,993,2025-12-25 22:27:36.842168,view,JVC,1588963
22,461,2025-12-26 22:27:37.788279,view,Palm Jumeirah,1886689
22,619,2025-12-27 22:27:32.401210,view,Marina,1561404
23,853,2025-11-29 22:27:34.990265,view,Marina,1284192
23,62,2025-12-03 22:27:37.819617,view,Marina,808449
23,742,2025-12-06 22:27:35.791868,view,Marina,1160327
23,880,2025-12-06 22:27:37.559398,view,JVC,1883875
23,991,2025-12-09 22:27:34.474315,view,Downtown Dubai,780833
23,418,2025-12-10 22:27:35.211244,view,JVC,1972178
23,526,2025-12-10 22:27:37.614489,view,JVC,1078526
23,853,2025-12-11 22:27:33.603549,view,Marina,1284192
23,735,2025-12-12 22:27:35.258429,view,Business Bay,1112181
23,723,2025-12-13 22:27:37.788279,view,Palm Jumeirah,1969793
23,608,2025-12-16 22:27:34.616250,view,JVC,1605710
23,128,2025-12-18 22:27:34.864304,view,Palm Jumeirah,1015693
23,138,2025-12-19 22:27:34.911693,view,Downtown Dubai,1664795
23,900,2025-12-20 22:27:33.876909,view,Palm Jumeirah,1342840
23,788,2025-12-21 22:27:35.084845,view,Downtown Dubai,1425779
23,408,2025-12-24 22:27:32.147404,view,Marina,1916953
23,320,2025-12-24 22:27:35.211244,view,JVC,1248736
23,808,2025-12-24 22:27:36.056661,view,Palm Jumeirah,647745
23,118,2025-12-27 22:27:33.845565,view,Business Bay,1521469
24,4,2025-11-29 22:27:36.979040,shortlist,JVC,1774634
24,456,2025-12-01 22:27:33.134516,view,Downtown Dubai,1949087
24,598,2025-12-01 22:27:35.226970,view,Marina,1789467
24,997,2025-12-04 22:27:35.719527,view,Marina,1334874
24,294,2025-12-06 22:27:34.003657,view,Business Bay,1861303
24,998,2025-12-07 22:27:32.574488,view,Marina,1389493
24,322,2025-12-08 22:27:31.779760,view,Downtown Dubai,745404
24,476,2025-12-10 22:27:32.122325,view,Palm Jumeirah,963937
24,472,2025-12-10 22:27:33.971918,view,JVC,718401
24,811,2025-12-11 22:27:37.278440,view,Marina,637686
24,658,2025-12-19 22:27:32.194425,view,Business Bay,642980
24,735,2025-12-19 22:27:35.413489,view,Business Bay,1112181
24,36,2025-12-20 22:27:32.844287,view,Downtown Dubai,1916207
24,321,2025-12-20 22:27:33.580484,view,Downtown Dubai,1199539
24,350,2025-12-23 22:27:32.259438,view,Marina,1836092
24,773,2025-12-23 22:27:37.329450,view,JVC,1253494
24,828,2025-12-24 22:27:33.265626,view,Business Bay,708859
24,776,2025-12-27 22:27:37.230825,view,Downtown Dubai,1267876
25,459,2025-11-29 22:27:33.987977,view,Marina,1437635
25,769,2025-12-01 22:27:33.612454,view,JVC,1301849
25,967,2025-12-01 22:27:35.211244,view,JVC,1022154
25,123,2025-12-03 22:27:32.548727,view,JVC,963001
25,732,2025-12-06 22:27:35.776109,view,Marina,924528
25,103,2025-12-06 22:27:36.447880,view,Downtown Dubai,1965744
25,834,2025-12-10 22:27:34.458603,view,Marina,1344081
25,46,2025-12-11 22:27:35.618659,view,JVC,788963
25,85,2025-12-13 22:27:34.927497,view,Marina,623950
25,145,2025-12-17 22:27:32.670306,view,Palm Jumeirah,577175
25,728,2025-12-17 22:27:33.469904,shortlist,Palm Jumeirah,1426215
25,64,2025-12-17 22:27:34.521303,view,Marina,1033634
25,841,2025-12-17 22:27:34.895998,view,Marina,1968919
25,414,2025-12-18 22:27:36.947409,view,Palm Jumeirah,1730746
25,826,2025-12-19 22:27:36.151287,view,JVC,1895796
25,177,2025-12-20 22:27:36.826108,view,Business Bay,1255111
25,330,2025-12-21 22:27:31.888534,contact_agent,JVC,1833572
25,705,2025-12-22 22:27:36.896251,view,Business Bay,1703920
25,177,2025-12-24 22:27:36.574102,view,Business Bay,1255111
25,676,2025-12-25 22:27:37.309782,contact_agent,JVC,1534186
25,172,2025-12-26 22:27:32.733847,view,Marina,960796
26,959,2025-11-28 22:27:36.731523,contact_agent,Downtown Dubai,559778
26,530,2025-11-30 22:27:33.249970,view,Business Bay,1234983
26,508,2025-11-30 22:27:33.580484,view,JVC,1711569
26,586,2025-11-30 22:27:36.463705,view,Downtown Dubai,1001590
26,581,2025-12-01 22:27:35.539550,view,Downtown Dubai,791464
26,939,2025-12-03 22:27:34.711013,view,Downtown Dubai,983455
26,730,2025-12-04 22:27:32.458215,view,Palm Jumeirah,1949991
26,186,2025-12-04 22:27:33.940169,view,Business Bay,588668
26,399,2025-12-04 22:27:34.663539,view,Downtown Dubai,1090381
26,970,2025-12-09 22:27:32.249430,view,Palm Jumeirah,1579525
26,808,2025-12-09 22:27:33.328368,view,Palm Jumeirah,647745
26,973,2025-12-10 22:27:36.715861,view,Downtown Dubai,1660117
26,297,2025-12-11 22:27:32.241684,view,Marina,1697162
26,378,2025-12-14 22:27:32.217923,view,Palm Jumeirah,1062060
26,680,2025-12-14 22:27:36.842168,view,Downtown Dubai,852414
26,195,2025-12-17 22:27:33.312669,view,Marina,770914
26,966,2025-12-18 22:27:34.364408,view,Downtown Dubai,1898949
26,895,2025-12-18 22:27:36.794383,view,Marina,797675
26,118,2025-12-18 22:27:36.901425,view,Business Bay,1521469
26,846,2025-12-20 22:27:33.281284,view,Business Bay,1920858
26,16,2025-12-20 22:27:34.035360,view,Marina,1756715
26,762,2025-12-20 22:27:35.147694,view,Palm Jumeirah,1175673
26,429,2025-12-22 22:27:35.719527,view,Business Bay,1135719
26,414,2025-12-23 22:27:35.226970,view,Palm Jumeirah,1730746
26,221,2025-12-25 22:27:36.731523,view,Business Bay,1869277
26,727,2025-12-25 22:27:37.215116,view,JVC,1598657
26,890,2025-12-27 22:27:35.555661,view,Downtown Dubai,1523920
27,567,2025-12-03 22:27:32.196427,view,Marina,3924083
27,371,2025-12-03 22:27:33.628134,view,JVC,3577099
27,124,2025-12-05 22:27:36.277680,view,Marina,3680246
27,539,2025-12-06 22:27:33.391650,view,JVC,4896650
27,907,2025-12-06 22:27:34.958835,view,Marina,4056210
27,871,2025-12-07 22:27:32.462218,shortlist,Downtown Dubai,4997968
27,885,2025-12-10 22:27:33.501559,view,Business Bay,3409984
27,691,2025-12-13 22:27:37.440051,view,Marina,3730431
27,559,2025-12-14 22:27:37.294126,view,JVC,4526390
27,424,2025-12-15 22:27:33.202628,view,Business Bay,4661900
27,337,2025-12-15 22:27:36.479360,view,Business Bay,4895564
27,201,2025-12-16 22:27:37.646283,view,JVC,3600581
27,532,2025-12-23 22:27:31.951629,view,Marina,3635812
27,573,2025-12-23 22:27:33.517603,contact_agent,Business Bay,3015967
28,985,2025-11-29 22:27:33.751414,view,Marina,1552425
28,536,2025-11-29 22:27:35.555661,view,JVC,1916842
28,155,2025-12-05 22:27:31.999113,contact_agent,Downtown Dubai,1729787
28,163,2025-12-07 22:27:34.364408,view,JVC,1623389
28,286,2025-12-07 22:27:37.215116,view,Business Bay,1184029
28,587,2025-12-09 22:27:32.536977,view,Marina,1918412
28,778,2025-12-09 22:27:34.269269,view,Palm Jumeirah,1706184
28,590,2025-12-10 22:27:34.785732,view,Palm Jumeirah,1372328
28,738,2025-12-13 22:27:34.958835,view,JVC,639227
28,551,2025-12-15 22:27:32.477971,shortlist,JVC,1255612
28,633,2025-12-15 22:27:33.956201,contact_agent,Palm Jumeirah,1959700
28,925,2025-12-16 22:27:37.473280,view,Downtown Dubai,1690456
28,782,2025-12-18 22:27:32.749764,shortlist,Palm Jumeirah,1215339
28,585,2025-12-19 22:27:36.994837,view,JVC,838540
28,644,2025-12-20 22:27:32.685978,view,JVC,1176296
28,585,2025-12-20 22:27:35.587005,view,JVC,838540
28,950,2025-12-22 22:27:37.819617,view,Marina,595556
28,833,2025-12-23 22:27:32.204172,view,JVC,1599577
28,896,2025-12-23 22:27:35.977057,view,Marina,1208175
28,607,2025-12-24 22:27:34.051015,view,Downtown Dubai,562507
28,157,2025-12-25 22:27:32.112927,view,Palm Jumeirah,1825569
29,862,2025-11-28 22:27:32.939586,view,Business Bay,1037977
29,71,2025-11-30 22:27:34.380201,contact_agent,Downtown Dubai,1724744
29,354,2025-12-11 22:27:34.990265,view,Business Bay,667647
29,676,2025-12-13 22:27:34.192729,shortlist,JVC,1534186
29,749,2025-12-14 22:27:34.801395,view,Marina,979083
29,545,2025-12-15 22:27:33.234147,view,JVC,1460652
29,163,2025-12-15 22:27:37.262377,view,JVC,1623389
29,416,2025-12-16 22:27:32.233678,view,Downtown Dubai,1092632
29,153,2025-12-18 22:27:34.082338,view,Marina,663834
29,479,2025-12-20 22:27:34.848462,view,Marina,1692097
29,632,2025-12-22 22:27:35.835614,view,Business Bay,792575
29,749,2025-12-22 22:27:36.355024,view,Marina,979083
29,927,2025-12-23 22:27:35.226970,view,Business Bay,1490029
29,418,2025-12-25 22:27:32.907836,view,JVC,1972178
29,969,2025-12-26 22:27:37.010531,view,Marina,1511930
30,740,2025-11-28 22:27:36.072321,view,Palm Jumeirah,1192137
30,46,2025-11-29 22:27:33.612454,view,JVC,788963
30,331,2025-11-30 22:27:33.375807,view,Palm Jumeirah,1115863
30,16,2025-11-30 22:27:36.432216,view,Marina,1756715
30,978,2025-12-07 22:27:35.929596,view,Downtown Dubai,789134
30,29,2025-12-08 22:27:34.600305,view,Downtown Dubai,779215
30,598,2025-12-09 22:27:34.679502,view,Marina,1789467
30,711,2025-12-10 22:27:33.517603,view,Marina,1607810
30,605,2025-12-10 22:27:36.009292,contact_agent,Downtown Dubai,1517481
30,232,2025-12-10 22:27:37.942637,view,JVC,1685111
30,167,2025-12-12 22:27:33.628134,view,Palm Jumeirah,922381
30,351,2025-12-12 22:27:36.214007,view,Palm Jumeirah,1350350
30,985,2025-12-13 22:27:35.037839,view,Marina,1552425
30,712,2025-12-13 22:27:37.883158,view,Business Bay,1312283
30,16,2025-12-18 22:27:35.603000,view,Marina,1756715
30,853,2025-12-18 22:27:35.681524,view,Marina,1284192
30,163,2025-12-20 22:27:36.963350,contact_agent,JVC,1623389
30,197,2025-12-20 22:27:37.357047,view,Business Bay,862455
30,448,2025-12-22 22:27:33.533259,view,Palm Jumeirah,1978768
30,46,2025-12-23 22:27:32.404952,view,JVC,788963
30,350,2025-12-24 22:27:37.262377,view,Marina,1836092
30,862,2025-12-24 22:27:37.709313,view,Business Bay,1037977
30,99,2025-12-25 22:27:32.147404,view,Business Bay,943316
30,991,2025-12-25 22:27:34.521303,view,Downtown Dubai,780833
31,687,2025-11-29 22:27:34.019313,view,Marina,768083
31,941,2025-11-30 22:27:32.626522,view,JVC,1047219
31,394,2025-11-30 22:27:34.568462,view,Marina,1288140
31,523,2025-12-01 22:27:33.187991,view,Downtown Dubai,769160
31,776,2025-12-07 22:27:32.361698,view,Downtown Dubai,1267876
31,585,2025-12-08 22:27:34.161387,view,JVC,838540
31,977,2025-12-09 22:27:32.188420,view,Palm Jumeirah,1781506
31,904,2025-12-12 22:27:34.990265,contact_agent,JVC,1115937
31,503,2025-12-14 22:27:33.265626,view,Marina,1062621
31,451,2025-12-14 22:27:33.423343,view,Business Bay,1188152
31,488,2025-12-15 22:27:36.088299,view,Downtown Dubai,1013313
31,134,2025-12-15 22:27:36.826108,view,JVC,1576941
31,434,2025-12-17 22:27:31.904226,view,JVC,681948
31,853,2025-12-18 22:27:32.176672,view,Marina,1284192
31,29,2025-12-19 22:27:33.140521,contact_agent,Downtown Dubai,779215
31,917,2025-12-19 22:27:33.501559,view,JVC,1635627
31,954,2025-12-19 22:27:35.334447,view,Downtown Dubai,1152755
31,37,2025-12-20 22:27:35.302649,view,Palm Jumeirah,1078688
31,46,2025-12-21 22:27:31.951629,view,JVC,788963
31,102,2025-12-23 22:27:36.495041,shortlist,Marina,975595
31,645,2025-12-24 22:27:32.552730,view,Marina,879039
31,982,2025-12-24 22:27:34.145735,view,Business Bay,1237090
31,67,2025-12-24 22:27:34.584161,view,Palm Jumeirah,1356047
31,158,2025-12-25 22:27:33.150269,view,JVC,1916828
31,118,2025-12-26 22:27:33.152270,view,Business Bay,1521469
32,655,2025-11-28 22:27:36.653111,view,Palm Jumeirah,1262371
32,904,2025-11-29 22:27:35.429279,view,JVC,1115937
32,297,2025-11-30 22:27:32.489720,shortlist,Marina,1697162
32,920,2025-11-30 22:27:34.316827,view,Palm Jumeirah,1084010
32,655,2025-12-02 22:27:34.066676,contact_agent,Palm Jumeirah,1262371
32,801,2025-12-03 22:27:33.603549,view,Business Bay,1186268
32,434,2025-12-04 22:27:32.923922,view,JVC,681948
32,36,2025-12-05 22:27:35.163349,view,Downtown Dubai,1916207
32,37,2025-12-08 22:27:34.192729,view,Palm Jumeirah,1078688
32,56,2025-12-11 22:27:35.961151,view,Palm Jumeirah,1527557
32,307,2025-12-14 22:27:35.147694,view,Marina,1219407
32,723,2025-12-16 22:27:34.927497,view,Palm Jumeirah,1969793
32,459,2025-12-16 22:27:35.366371,view,Marina,1437635
32,216,2025-12-22 22:27:35.523435,view,Palm Jumeirah,1369807
32,627,2025-12-23 22:27:32.592241,view,JVC,1415113
32,997,2025-12-24 22:27:34.769822,view,Marina,1334874
32,969,2025-12-24 22:27:36.749632,view,Marina,1511930
33,880,2025-11-29 22:27:34.035360,view,JVC,1883875
33,675,2025-12-01 22:27:37.026214,view,Business Bay,1797819
33,280,2025-12-02 22:27:32.200169,view,Downtown Dubai,970529
33,646,2025-12-02 22:27:33.407634,view,Marina,1028714
33,488,2025-12-03 22:27:32.483715,view,Downtown Dubai,1013313
33,922,2025-12-04 22:27:32.685978,view,JVC,1353392
33,914,2025-12-04 22:27:34.489983,shortlist,Business Bay,1323759
33,846,2025-12-07 22:27:35.507778,view,Business Bay,1920858
33,19,2025-12-08 22:27:32.377450,view,Palm Jumeirah,1324143
33,765,2025-12-09 22:27:33.908317,view,Downtown Dubai,1594316
33,536,2025-12-12 22:27:35.147694,view,JVC,1916842
33,527,2025-12-18 22:27:33.156274,view,Downtown Dubai,1337393
33,386,2025-12-18 22:27:35.977057,view,Business Bay,1102276
33,62,2025-12-23 22:27:33.782751,view,Marina,808449
33,978,2025-12-27 22:27:34.427263,view,Downtown Dubai,789134
34,768,2025-11-28 22:27:34.911693,view,JVC,1206673
34,135,2025-11-29 22:27:36.368381,shortlist,JVC,965982
34,967,2025-12-02 22:27:35.397725,view,JVC,1022154
34,773,2025-12-03 22:27:34.380201,view,JVC,1253494
34,413,2025-12-04 22:27:32.939586,view,Business Bay,841207
34,135,2025-12-06 22:27:32.454212,view,JVC,965982
34,130,2025-12-07 22:27:34.663539,view,JVC,739017
34,45,2025-12-08 22:27:32.923922,contact_agent,JVC,739968
34,632,2025-12-10 22:27:33.861224,view,Business Bay,792575
34,855,2025-12-10 22:27:35.760271,view,JVC,1101891
34,906,2025-12-10 22:27:36.198305,view,Business Bay,519477
34,413,2025-12-11 22:27:36.785620,contact_agent,Business Bay,841207
34,137,2025-12-12 22:27:36.526439,view,JVC,773146
34,916,2025-12-12 22:27:37.534493,view,JVC,631184
34,644,2025-12-14 22:27:34.832773,view,JVC,1176296
34,434,2025-12-17 22:27:32.031021,view,JVC,681948
34,801,2025-12-17 22:27:33.218442,view,Business Bay,1186268
34,967,2025-12-21 22:27:36.963350,contact_agent,JVC,1022154
34,451,2025-12-23 22:27:34.301091,view,Business Bay,1188152
34,338,2025-12-24 22:27:33.344050,view,JVC,876794
34,828,2025-12-24 22:27:35.993182,view,Business Bay,708859
35,701,2025-11-29 22:27:33.892633,view,Business Bay,1484156
35,773,2025-11-30 22:27:34.695292,view,JVC,1253494
35,957,2025-11-30 22:27:34.895998,view,Business Bay,1243088
35,434,2025-11-30 22:27:35.618659,view,JVC,681948
35,658,2025-12-03 22:27:37.309782,view,Business Bay,642980
35,343,2025-12-03 22:27:37.404545,view,JVC,1282877
35,632,2025-12-04 22:27:32.702049,view,Business Bay,792575
35,854,2025-12-04 22:27:34.679502,view,Business Bay,1420114
35,526,2025-12-04 22:27:37.246480,view,JVC,1078526
35,919,2025-12-05 22:27:33.109017,view,Business Bay,745300
35,70,2025-12-06 22:27:34.240200,contact_agent,Business Bay,1345474
35,545,2025-12-07 22:27:36.947409,view,JVC,1460652
35,319,2025-12-08 22:27:37.357047,view,Business Bay,1307744
35,914,2025-12-14 22:27:31.752574,view,Business Bay,1323759
35,922,2025-12-15 22:27:35.334447,view,JVC,1353392
35,615,2025-12-17 22:27:36.668888,view,JVC,1237954
35,42,2025-12-17 22:27:36.916072,view,JVC,1032726
35,472,2025-12-20 22:27:33.081318,view,JVC,718401
35,919,2025-12-22 22:27:32.078176,view,Business Bay,745300
35,914,2025-12-24 22:27:36.605705,view,Business Bay,1323759
35,561,2025-12-25 22:27:31.951629,contact_agent,JVC,1167540
35,413,2025-12-25 22:27:36.324648,view,Business Bay,841207
36,674,2025-11-28 22:27:37.089117,view,Downtown Dubai,1234275
36,78,2025-11-29 22:27:34.003657,view,JVC,794746
36,139,2025-11-29 22:27:34.895998,shortlist,Business Bay,1889330
36,999,2025-11-29 22:27:36.308994,view,Marina,1278799
36,886,2025-12-03 22:27:34.225051,view,JVC,1192924
36,583,2025-12-03 22:27:37.725098,view,Palm Jumeirah,618581
36,331,2025-12-04 22:27:32.509476,view,Palm Jumeirah,1115863
36,934,2025-12-05 22:27:33.501559,view,Marina,1888509
36,301,2025-12-07 22:27:36.874409,view,JVC,1173218
36,445,2025-12-08 22:27:32.078176,view,Palm Jumeirah,1838530
36,103,2025-12-08 22:27:32.986864,view,Downtown Dubai,1965744
36,343,2025-12-11 22:27:34.489983,view,JVC,1282877
36,530,2025-12-12 22:27:32.597986,view,Business Bay,1234983
36,703,2025-12-12 22:27:33.712495,view,Marina,1363659
36,905,2025-12-14 22:27:33.160814,view,Palm Jumeirah,1875607
36,32,2025-12-17 22:27:37.120546,shortlist,Downtown Dubai,773349
36,957,2025-12-18 22:27:33.407634,view,Business Bay,1243088
36,839,2025-12-18 22:27:35.587005,view,Palm Jumeirah,727189
36,199,2025-12-18 22:27:36.308994,contact_agent,Marina,1534586
36,905,2025-12-20 22:27:37.452898,view,Palm Jumeirah,1875607
36,162,2025-12-21 22:27:34.269269,view,Marina,785711
36,500,2025-12-21 22:27:34.395899,shortlist,Business Bay,954418
36,703,2025-12-21 22:27:35.449245,view,Marina,1363659
36,660,2025-12-24 22:27:37.835300,contact_agent,Marina,757354
37,741,2025-11-28 22:27:31.767594,view,JVC,781854
37,414,2025-11-28 22:27:34.145735,view,Palm Jumeirah,1730746
37,135,2025-11-28 22:27:36.842168,view,JVC,965982
37,416,2025-11-28 22:27:37.400934,view,Downtown Dubai,1092632
37,501,2025-11-29 22:27:36.794383,view,Palm Jumeirah,1972542
37,959,2025-11-30 22:27:33.281284,view,Downtown Dubai,559778
37,590,2025-12-02 22:27:32.955285,view,Palm Jumeirah,1372328
37,368,2025-12-05 22:27:33.548940,view,Business Bay,626060
37,453,2025-12-07 22:27:37.441051,view,Marina,1538336
37,500,2025-12-09 22:27:37.756564,view,Business Bay,954418
37,785,2025-12-13 22:27:32.426710,view,Business Bay,1128889
37,846,2025-12-16 22:27:32.812910,view,Business Bay,1920858
37,319,2025-12-16 22:27:36.352970,view,Business Bay,1307744
37,732,2025-12-19 22:27:37.278440,view,Marina,924528
37,727,2025-12-20 22:27:32.655167,view,JVC,1598657
37,917,2025-12-21 22:27:35.681524,contact_agent,JVC,1635627
38,991,2025-12-02 22:27:32.245688,view,Downtown Dubai,780833
38,495,2025-12-02 22:27:33.359702,view,Business Bay,1154224
38,795,2025-12-03 22:27:35.476419,view,JVC,1874073
38,472,2025-12-04 22:27:33.691849,contact_agent,JVC,718401
38,781,2025-12-05 22:27:36.901425,shortlist,Downtown Dubai,546002
38,254,2025-12-06 22:27:32.031021,shortlist,JVC,1701838
38,399,2025-12-09 22:27:36.916072,view,Downtown Dubai,1090381
38,655,2025-12-10 22:27:37.567539,view,Palm Jumeirah,1262371
38,993,2025-12-14 22:27:37.120546,view,JVC,1588963
38,354,2025-12-17 22:27:33.767085,contact_agent,Business Bay,667647
38,171,2025-12-17 22:27:34.848462,view,Marina,901067
38,957,2025-12-26 22:27:32.497727,view,Business Bay,1243088
39,941,2025-11-28 22:27:33.720913,view,JVC,1047219
39,277,2025-11-28 22:27:33.735638,view,Business Bay,606022
39,7,2025-11-28 22:27:34.489983,view,Business Bay,622775
39,177,2025-11-28 22:27:37.598447,view,Business Bay,1255111
39,323,2025-12-04 22:27:34.943153,view,JVC,517297
39,627,2025-12-08 22:27:32.530972,view,JVC,1415113
39,98,2025-12-10 22:27:35.523435,view,JVC,1127220
39,904,2025-12-10 22:27:35.791868,view,JVC,1115937
39,551,2025-12-11 22:27:34.019313,view,JVC,1255612
39,354,2025-12-14 22:27:34.427263,view,Business Bay,667647
39,967,2025-12-14 22:27:35.776109,view,JVC,1022154
39,319,2025-12-14 22:27:37.309782,view,Business Bay,1307744
39,802,2025-12-15 22:27:33.158275,view,JVC,1301955
39,585,2025-12-15 22:27:33.659495,contact_agent,JVC,838540
39,343,2025-12-15 22:27:37.819617,view,JVC,1282877
39,530,2025-12-17 22:27:32.046730,shortlist,Business Bay,1234983
39,768,2025-12-18 22:27:32.717827,view,JVC,1206673
39,319,2025-12-19 22:27:32.122325,view,Business Bay,1307744
39,9,2025-12-19 22:27:32.442462,view,JVC,914600
39,500,2025-12-19 22:27:32.505472,view,Business Bay,954418
39,914,2025-12-20 22:27:32.282936,view,Business Bay,1323759
39,967,2025-12-20 22:27:32.765914,shortlist,JVC,1022154
39,429,2025-12-26 22:27:35.069159,view,Business Bay,1135719
39,801,2025-12-26 22:27:36.024976,view,Business Bay,1186268
39,99,2025-12-26 22:27:36.293332,view,Business Bay,943316
39,386,2025-12-27 22:27:33.533259,contact_agent,Business Bay,1102276
39,701,2025-12-27 22:27:35.728604,view,Business Bay,1484156
40,287,2025-11-28 22:27:37.598447,view,Palm Jumeirah,1010370
40,640,2025-12-01 22:27:36.731523,view,Business Bay,1947947
40,695,2025-12-03 22:27:35.258429,view,JVC,1895285
40,674,2025-12-04 22:27:35.163349,view,Downtown Dubai,1234275
40,91,2025-12-04 22:27:37.921927,view,Downtown Dubai,1804766
40,927,2025-12-05 22:27:33.018245,view,Business Bay,1490029
40,171,2025-12-06 22:27:35.084845,view,Marina,901067
40,174,2025-12-06 22:27:36.135475,view,Palm Jumeirah,812023
40,137,2025-12-09 22:27:37.215116,view,JVC,773146
40,91,2025-12-13 22:27:31.999113,view,Downtown Dubai,1804766
40,792,2025-12-13 22:27:32.907836,view,Marina,691387
40,970,2025-12-27 22:27:36.874409,view,Palm Jumeirah,1579525
40,605,2025-12-27 22:27:37.372983,view,Downtown Dubai,1517481
41,785,2025-11-28 22:27:33.485903,view,Business Bay,1128889
41,115,2025-12-01 22:27:35.571323,view,Downtown Dubai,1221037
41,611,2025-12-02 22:27:32.986864,view,Downtown Dubai,1306564
41,46,2025-12-02 22:27:36.463705,view,JVC,788963
41,64,2025-12-03 22:27:32.152913,view,Marina,1033634
41,969,2025-12-06 22:27:34.269269,view,Marina,1511930
41,902,2025-12-06 22:27:34.785732,view,Downtown Dubai,625355
41,774,2025-12-08 22:27:32.278932,view,Marina,923177
41,195,2025-12-16 22:27:37.530238,view,Marina,770914
41,118,2025-12-17 22:27:32.141399,view,Business Bay,1521469
41,922,2025-12-18 22:27:33.548940,view,JVC,1353392
41,594,2025-12-18 22:27:35.460757,view,Downtown Dubai,1794315
41,287,2025-12-20 22:27:32.655167,view,Palm Jumeirah,1010370
41,525,2025-12-21 22:27:31.792106,view,Marina,941904
41,267,2025-12-22 22:27:34.848462,view,Palm Jumeirah,1872070
41,481,2025-12-23 22:27:32.733847,view,Palm Jumeirah,737199
41,828,2025-12-24 22:27:33.154272,shortlist,Business Bay,708859
41,330,2025-12-27 22:27:36.361190,view,JVC,1833572
42,82,2025-11-29 22:27:32.217923,view,Business Bay,4302177
42,790,2025-12-01 22:27:35.318583,view,Palm Jumeirah,3819151
42,822,2025-12-04 22:27:33.501559,contact_agent,JVC,4142693
42,369,2025-12-04 22:27:34.584161,view,Business Bay,4824848
42,469,2025-12-05 22:27:34.990265,view,Downtown Dubai,4231404
42,293,2025-12-08 22:27:32.434716,view,Marina,3325494
42,754,2025-12-09 22:27:35.945263,view,Downtown Dubai,4801400
42,432,2025-12-12 22:27:35.681524,view,Business Bay,3364140
42,285,2025-12-13 22:27:35.382062,view,JVC,4918909
42,949,2025-12-13 22:27:37.357047,view,Business Bay,4407129
42,136,2025-12-14 22:27:35.791868,shortlist,Downtown Dubai,3038568
42,961,2025-12-21 22:27:37.630182,view,JVC,3153528
42,116,2025-12-22 22:27:35.791868,view,Palm Jumeirah,3732244
42,136,2025-12-23 22:27:36.947409,view,Downtown Dubai,3038568
42,601,2025-12-24 22:27:33.612454,view,Marina,4155180
42,409,2025-12-24 22:27:36.368381,view,Palm Jumeirah,3194245
42,859,2025-12-25 22:27:36.637455,view,Downtown Dubai,3844250
42,96,2025-12-27 22:27:32.540980,view,Downtown Dubai,3176517
43,551,2025-11-29 22:27:32.046730,contact_agent,JVC,1255612
43,914,2025-11-30 22:27:34.695292,view,Business Bay,1323759
43,560,2025-12-02 22:27:35.037839,view,Marina,1896436
43,500,2025-12-04 22:27:33.281284,view,Business Bay,954418
43,4,2025-12-04 22:27:35.132012,view,JVC,1774634
43,768,2025-12-06 22:27:36.684542,view,JVC,1206673
43,22,2025-12-07 22:27:35.507778,contact_agent,Downtown Dubai,871616
43,950,2025-12-08 22:27:32.650042,view,Marina,595556
43,899,2025-12-09 22:27:35.258429,view,Downtown Dubai,763625
43,429,2025-12-12 22:27:32.923922,view,Business Bay,1135719
43,42,2025-12-14 22:27:33.328368,view,JVC,1032726
43,986,2025-12-16 22:27:37.183700,view,Marina,1277567
43,488,2025-12-17 22:27:35.132012,shortlist,Downtown Dubai,1013313
43,645,2025-12-17 22:27:35.318583,view,Marina,879039
43,123,2025-12-18 22:27:31.759195,view,JVC,963001
43,368,2025-12-18 22:27:35.744617,view,Business Bay,626060
43,781,2025-12-22 22:27:34.114079,view,Downtown Dubai,546002
43,292,2025-12-22 22:27:37.372983,view,Palm Jumeirah,708944
43,773,2025-12-23 22:27:32.015066,view,JVC,1253494
43,765,2025-12-24 22:27:37.151904,view,Downtown Dubai,1594316
43,723,2025-12-26 22:27:35.820151,view,Palm Jumeirah,1969793
43,906,2025-12-27 22:27:32.245688,contact_agent,Business Bay,519477
43,131,2025-12-27 22:27:36.842168,view,Marina,914994
43,459,2025-12-27 22:27:37.183700,view,Marina,1437635
44,745,2025-11-28 22:27:37.120546,view,Downtown Dubai,1985255
44,879,2025-11-30 22:27:35.302649,view,Marina,796063
44,627,2025-12-01 22:27:32.493723,view,JVC,1415113
44,166,2025-12-02 22:27:36.826108,view,Palm Jumeirah,1352746
44,960,2025-12-04 22:27:32.749764,shortlist,Business Bay,1594409
44,472,2025-12-04 22:27:35.444946,view,JVC,718401
44,91,2025-12-06 22:27:34.679502,view,Downtown Dubai,1804766
44,473,2025-12-07 22:27:36.447880,view,Downtown Dubai,1485132
44,455,2025-12-08 22:27:33.876909,view,Business Bay,1668932
44,354,2025-12-08 22:27:34.927497,view,Business Bay,667647
44,727,2025-12-08 22:27:36.605705,view,JVC,1598657
44,286,2025-12-09 22:27:34.192729,view,Business Bay,1184029
44,775,2025-12-09 22:27:34.489983,view,Palm Jumeirah,1142762
44,294,2025-12-10 22:27:32.143401,shortlist,Business Bay,1861303
44,472,2025-12-11 22:27:33.344050,view,JVC,718401
44,438,2025-12-12 22:27:33.675182,view,Palm Jumeirah,1453692
44,131,2025-12-12 22:27:37.661947,view,Marina,914994
44,632,2025-12-13 22:27:35.084845,view,Business Bay,792575
44,529,2025-12-15 22:27:34.003657,view,Palm Jumeirah,1314422
44,896,2025-12-16 22:27:32.574488,view,Marina,1208175
44,438,2025-12-16 22:27:34.584161,view,Palm Jumeirah,1453692
44,695,2025-12-18 22:27:32.955285,shortlist,JVC,1895285
44,646,2025-12-19 22:27:31.951629,view,Marina,1028714
44,896,2025-12-20 22:27:36.621360,contact_agent,Marina,1208175
44,195,2025-12-25 22:27:32.781570,view,Marina,770914
44,414,2025-12-27 22:27:32.198429,view,Palm Jumeirah,1730746
44,993,2025-12-27 22:27:34.616250,view,JVC,1588963
44,382,2025-12-27 22:27:36.341364,view,Downtown Dubai,1371522
45,728,2025-11-29 22:27:32.170667,view,Palm Jumeirah,1426215
45,282,2025-11-29 22:27:37.434345,shortlist,JVC,661445
45,551,2025-11-30 22:27:36.088299,view,JVC,1255612
45,330,2025-12-04 22:27:36.963350,view,JVC,1833572
45,439,2025-12-05 22:27:33.281284,view,Palm Jumeirah,717770
45,798,2025-12-06 22:27:34.192729,view,JVC,1924663
45,452,2025-12-09 22:27:33.876909,view,Downtown Dubai,902980
45,406,2025-12-09 22:27:36.277680,shortlist,Marina,1643647
45,301,2025-12-13 22:27:37.372983,view,JVC,1173218
45,222,2025-12-15 22:27:32.122325,view,Business Bay,1249971
45,775,2025-12-17 22:27:32.062391,view,Palm Jumeirah,1142762
45,174,2025-12-22 22:27:33.908317,view,Palm Jumeirah,812023
45,199,2025-12-23 22:27:37.183700,view,Marina,1534586
46,378,2025-11-29 22:27:33.002524,view,Palm Jumeirah,1062060
46,545,2025-11-29 22:27:35.163349,view,JVC,1460652
46,846,2025-11-30 22:27:36.947409,view,Business Bay,1920858
46,618,2025-11-30 22:27:37.167880,view,Palm Jumeirah,1179447
46,536,2025-12-02 22:27:36.653111,view,JVC,1916842
46,841,2025-12-03 22:27:32.288941,view,Marina,1968919
46,408,2025-12-05 22:27:35.334447,view,Marina,1916953
46,973,2025-12-06 22:27:32.765914,view,Downtown Dubai,1660117
46,923,2025-12-07 22:27:35.913508,shortlist,Palm Jumeirah,781696
46,529,2025-12-07 22:27:36.785620,view,Palm Jumeirah,1314422
46,973,2025-12-07 22:27:36.994837,view,Downtown Dubai,1660117
46,445,2025-12-07 22:27:37.693311,view,Palm Jumeirah,1838530
46,598,2025-12-08 22:27:32.939586,view,Marina,1789467
46,675,2025-12-10 22:27:36.384326,view,Business Bay,1797819
46,695,2025-12-12 22:27:31.951629,view,JVC,1895285
46,848,2025-12-12 22:27:37.921927,view,JVC,1945065
46,846,2025-12-13 22:27:34.019313,view,Business Bay,1920858
46,711,2025-12-13 22:27:35.179400,view,Marina,1607810
46,618,2025-12-14 22:27:32.168665,view,Palm Jumeirah,1179447
46,660,2025-12-14 22:27:33.423343,view,Marina,757354
46,356,2025-12-14 22:27:35.242661,shortlist,Marina,935477
46,392,2025-12-16 22:27:32.501469,shortlist,JVC,739779
46,765,2025-12-17 22:27:37.199358,view,Downtown Dubai,1594316
46,526,2025-12-18 22:27:37.471198,view,JVC,1078526
46,488,2025-12-20 22:27:35.913508,view,Downtown Dubai,1013313
46,416,2025-12-22 22:27:33.454680,view,Downtown Dubai,1092632
46,615,2025-12-22 22:27:34.911693,view,JVC,1237954
46,705,2025-12-22 22:27:36.810172,view,Business Bay,1703920
46,66,2025-12-24 22:27:37.341247,view,Marina,690237
46,177,2025-12-25 22:27:37.725098,view,Business Bay,1255111
46,413,2025-12-27 22:27:31.852727,view,Business Bay,841207
46,356,2025-12-27 22:27:35.681524,shortlist,Marina,935477
47,712,2025-12-02 22:27:35.866469,view,Business Bay,1312283
47,973,2025-12-04 22:27:37.278440,view,Downtown Dubai,1660117
47,334,2025-12-07 22:27:33.391650,view,JVC,1328791
47,298,2025-12-17 22:27:34.114079,view,Downtown Dubai,1546161
47,421,2025-12-17 22:27:36.874409,view,JVC,914299
47,487,2025-12-18 22:27:36.916072,view,Marina,1251518
47,798,2025-12-19 22:27:31.806921,view,JVC,1924663
47,145,2025-12-20 22:27:33.709386,view,Palm Jumeirah,577175
47,592,2025-12-20 22:27:34.442915,contact_agent,Business Bay,1858097
47,905,2025-12-20 22:27:36.463705,view,Palm Jumeirah,1875607
47,899,2025-12-21 22:27:34.880092,view,Downtown Dubai,763625
47,451,2025-12-23 22:27:32.334196,view,Business Bay,1188152
47,561,2025-12-23 22:27:36.056661,view,JVC,1167540
47,785,2025-12-24 22:27:36.384326,view,Business Bay,1128889
47,740,2025-12-27 22:27:32.237681,view,Palm Jumeirah,1192137
47,163,2025-12-27 22:27:36.384326,view,JVC,1623389
48,478,2025-11-28 22:27:32.491722,view,Business Bay,3181206
48,696,2025-11-28 22:27:35.776109,view,Downtown Dubai,3422705
48,136,2025-11-29 22:27:32.367703,view,Downtown Dubai,3038568
48,528,2025-11-29 22:27:37.630182,view,Downtown Dubai,3845503
48,81,2025-12-01 22:27:34.647560,view,Palm Jumeirah,4257985
48,223,2025-12-01 22:27:37.294126,view,Palm Jumeirah,3093659
48,766,2025-12-04 22:27:34.761621,view,Palm Jumeirah,4800915
48,543,2025-12-04 22:27:37.104894,view,Marina,4141771
48,281,2025-12-08 22:27:33.407634,view,Business Bay,3483516
48,261,2025-12-08 22:27:33.782751,view,Downtown Dubai,3155982
48,352,2025-12-08 22:27:34.145735,view,Palm Jumeirah,3979027
48,144,2025-12-10 22:27:32.078176,view,JVC,3783616
48,940,2025-12-10 22:27:33.548940,view,JVC,4536405
48,165,2025-12-13 22:27:34.505647,view,Palm Jumeirah,3831106
48,818,2025-12-15 22:27:34.427263,view,Downtown Dubai,3022620
48,564,2025-12-17 22:27:37.646283,view,JVC,3482410
48,542,2025-12-18 22:27:35.776109,view,Downtown Dubai,4430010
48,766,2025-12-18 22:27:35.945263,view,Palm Jumeirah,4800915
48,691,2025-12-20 22:27:37.677650,view,Marina,3730431
48,420,2025-12-21 22:27:37.756564,view,Downtown Dubai,4370426
48,726,2025-12-22 22:27:33.533259,view,JVC,3701473
48,205,2025-12-23 22:27:35.507778,view,Palm Jumeirah,4657137
48,290,2025-12-23 22:27:35.555661,view,JVC,4499694
48,291,2025-12-27 22:27:34.631909,view,Palm Jumeirah,3808505
49,413,2025-11-30 22:27:33.359702,view,Business Bay,841207
49,854,2025-12-02 22:27:33.675182,view,Business Bay,1420114
49,254,2025-12-04 22:27:35.719527,view,JVC,1701838
49,674,2025-12-05 22:27:32.078176,view,Downtown Dubai,1234275
49,414,2025-12-05 22:27:33.956201,view,Palm Jumeirah,1730746
49,718,2025-12-07 22:27:37.183700,view,Downtown Dubai,1849590
49,991,2025-12-08 22:27:32.717827,shortlist,Downtown Dubai,780833
49,132,2025-12-09 22:27:34.051015,view,Business Bay,1441768
49,123,2025-12-09 22:27:34.316827,view,JVC,963001
49,830,2025-12-12 22:27:34.225051,view,Business Bay,545475
49,166,2025-12-13 22:27:37.010531,view,Palm Jumeirah,1352746
49,324,2025-12-14 22:27:32.640662,view,JVC,1288443
49,788,2025-12-16 22:27:35.005977,view,Downtown Dubai,1425779
49,510,2025-12-17 22:27:37.851374,view,Marina,1656083
49,321,2025-12-20 22:27:35.053501,view,Downtown Dubai,1199539
49,916,2025-12-20 22:27:36.368381,view,JVC,631184
49,36,2025-12-21 22:27:33.845565,view,Downtown Dubai,1916207
49,526,2025-12-22 22:27:35.226970,view,JVC,1078526
49,368,2025-12-24 22:27:33.612454,contact_agent,Business Bay,626060
49,438,2025-12-27 22:27:37.057747,view,Palm Jumeirah,1453692
50,598,2025-11-28 22:27:35.507778,view,Marina,1789467
50,695,2025-11-29 22:27:36.432216,shortlist,JVC,1895285
50,905,2025-11-30 22:27:33.218442,view,Palm Jumeirah,1875607
50,703,2025-12-02 22:27:34.458603,view,Marina,1363659
50,130,2025-12-03 22:27:34.743408,view,JVC,739017
50,990,2025-12-04 22:27:32.955285,shortlist,Downtown Dubai,551707
50,598,2025-12-04 22:27:33.475646,contact_agent,Marina,1789467
50,139,2025-12-04 22:27:36.277680,view,Business Bay,1889330
50,627,2025-12-04 22:27:37.582497,shortlist,JVC,1415113
50,134,2025-12-05 22:27:33.471905,view,JVC,1576941
50,421,2025-12-09 22:27:33.160814,view,JVC,914299
50,431,2025-12-12 22:27:32.106726,view,Downtown Dubai,1308258
50,277,2025-12-14 22:27:32.078176,shortlist,Business Bay,606022
50,768,2025-12-14 22:27:37.945719,view,JVC,1206673
50,902,2025-12-15 22:27:34.785732,view,Downtown Dubai,625355
50,870,2025-12-16 22:27:35.460757,view,Palm Jumeirah,542291
50,973,2025-12-17 22:27:32.670306,view,Downtown Dubai,1660117
50,870,2025-12-17 22:27:33.924257,view,Palm Jumeirah,542291
50,905,2025-12-18 22:27:37.835300,view,Palm Jumeirah,1875607
50,826,2025-12-20 22:27:31.888534,view,JVC,1895796
50,69,2025-12-21 22:27:32.481975,view,Marina,1906368
50,599,2025-12-21 22:27:34.035360,view,Downtown Dubai,664074
50,321,2025-12-22 22:27:36.056661,view,Downtown Dubai,1199539
50,983,2025-12-23 22:27:33.439002,view,Business Bay,1414565
50,78,2025-12-25 22:27:36.794383,view,JVC,794746
51,78,2025-11-28 22:27:33.202628,view,JVC,794746
51,801,2025-12-01 22:27:36.810172,view,Business Bay,1186268
51,197,2025-12-02 22:27:36.947409,view,Business Bay,862455
51,413,2025-12-04 22:27:37.073407,view,Business Bay,841207
51,45,2025-12-06 22:27:33.049967,view,JVC,739968
51,957,2025-12-09 22:27:31.967677,view,Business Bay,1243088
51,632,2025-12-10 22:27:33.861224,view,Business Bay,792575
51,556,2025-12-13 22:27:33.861224,view,Business Bay,785622
51,45,2025-12-14 22:27:36.931724,view,JVC,739968
51,500,2025-12-16 22:27:32.353952,view,Business Bay,954418
51,735,2025-12-16 22:27:33.659495,view,Business Bay,1112181
51,98,2025-12-17 22:27:35.618659,view,JVC,1127220
51,130,2025-12-20 22:27:32.781570,view,JVC,739017
51,282,2025-12-22 22:27:37.788279,view,JVC,661445
51,324,2025-12-27 22:27:34.647560,shortlist,JVC,1288443
51,434,2025-12-27 22:27:37.341247,view,JVC,681948
52,919,2025-12-08 22:27:35.069159,view,Business Bay,745300
52,967,2025-12-08 22:27:37.278440,view,JVC,1022154
52,343,2025-12-09 22:27:34.301091,view,JVC,1282877
52,906,2025-12-14 22:27:35.274920,view,Business Bay,519477
52,862,2025-12-18 22:27:34.880092,view,Business Bay,1037977
52,904,2025-12-21 22:27:33.924257,view,JVC,1115937
52,186,2025-12-26 22:27:32.590240,view,Business Bay,588668
53,350,2025-11-28 22:27:33.218442,view,Marina,1836092
53,177,2025-11-28 22:27:35.492085,view,Business Bay,1255111
53,977,2025-11-30 22:27:32.844287,view,Palm Jumeirah,1781506
53,294,2025-11-30 22:27:35.665778,view,Business Bay,1861303
53,791,2025-12-04 22:27:32.202171,view,Palm Jumeirah,725391
53,854,2025-12-05 22:27:37.183700,view,Business Bay,1420114
53,699,2025-12-06 22:27:34.762652,view,Business Bay,1906978
53,781,2025-12-08 22:27:34.035360,view,Downtown Dubai,546002
53,991,2025-12-09 22:27:32.859951,view,Downtown Dubai,780833
53,166,2025-12-09 22:27:35.005977,view,Palm Jumeirah,1352746
53,599,2025-12-12 22:27:32.078176,view,Downtown Dubai,664074
53,640,2025-12-12 22:27:33.101011,shortlist,Business Bay,1947947
53,969,2025-12-13 22:27:37.788279,view,Marina,1511930
53,617,2025-12-14 22:27:33.735638,view,Business Bay,1207173
53,298,2025-12-18 22:27:32.147404,shortlist,Downtown Dubai,1546161
53,586,2025-12-20 22:27:36.495041,view,Downtown Dubai,1001590
53,69,2025-12-21 22:27:36.072321,view,Marina,1906368
53,916,2025-12-22 22:27:35.618659,view,JVC,631184
53,280,2025-12-22 22:27:35.744617,view,Downtown Dubai,970529
53,7,2025-12-24 22:27:35.523435,view,Business Bay,622775
53,527,2025-12-24 22:27:35.897847,contact_agent,Downtown Dubai,1337393
53,472,2025-12-24 22:27:37.425065,view,JVC,718401
54,718,2025-11-28 22:27:37.151904,view,Downtown Dubai,1849590
54,413,2025-11-29 22:27:32.828631,view,Business Bay,841207
54,841,2025-12-01 22:27:34.711013,view,Marina,1968919
54,732,2025-12-02 22:27:31.983449,view,Marina,924528
54,709,2025-12-04 22:27:33.612454,view,Palm Jumeirah,1656618
54,982,2025-12-08 22:27:33.296938,view,Business Bay,1237090
54,318,2025-12-12 22:27:31.792106,view,Palm Jumeirah,568803
54,658,2025-12-15 22:27:31.851692,view,Business Bay,642980
54,699,2025-12-15 22:27:36.277680,view,Business Bay,1906978
54,221,2025-12-15 22:27:37.246480,view,Business Bay,1869277
54,42,2025-12-17 22:27:31.806921,view,JVC,1032726
54,619,2025-12-18 22:27:36.166955,view,Marina,1561404
54,227,2025-12-19 22:27:36.447880,view,Downtown Dubai,1842057
54,456,2025-12-19 22:27:36.931724,view,Downtown Dubai,1949087
54,740,2025-12-20 22:27:32.483715,contact_agent,Palm Jumeirah,1192137
54,896,2025-12-22 22:27:36.261867,view,Marina,1208175
54,98,2025-12-24 22:27:35.005977,view,JVC,1127220
54,997,2025-12-24 22:27:35.866469,view,Marina,1334874
54,115,2025-12-27 22:27:34.911693,shortlist,Downtown Dubai,1221037
55,153,2025-11-28 22:27:34.726781,view,Marina,663834
55,445,2025-12-01 22:27:37.073407,view,Palm Jumeirah,1838530
55,960,2025-12-02 22:27:32.907836,view,Business Bay,1594409
55,452,2025-12-02 22:27:36.277680,view,Downtown Dubai,902980
55,991,2025-12-03 22:27:33.202628,view,Downtown Dubai,780833
55,660,2025-12-04 22:27:35.429279,view,Marina,757354
55,155,2025-12-05 22:27:33.249970,view,Downtown Dubai,1729787
55,439,2025-12-05 22:27:37.151904,view,Palm Jumeirah,717770
55,431,2025-12-05 22:27:37.357047,shortlist,Downtown Dubai,1308258
55,321,2025-12-09 22:27:36.432216,view,Downtown Dubai,1199539
55,788,2025-12-10 22:27:32.208176,view,Downtown Dubai,1425779
55,718,2025-12-11 22:27:31.792106,view,Downtown Dubai,1849590
55,771,2025-12-11 22:27:32.108792,view,Downtown Dubai,1661068
55,792,2025-12-11 22:27:35.665778,view,Marina,691387
55,677,2025-12-12 22:27:36.542092,view,Downtown Dubai,1098506
55,941,2025-12-15 22:27:35.835614,contact_agent,JVC,1047219
55,771,2025-12-16 22:27:33.281284,view,Downtown Dubai,1661068
55,392,2025-12-16 22:27:37.246480,view,JVC,739779
55,476,2025-12-17 22:27:35.069159,view,Palm Jumeirah,963937
55,4,2025-12-24 22:27:36.684542,view,JVC,1774634
55,643,2025-12-25 22:27:32.078176,view,Downtown Dubai,1998339
55,855,2025-12-25 22:27:35.366371,view,JVC,1101891
55,950,2025-12-26 22:27:32.485717,view,Marina,595556
55,128,2025-12-26 22:27:34.801395,view,Palm Jumeirah,1015693
55,709,2025-12-27 22:27:32.527230,view,Palm Jumeirah,1656618
55,14,2025-12-27 22:27:34.895998,view,JVC,1948763
56,368,2025-12-01 22:27:31.856924,view,Business Bay,626060
56,904,2025-12-01 22:27:33.612454,view,JVC,1115937
56,286,2025-12-02 22:27:35.523435,view,Business Bay,1184029
56,9,2025-12-03 22:27:33.018245,view,JVC,914600
56,495,2025-12-04 22:27:37.451241,view,Business Bay,1154224
56,386,2025-12-07 22:27:34.035360,view,Business Bay,1102276
56,712,2025-12-08 22:27:37.693311,view,Business Bay,1312283
56,323,2025-12-09 22:27:32.907836,view,JVC,517297
56,828,2025-12-10 22:27:35.993182,view,Business Bay,708859
56,197,2025-12-18 22:27:34.711013,view,Business Bay,862455
56,741,2025-12-18 22:27:35.492085,view,JVC,781854
56,474,2025-12-18 22:27:36.668888,view,JVC,659292
56,658,2025-12-19 22:27:37.598447,view,Business Bay,642980
56,45,2025-12-21 22:27:33.112759,contact_agent,JVC,739968
57,778,2025-12-01 22:27:36.857851,view,Palm Jumeirah,1706184
57,321,2025-12-02 22:27:35.413489,view,Downtown Dubai,1199539
57,811,2025-12-03 22:27:31.919915,view,Marina,637686
57,959,2025-12-03 22:27:35.712920,contact_agent,Downtown Dubai,559778
57,745,2025-12-03 22:27:37.167880,view,Downtown Dubai,1985255
57,298,2025-12-03 22:27:37.941418,view,Downtown Dubai,1546161
57,619,2025-12-04 22:27:32.046730,view,Marina,1561404
57,848,2025-12-07 22:27:32.876025,view,JVC,1945065
57,282,2025-12-10 22:27:33.892633,view,JVC,661445
57,982,2025-12-11 22:27:33.691849,view,Business Bay,1237090
57,788,2025-12-11 22:27:35.492085,view,Downtown Dubai,1425779
57,655,2025-12-13 22:27:34.269269,view,Palm Jumeirah,1262371
57,70,2025-12-14 22:27:34.663539,contact_agent,Business Bay,1345474
57,986,2025-12-14 22:27:37.428292,view,Marina,1277567
57,162,2025-12-15 22:27:34.082338,view,Marina,785711
57,841,2025-12-16 22:27:32.601990,view,Marina,1968919
57,275,2025-12-16 22:27:37.026214,view,Downtown Dubai,1356626
57,985,2025-12-18 22:27:34.114079,view,Marina,1552425
57,668,2025-12-18 22:27:34.395899,view,Marina,808617
57,451,2025-12-19 22:27:32.015066,view,Business Bay,1188152
57,939,2025-12-19 22:27:36.479360,shortlist,Downtown Dubai,983455
57,833,2025-12-20 22:27:37.803964,view,JVC,1599577
57,431,2025-12-21 22:27:33.065626,view,Downtown Dubai,1308258
57,651,2025-12-21 22:27:37.614489,view,JVC,1278883
57,905,2025-12-23 22:27:33.186876,view,Palm Jumeirah,1875607
57,914,2025-12-24 22:27:34.832773,contact_agent,Business Bay,1323759
57,678,2025-12-24 22:27:35.211244,view,JVC,1056718
57,782,2025-12-27 22:27:32.546725,contact_agent,Palm Jumeirah,1215339
57,741,2025-12-27 22:27:36.368381,view,JVC,781854
57,839,2025-12-27 22:27:36.857851,view,Palm Jumeirah,727189
58,64,2025-11-29 22:27:34.097995,view,Marina,1033634
58,919,2025-11-29 22:27:36.621360,view,Business Bay,745300
58,445,2025-12-01 22:27:35.226970,view,Palm Jumeirah,1838530
58,240,2025-12-04 22:27:35.929596,view,Business Bay,692512
58,660,2025-12-05 22:27:37.026214,view,Marina,757354
58,222,2025-12-06 22:27:33.407634,view,Business Bay,1249971
58,687,2025-12-08 22:27:34.003657,view,Marina,768083
58,416,2025-12-08 22:27:35.069159,contact_agent,Downtown Dubai,1092632
58,765,2025-12-10 22:27:32.062391,view,Downtown Dubai,1594316
58,905,2025-12-13 22:27:34.631909,view,Palm Jumeirah,1875607
58,138,2025-12-23 22:27:32.564479,contact_agent,Downtown Dubai,1664795
58,648,2025-12-23 22:27:32.649015,view,Marina,1052439
58,560,2025-12-25 22:27:35.382062,view,Marina,1896436
58,131,2025-12-27 22:27:31.806921,view,Marina,914994
59,795,2025-11-30 22:27:35.053501,view,JVC,1874073
59,148,2025-12-04 22:27:34.332736,view,Downtown Dubai,1857453
59,680,2025-12-04 22:27:34.958835,view,Downtown Dubai,852414
59,282,2025-12-04 22:27:35.413489,view,JVC,661445
59,676,2025-12-07 22:27:32.363700,view,JVC,1534186
59,545,2025-12-07 22:27:32.955285,view,JVC,1460652
59,967,2025-12-08 22:27:34.974549,view,JVC,1022154
59,172,2025-12-08 22:27:36.040977,contact_agent,Marina,960796
59,699,2025-12-09 22:27:33.034256,view,Business Bay,1906978
59,227,2025-12-10 22:27:36.182615,view,Downtown Dubai,1842057
59,85,2025-12-10 22:27:37.740841,view,Marina,623950
59,186,2025-12-12 22:27:36.857851,contact_agent,Business Bay,588668
59,173,2025-12-13 22:27:36.751635,view,Palm Jumeirah,1504001
59,386,2025-12-15 22:27:31.830802,view,Business Bay,1102276
59,651,2025-12-18 22:27:33.391650,view,JVC,1278883
59,174,2025-12-20 22:27:37.740841,view,Palm Jumeirah,812023
59,419,2025-12-22 22:27:36.103957,view,Downtown Dubai,1662189
59,828,2025-12-27 22:27:32.094821,view,Business Bay,708859
59,723,2025-12-27 22:27:35.163349,shortlist,Palm Jumeirah,1969793
60,78,2025-11-29 22:27:33.892633,view,JVC,794746
60,438,2025-11-30 22:27:32.507474,view,Palm Jumeirah,1453692
60,134,2025-12-01 22:27:35.650122,view,JVC,1576941
60,644,2025-12-04 22:27:37.936629,view,JVC,1176296
60,411,2025-12-05 22:27:35.116356,view,Palm Jumeirah,921280
60,362,2025-12-07 22:27:32.576489,view,Marina,1286261
60,808,2025-12-07 22:27:34.411577,view,Palm Jumeirah,647745
60,286,2025-12-10 22:27:33.782751,view,Business Bay,1184029
60,633,2025-12-10 22:27:35.993182,view,Palm Jumeirah,1959700
60,311,2025-12-11 22:27:36.166955,view,Palm Jumeirah,828821
60,334,2025-12-13 22:27:32.717827,view,JVC,1328791
60,853,2025-12-14 22:27:34.785732,shortlist,Marina,1284192
60,841,2025-12-16 22:27:32.554732,view,Marina,1968919
60,712,2025-12-17 22:27:33.659495,view,Business Bay,1312283
60,213,2025-12-17 22:27:36.979040,view,Business Bay,1853324
60,480,2025-12-19 22:27:33.312669,view,Palm Jumeirah,687771
60,294,2025-12-19 22:27:36.166955,view,Business Bay,1861303
60,468,2025-12-20 22:27:32.552730,view,Downtown Dubai,1797991
60,969,2025-12-20 22:27:36.558079,view,Marina,1511930
60,173,2025-12-23 22:27:34.958835,view,Palm Jumeirah,1504001
60,699,2025-12-24 22:27:31.761197,view,Business Bay,1906978
60,742,2025-12-24 22:27:33.202628,view,Marina,1160327
60,135,2025-12-26 22:27:32.765914,view,JVC,965982
61,817,2025-11-30 22:27:32.523226,view,Business Bay,549976
61,922,2025-11-30 22:27:32.797257,view,JVC,1353392
61,769,2025-12-03 22:27:36.040977,view,JVC,1301849
61,413,2025-12-06 22:27:32.119139,view,Business Bay,841207
61,906,2025-12-07 22:27:35.810089,view,Business Bay,519477
61,526,2025-12-09 22:27:34.817087,view,JVC,1078526
61,922,2025-12-10 22:27:32.812910,view,JVC,1353392
61,678,2025-12-11 22:27:33.049967,view,JVC,1056718
61,526,2025-12-12 22:27:32.717827,contact_agent,JVC,1078526
61,42,2025-12-12 22:27:33.218442,view,JVC,1032726
61,634,2025-12-15 22:27:33.218442,view,JVC,529336
61,922,2025-12-20 22:27:33.034256,view,JVC,1353392
61,343,2025-12-21 22:27:32.118106,view,JVC,1282877
61,324,2025-12-21 22:27:35.507778,view,JVC,1288443
61,286,2025-12-22 22:27:33.720913,view,Business Bay,1184029
61,801,2025-12-23 22:27:34.489983,view,Business Bay,1186268
61,354,2025-12-24 22:27:37.565681,view,Business Bay,667647
61,667,2025-12-25 22:27:33.034256,view,JVC,1264265
61,741,2025-12-27 22:27:37.444050,view,JVC,781854
62,168,2025-11-28 22:27:32.286939,view,Palm Jumeirah,1476433
62,545,2025-12-01 22:27:33.439002,view,JVC,1460652
62,153,2025-12-01 22:27:35.318583,view,Marina,663834
62,687,2025-12-02 22:27:36.135475,view,Marina,768083
62,50,2025-12-05 22:27:32.363700,shortlist,Marina,1019165
62,597,2025-12-05 22:27:36.874009,view,Palm Jumeirah,1858311
62,163,2025-12-07 22:27:33.138520,contact_agent,JVC,1623389
62,986,2025-12-08 22:27:33.548940,view,Marina,1277567
62,275,2025-12-10 22:27:34.208482,view,Downtown Dubai,1356626
62,960,2025-12-10 22:27:37.661947,view,Business Bay,1594409
62,282,2025-12-13 22:27:34.051015,view,JVC,661445
62,788,2025-12-15 22:27:34.631909,view,Downtown Dubai,1425779
62,765,2025-12-19 22:27:34.552797,view,Downtown Dubai,1594316
62,343,2025-12-19 22:27:37.614489,view,JVC,1282877
62,456,2025-12-22 22:27:34.035360,view,Downtown Dubai,1949087
62,667,2025-12-22 22:27:35.603000,view,JVC,1264265
62,803,2025-12-23 22:27:31.935927,view,JVC,1611009
62,817,2025-12-23 22:27:32.210177,view,Business Bay,549976
63,581,2025-11-28 22:27:33.473906,view,Downtown Dubai,791464
63,896,2025-11-29 22:27:33.156274,view,Marina,1208175
63,412,2025-11-30 22:27:33.735638,view,Palm Jumeirah,1409245
63,476,2025-12-02 22:27:34.695292,view,Palm Jumeirah,963937
63,738,2025-12-05 22:27:32.412959,view,JVC,639227
63,71,2025-12-06 22:27:37.661947,view,Downtown Dubai,1724744
63,900,2025-12-11 22:27:36.510741,view,Palm Jumeirah,1342840
63,309,2025-12-16 22:27:34.974549,view,Palm Jumeirah,837913
63,632,2025-12-17 22:27:32.194425,view,Business Bay,792575
63,222,2025-12-18 22:27:35.037839,view,Business Bay,1249971
63,135,2025-12-18 22:27:36.024976,view,JVC,965982
63,560,2025-12-20 22:27:33.218442,view,Marina,1896436
63,37,2025-12-21 22:27:32.717827,view,Palm Jumeirah,1078688
63,354,2025-12-21 22:27:33.767085,view,Business Bay,667647
63,425,2025-12-21 22:27:34.225051,contact_agent,Marina,625438
63,103,2025-12-21 22:27:37.431915,view,Downtown Dubai,1965744
63,916,2025-12-22 22:27:34.237110,view,JVC,631184
63,950,2025-12-24 22:27:31.967677,view,Marina,595556
64,78,2025-11-28 22:27:33.423343,view,JVC,794746
64,916,2025-11-30 22:27:36.510741,view,JVC,631184
64,37,2025-12-03 22:27:35.211244,view,Palm Jumeirah,1078688
64,163,2025-12-04 22:27:37.936629,view,JVC,1623389
64,413,2025-12-06 22:27:35.037839,view,Business Bay,841207
64,487,2025-12-11 22:27:34.442915,view,Marina,1251518
64,307,2025-12-11 22:27:35.460757,view,Marina,1219407
64,658,2025-12-17 22:27:36.884894,view,Business Bay,642980
64,983,2025-12-20 22:27:36.605705,view,Business Bay,1414565
64,718,2025-12-25 22:27:32.670306,view,Downtown Dubai,1849590
65,163,2025-11-29 22:27:35.147694,view,JVC,1623389
65,611,2025-11-30 22:27:37.073407,view,Downtown Dubai,1306564
65,3,2025-12-01 22:27:32.717827,view,Downtown Dubai,1450162
65,581,2025-12-02 22:27:36.495041,view,Downtown Dubai,791464
65,768,2025-12-02 22:27:36.510741,view,JVC,1206673
65,307,2025-12-03 22:27:35.697261,contact_agent,Marina,1219407
65,561,2025-12-04 22:27:36.400390,view,JVC,1167540
65,969,2025-12-04 22:27:37.819617,view,Marina,1511930
65,701,2025-12-05 22:27:36.842168,view,Business Bay,1484156
65,222,2025-12-05 22:27:37.835300,view,Business Bay,1249971
65,439,2025-12-07 22:27:32.200169,view,Palm Jumeirah,717770
65,331,2025-12-08 22:27:34.269269,view,Palm Jumeirah,1115863
65,173,2025-12-09 22:27:35.350476,view,Palm Jumeirah,1504001
65,421,2025-12-10 22:27:34.380201,view,JVC,914299
65,581,2025-12-13 22:27:35.492085,view,Downtown Dubai,791464
65,280,2025-12-14 22:27:33.987977,view,Downtown Dubai,970529
65,581,2025-12-15 22:27:36.700206,view,Downtown Dubai,791464
65,798,2025-12-17 22:27:33.391650,view,JVC,1924663
65,977,2025-12-18 22:27:34.177072,view,Palm Jumeirah,1781506
65,651,2025-12-20 22:27:33.643839,view,JVC,1278883
65,536,2025-12-20 22:27:36.384326,view,JVC,1916842
65,705,2025-12-23 22:27:33.940169,view,Business Bay,1703920
65,473,2025-12-23 22:27:34.616250,view,Downtown Dubai,1485132
65,778,2025-12-23 22:27:34.817087,contact_agent,Palm Jumeirah,1706184
65,782,2025-12-24 22:27:33.612454,shortlist,Palm Jumeirah,1215339
65,320,2025-12-24 22:27:36.700206,view,JVC,1248736
65,874,2025-12-26 22:27:33.423343,view,Marina,1208672
66,199,2025-11-30 22:27:32.345945,view,Marina,1534586
66,36,2025-12-01 22:27:32.062391,view,Downtown Dubai,1916207
66,386,2025-12-03 22:27:32.280934,view,Business Bay,1102276
66,294,2025-12-03 22:27:33.328368,view,Business Bay,1861303
66,556,2025-12-05 22:27:35.179400,view,Business Bay,785622
66,634,2025-12-05 22:27:36.009292,view,JVC,529336
66,32,2025-12-08 22:27:33.187991,view,Downtown Dubai,773349
66,479,2025-12-09 22:27:31.935927,view,Marina,1692097
66,139,2025-12-09 22:27:32.609736,view,Business Bay,1889330
66,338,2025-12-11 22:27:32.765914,view,JVC,876794
66,338,2025-12-13 22:27:31.951629,view,JVC,876794
66,658,2025-12-13 22:27:33.183792,contact_agent,Business Bay,642980
66,643,2025-12-14 22:27:33.034256,view,Downtown Dubai,1998339
66,957,2025-12-16 22:27:32.550728,view,Business Bay,1243088
66,841,2025-12-20 22:27:33.628134,view,Marina,1968919
66,862,2025-12-22 22:27:37.388784,view,Business Bay,1037977
66,453,2025-12-23 22:27:37.567539,view,Marina,1538336
66,925,2025-12-24 22:27:35.100507,view,Downtown Dubai,1690456
66,658,2025-12-25 22:27:32.031021,view,Business Bay,642980
66,960,2025-12-26 22:27:34.316827,view,Business Bay,1594409
67,640,2025-11-29 22:27:32.046730,view,Business Bay,1947947
67,145,2025-11-30 22:27:37.485067,view,Palm Jumeirah,577175
67,590,2025-12-01 22:27:31.904226,view,Palm Jumeirah,1372328
67,735,2025-12-01 22:27:32.923922,view,Business Bay,1112181
67,608,2025-12-01 22:27:33.202628,view,JVC,1605710
67,303,2025-12-03 22:27:35.179400,view,Downtown Dubai,1103291
67,828,2025-12-07 22:27:35.258429,view,Business Bay,708859
67,148,2025-12-07 22:27:36.198305,view,Downtown Dubai,1857453
67,158,2025-12-07 22:27:37.630182,shortlist,JVC,1916828
67,419,2025-12-11 22:27:33.987977,view,Downtown Dubai,1662189
67,431,2025-12-12 22:27:31.919915,contact_agent,Downtown Dubai,1308258
67,473,2025-12-12 22:27:33.249970,view,Downtown Dubai,1485132
67,91,2025-12-12 22:27:33.708351,view,Downtown Dubai,1804766
67,902,2025-12-13 22:27:37.246480,view,Downtown Dubai,625355
67,846,2025-12-14 22:27:37.677650,view,Business Bay,1920858
67,213,2025-12-15 22:27:32.781570,view,Business Bay,1853324
67,16,2025-12-15 22:27:34.552797,view,Marina,1756715
67,102,2025-12-18 22:27:36.901425,view,Marina,975595
67,687,2025-12-24 22:27:32.062391,view,Marina,768083
67,677,2025-12-25 22:27:35.929596,view,Downtown Dubai,1098506
67,474,2025-12-25 22:27:36.245845,view,JVC,659292
68,830,2025-11-29 22:27:33.720913,view,Business Bay,545475
68,197,2025-11-29 22:27:36.072321,view,Business Bay,862455
68,132,2025-11-30 22:27:36.151287,view,Business Bay,1441768
68,277,2025-12-02 22:27:37.151904,view,Business Bay,606022
68,70,2025-12-03 22:27:36.479360,view,Business Bay,1345474
68,817,2025-12-04 22:27:33.908317,view,Business Bay,549976
68,904,2025-12-04 22:27:34.332736,view,JVC,1115937
68,957,2025-12-05 22:27:34.395899,contact_agent,Business Bay,1243088
68,343,2025-12-05 22:27:35.274920,view,JVC,1282877
68,670,2025-12-06 22:27:32.702049,view,JVC,1244748
68,319,2025-12-06 22:27:34.801395,view,Business Bay,1307744
68,338,2025-12-07 22:27:33.184821,view,JVC,876794
68,967,2025-12-09 22:27:32.749764,view,JVC,1022154
68,99,2025-12-09 22:27:37.894581,view,Business Bay,943316
68,854,2025-12-11 22:27:35.728604,view,Business Bay,1420114
68,906,2025-12-12 22:27:32.621746,view,Business Bay,519477
68,392,2025-12-12 22:27:35.053501,view,JVC,739779
68,802,2025-12-12 22:27:35.507778,view,JVC,1301955
68,556,2025-12-15 22:27:32.406954,view,Business Bay,785622
68,712,2025-12-22 22:27:31.856924,view,Business Bay,1312283
68,530,2025-12-22 22:27:35.634416,view,Business Bay,1234983
68,941,2025-12-23 22:27:35.835614,view,JVC,1047219
68,392,2025-12-24 22:27:33.612454,contact_agent,JVC,739779
68,7,2025-12-24 22:27:33.675182,view,Business Bay,622775
69,130,2025-11-28 22:27:33.908317,view,JVC,739017
69,343,2025-11-29 22:27:36.072321,view,JVC,1282877
69,530,2025-11-30 22:27:35.744617,view,Business Bay,1234983
69,413,2025-12-02 22:27:33.328368,view,Business Bay,841207
69,282,2025-12-02 22:27:33.643839,view,JVC,661445
69,197,2025-12-05 22:27:32.387459,view,Business Bay,862455
69,906,2025-12-05 22:27:34.832773,view,Business Bay,519477
69,785,2025-12-05 22:27:37.803964,view,Business Bay,1128889
69,7,2025-12-07 22:27:35.681524,view,Business Bay,622775
69,7,2025-12-08 22:27:33.460423,view,Business Bay,622775
69,615,2025-12-10 22:27:33.612454,view,JVC,1237954
69,658,2025-12-13 22:27:35.913508,view,Business Bay,642980
69,817,2025-12-14 22:27:37.819617,view,Business Bay,549976
69,830,2025-12-17 22:27:32.438459,view,Business Bay,545475
69,802,2025-12-19 22:27:37.010531,view,JVC,1301955
69,830,2025-12-21 22:27:32.448467,view,Business Bay,545475
69,801,2025-12-22 22:27:37.867422,view,Business Bay,1186268
69,46,2025-12-23 22:27:34.552797,view,JVC,788963
69,186,2025-12-25 22:27:33.375807,view,Business Bay,588668
70,324,2025-12-02 22:27:35.242661,view,JVC,1288443
70,771,2025-12-03 22:27:37.042084,view,Downtown Dubai,1661068
70,495,2025-12-04 22:27:31.839145,view,Business Bay,1154224
70,331,2025-12-08 22:27:32.078176,contact_agent,Palm Jumeirah,1115863
70,438,2025-12-08 22:27:33.391650,view,Palm Jumeirah,1453692
70,849,2025-12-08 22:27:35.429279,shortlist,Palm Jumeirah,578077
70,742,2025-12-09 22:27:37.899051,view,Marina,1160327
70,472,2025-12-10 22:27:33.171421,view,JVC,718401
70,977,2025-12-10 22:27:34.161387,view,Palm Jumeirah,1781506
70,667,2025-12-12 22:27:36.495041,contact_agent,JVC,1264265
70,429,2025-12-13 22:27:35.776109,shortlist,Business Bay,1135719
70,32,2025-12-13 22:27:36.119817,contact_agent,Downtown Dubai,773349
70,762,2025-12-14 22:27:34.911693,view,Palm Jumeirah,1175673
70,280,2025-12-16 22:27:32.702049,view,Downtown Dubai,970529
70,412,2025-12-16 22:27:35.334447,view,Palm Jumeirah,1409245
70,162,2025-12-19 22:27:32.505472,contact_agent,Marina,785711
70,362,2025-12-21 22:27:32.558735,contact_agent,Marina,1286261
70,328,2025-12-21 22:27:33.081318,view,Marina,1727146
70,59,2025-12-23 22:27:32.359696,view,Business Bay,1706123
70,118,2025-12-23 22:27:36.009292,view,Business Bay,1521469
70,978,2025-12-26 22:27:36.293332,view,Downtown Dubai,789134
70,634,2025-12-26 22:27:37.614489,view,JVC,529336
71,525,2025-11-28 22:27:32.828631,view,Marina,941904
71,171,2025-11-29 22:27:32.828631,view,Marina,901067
71,587,2025-11-30 22:27:37.057747,view,Marina,1918412
71,803,2025-12-02 22:27:35.460757,view,JVC,1611009
71,452,2025-12-02 22:27:35.993182,view,Downtown Dubai,902980
71,680,2025-12-03 22:27:32.438459,shortlist,Downtown Dubai,852414
71,46,2025-12-04 22:27:36.119817,view,JVC,788963
71,585,2025-12-05 22:27:35.366371,view,JVC,838540
71,703,2025-12-06 22:27:32.308697,view,Marina,1363659
71,792,2025-12-08 22:27:33.517603,view,Marina,691387
71,950,2025-12-12 22:27:34.082338,view,Marina,595556
71,925,2025-12-12 22:27:34.817087,contact_agent,Downtown Dubai,1690456
71,660,2025-12-12 22:27:37.521473,view,Marina,757354
71,66,2025-12-14 22:27:32.859951,view,Marina,690237
71,368,2025-12-14 22:27:35.147694,contact_agent,Business Bay,626060
71,453,2025-12-14 22:27:35.897847,view,Marina,1538336
71,309,2025-12-15 22:27:32.955285,view,Palm Jumeirah,837913
71,56,2025-12-16 22:27:32.892157,view,Palm Jumeirah,1527557
71,738,2025-12-16 22:27:35.681524,view,JVC,639227
71,429,2025-12-16 22:27:37.677650,view,Business Bay,1135719
71,292,2025-12-18 22:27:34.832773,view,Palm Jumeirah,708944
71,350,2025-12-18 22:27:37.486564,view,Marina,1836092
71,221,2025-12-20 22:27:33.501559,view,Business Bay,1869277
71,309,2025-12-21 22:27:37.341247,view,Palm Jumeirah,837913
71,795,2025-12-22 22:27:34.785732,view,JVC,1874073
71,411,2025-12-24 22:27:33.344050,view,Palm Jumeirah,921280
71,828,2025-12-24 22:27:35.334447,view,Business Bay,708859
71,86,2025-12-24 22:27:35.744617,view,Marina,1653224
71,670,2025-12-25 22:27:34.600305,view,JVC,1244748
72,738,2025-11-28 22:27:32.094821,view,JVC,639227
72,627,2025-11-29 22:27:35.523435,view,JVC,1415113
72,382,2025-11-29 22:27:37.788279,view,Downtown Dubai,1371522
72,798,2025-12-02 22:27:35.650122,view,JVC,1924663
72,927,2025-12-04 22:27:35.961151,view,Business Bay,1490029
72,920,2025-12-05 22:27:33.128511,view,Palm Jumeirah,1084010
72,701,2025-12-07 22:27:37.598447,view,Business Bay,1484156
72,171,2025-12-09 22:27:34.364408,shortlist,Marina,901067
72,164,2025-12-11 22:27:33.312669,view,Marina,1075919
72,221,2025-12-11 22:27:33.751414,view,Business Bay,1869277
72,419,2025-12-13 22:27:35.897847,view,Downtown Dubai,1662189
72,46,2025-12-13 22:27:36.261867,view,JVC,788963
72,4,2025-12-14 22:27:34.616250,view,JVC,1774634
72,123,2025-12-15 22:27:33.234147,view,JVC,963001
72,728,2025-12-16 22:27:33.717672,view,Palm Jumeirah,1426215
72,71,2025-12-18 22:27:33.002524,view,Downtown Dubai,1724744
72,798,2025-12-19 22:27:32.477971,view,JVC,1924663
72,145,2025-12-21 22:27:35.571323,view,Palm Jumeirah,577175
72,406,2025-12-21 22:27:36.229728,view,Marina,1643647
72,113,2025-12-22 22:27:34.489983,view,Palm Jumeirah,1309178
72,966,2025-12-22 22:27:35.021784,view,Downtown Dubai,1898949
72,321,2025-12-23 22:27:32.607995,view,Downtown Dubai,1199539
72,85,2025-12-24 22:27:32.655167,view,Marina,623950
72,848,2025-12-25 22:27:33.564660,view,JVC,1945065
72,399,2025-12-26 22:27:36.040977,view,Downtown Dubai,1090381
72,135,2025-12-27 22:27:36.229728,view,JVC,965982
72,565,2025-12-27 22:27:37.476660,view,Business Bay,1904355
73,826,2025-12-01 22:27:32.654157,view,JVC,1895796
73,386,2025-12-02 22:27:31.805880,view,Business Bay,1102276
73,773,2025-12-03 22:27:33.107016,view,JVC,1253494
73,839,2025-12-05 22:27:34.003657,view,Palm Jumeirah,727189
73,896,2025-12-09 22:27:32.015066,view,Marina,1208175
73,155,2025-12-10 22:27:32.970954,view,Downtown Dubai,1729787
73,585,2025-12-11 22:27:32.655167,view,JVC,838540
73,139,2025-12-11 22:27:33.296938,view,Business Bay,1889330
73,481,2025-12-11 22:27:34.082338,view,Palm Jumeirah,737199
73,886,2025-12-14 22:27:34.568462,view,JVC,1192924
73,874,2025-12-18 22:27:34.427263,view,Marina,1208672
73,131,2025-12-20 22:27:33.767085,view,Marina,914994
73,128,2025-12-21 22:27:35.132012,view,Palm Jumeirah,1015693
73,991,2025-12-21 22:27:35.719527,view,Downtown Dubai,780833
73,382,2025-12-21 22:27:37.819617,view,Downtown Dubai,1371522
73,222,2025-12-23 22:27:34.832773,view,Business Bay,1249971
73,378,2025-12-26 22:27:37.677650,view,Palm Jumeirah,1062060
73,808,2025-12-27 22:27:31.888534,view,Palm Jumeirah,647745
73,297,2025-12-27 22:27:34.600305,view,Marina,1697162
74,78,2025-11-28 22:27:31.951629,view,JVC,794746
74,334,2025-11-29 22:27:34.301091,view,JVC,1328791
74,216,2025-11-29 22:27:34.743408,view,Palm Jumeirah,1369807
74,687,2025-11-30 22:27:31.856924,view,Marina,768083
74,102,2025-12-01 22:27:36.308994,view,Marina,975595
74,157,2025-12-02 22:27:32.462218,view,Palm Jumeirah,1825569
74,479,2025-12-02 22:27:35.179400,view,Marina,1692097
74,3,2025-12-04 22:27:33.735638,contact_agent,Downtown Dubai,1450162
74,91,2025-12-05 22:27:32.178673,view,Downtown Dubai,1804766
74,939,2025-12-06 22:27:36.088299,view,Downtown Dubai,983455
74,782,2025-12-07 22:27:35.397725,view,Palm Jumeirah,1215339
74,155,2025-12-07 22:27:35.977057,view,Downtown Dubai,1729787
74,132,2025-12-09 22:27:35.993182,view,Business Bay,1441768
74,959,2025-12-11 22:27:32.166925,view,Downtown Dubai,559778
74,418,2025-12-12 22:27:35.539550,shortlist,JVC,1972178
74,56,2025-12-15 22:27:33.144264,view,Palm Jumeirah,1527557
74,545,2025-12-15 22:27:34.474315,view,JVC,1460652
74,615,2025-12-15 22:27:36.293332,view,JVC,1237954
74,411,2025-12-16 22:27:32.702049,view,Palm Jumeirah,921280
74,439,2025-12-16 22:27:37.567539,view,Palm Jumeirah,717770
74,803,2025-12-21 22:27:33.767085,view,JVC,1611009
74,676,2025-12-23 22:27:35.929596,view,JVC,1534186
74,163,2025-12-23 22:27:36.794383,view,JVC,1623389
74,708,2025-12-25 22:27:31.778729,shortlist,Downtown Dubai,1247852
74,676,2025-12-26 22:27:35.618659,view,JVC,1534186
75,316,2025-11-30 22:27:33.187991,view,Downtown Dubai,4127447
75,512,2025-11-30 22:27:34.663539,view,Business Bay,4398190
75,612,2025-12-03 22:27:35.397725,view,Palm Jumeirah,4418949
75,94,2025-12-03 22:27:37.357047,view,Marina,4520120
75,182,2025-12-09 22:27:34.911693,view,Business Bay,3957550
75,93,2025-12-10 22:27:34.568462,view,Business Bay,3898147
75,77,2025-12-11 22:27:32.401210,view,JVC,3031086
75,579,2025-12-11 22:27:33.659495,view,Palm Jumeirah,3672382
75,787,2025-12-13 22:27:35.977057,view,Downtown Dubai,4344886
75,935,2025-12-15 22:27:35.005977,contact_agent,Business Bay,4254542
75,146,2025-12-15 22:27:36.794383,view,Downtown Dubai,3185747
75,209,2025-12-16 22:27:35.824261,view,Downtown Dubai,3621881
75,520,2025-12-18 22:27:35.021784,view,Downtown Dubai,4863089
75,53,2025-12-19 22:27:33.002524,view,JVC,4378363
75,911,2025-12-20 22:27:32.111894,contact_agent,Palm Jumeirah,3932207
75,248,2025-12-20 22:27:34.864304,view,JVC,4304409
75,514,2025-12-20 22:27:35.603000,view,Business Bay,3242974
75,180,2025-12-21 22:27:37.215116,view,Downtown Dubai,4804459
75,407,2025-12-22 22:27:32.527230,view,Palm Jumeirah,4111646
75,226,2025-12-23 22:27:34.082338,view,Palm Jumeirah,4575837
75,117,2025-12-27 22:27:33.628134,view,Business Bay,3299250
76,91,2025-11-28 22:27:37.010531,view,Downtown Dubai,1804766
76,687,2025-12-01 22:27:34.316827,view,Marina,768083
76,728,2025-12-01 22:27:36.668888,view,Palm Jumeirah,1426215
76,643,2025-12-01 22:27:37.486564,shortlist,Downtown Dubai,1998339
76,640,2025-12-02 22:27:33.018245,view,Business Bay,1947947
76,738,2025-12-04 22:27:34.864304,view,JVC,639227
76,232,2025-12-07 22:27:31.755192,view,JVC,1685111
76,479,2025-12-08 22:27:32.186419,view,Marina,1692097
76,46,2025-12-10 22:27:32.373447,view,JVC,788963
76,195,2025-12-10 22:27:36.668888,view,Marina,770914
76,102,2025-12-12 22:27:35.634416,view,Marina,975595
76,153,2025-12-13 22:27:32.538979,view,Marina,663834
76,905,2025-12-13 22:27:32.749764,view,Palm Jumeirah,1875607
76,186,2025-12-14 22:27:37.215116,view,Business Bay,588668
76,959,2025-12-15 22:27:35.681524,view,Downtown Dubai,559778
76,459,2025-12-16 22:27:35.507778,contact_agent,Marina,1437635
76,86,2025-12-18 22:27:33.328368,view,Marina,1653224
76,19,2025-12-18 22:27:34.458603,view,Palm Jumeirah,1324143
76,418,2025-12-18 22:27:35.258429,view,JVC,1972178
76,643,2025-12-19 22:27:37.867422,view,Downtown Dubai,1998339
76,617,2025-12-22 22:27:34.958835,view,Business Bay,1207173
76,708,2025-12-24 22:27:34.943153,view,Downtown Dubai,1247852
76,795,2025-12-26 22:27:33.103012,view,JVC,1874073
76,545,2025-12-27 22:27:37.151904,view,JVC,1460652
77,439,2025-11-28 22:27:32.601990,view,Palm Jumeirah,717770
77,973,2025-12-01 22:27:34.895998,view,Downtown Dubai,1660117
77,130,2025-12-01 22:27:36.024976,view,JVC,739017
77,297,2025-12-02 22:27:33.202628,view,Marina,1697162
77,677,2025-12-06 22:27:34.269269,view,Downtown Dubai,1098506
77,115,2025-12-06 22:27:35.897847,view,Downtown Dubai,1221037
77,627,2025-12-13 22:27:35.132012,view,JVC,1415113
77,687,2025-12-15 22:27:33.160814,view,Marina,768083
77,927,2025-12-18 22:27:32.369705,view,Business Bay,1490029
77,42,2025-12-19 22:27:34.600305,view,JVC,1032726
77,875,2025-12-19 22:27:36.479360,shortlist,Downtown Dubai,837369
77,500,2025-12-20 22:27:35.366371,view,Business Bay,954418
77,619,2025-12-22 22:27:35.005977,view,Marina,1561404
77,167,2025-12-24 22:27:31.983449,shortlist,Palm Jumeirah,922381
77,64,2025-12-24 22:27:34.801395,view,Marina,1033634
77,718,2025-12-24 22:27:37.199358,view,Downtown Dubai,1849590
78,886,2025-11-28 22:27:34.990265,view,JVC,1192924
78,711,2025-11-28 22:27:37.582497,view,Marina,1607810
78,833,2025-11-30 22:27:33.751414,view,JVC,1599577
78,966,2025-12-01 22:27:35.555661,view,Downtown Dubai,1898949
78,510,2025-12-09 22:27:31.790231,view,Marina,1656083
78,4,2025-12-10 22:27:35.961151,view,JVC,1774634
78,456,2025-12-10 22:27:36.947409,view,Downtown Dubai,1949087
78,168,2025-12-11 22:27:35.555661,view,Palm Jumeirah,1476433
78,675,2025-12-11 22:27:35.697261,view,Business Bay,1797819
78,472,2025-12-13 22:27:36.362216,view,JVC,718401
78,617,2025-12-15 22:27:33.439002,view,Business Bay,1207173
78,508,2025-12-16 22:27:33.517603,view,JVC,1711569
78,14,2025-12-17 22:27:37.421699,view,JVC,1948763
78,749,2025-12-17 22:27:37.740841,view,Marina,979083
78,115,2025-12-20 22:27:33.281284,view,Downtown Dubai,1221037
78,896,2025-12-21 22:27:31.967677,view,Marina,1208175
78,970,2025-12-22 22:27:35.413489,view,Palm Jumeirah,1579525
78,611,2025-12-22 22:27:36.653111,view,Downtown Dubai,1306564
78,174,2025-12-26 22:27:37.464108,view,Palm Jumeirah,812023
79,526,2025-11-28 22:27:31.856924,view,JVC,1078526
79,350,2025-11-28 22:27:36.416141,shortlist,Marina,1836092
79,221,2025-11-29 22:27:33.184821,view,Business Bay,1869277
79,902,2025-12-02 22:27:35.084845,view,Downtown Dubai,625355
79,227,2025-12-07 22:27:32.196427,view,Downtown Dubai,1842057
79,59,2025-12-08 22:27:31.935927,view,Business Bay,1706123
79,939,2025-12-08 22:27:33.034256,view,Downtown Dubai,983455
79,833,2025-12-10 22:27:36.214007,view,JVC,1599577
79,608,2025-12-12 22:27:37.151904,view,JVC,1605710
79,455,2025-12-13 22:27:35.132012,view,Business Bay,1668932
79,66,2025-12-13 22:27:37.527678,view,Marina,690237
79,138,2025-12-15 22:27:32.257436,view,Downtown Dubai,1664795
79,495,2025-12-17 22:27:34.267268,view,Business Bay,1154224
79,476,2025-12-17 22:27:37.357047,view,Palm Jumeirah,963937
79,328,2025-12-18 22:27:32.511477,view,Marina,1727146
79,993,2025-12-19 22:27:34.695292,view,JVC,1588963
79,740,2025-12-20 22:27:34.019313,view,Palm Jumeirah,1192137
79,338,2025-12-20 22:27:34.316827,view,JVC,876794
79,785,2025-12-21 22:27:31.806921,view,Business Bay,1128889
79,19,2025-12-26 22:27:33.375807,view,Palm Jumeirah,1324143
79,599,2025-12-27 22:27:32.797257,view,Downtown Dubai,664074
79,740,2025-12-27 22:27:36.245845,view,Palm Jumeirah,1192137
80,392,2025-11-28 22:27:35.397725,view,JVC,739779
80,712,2025-11-28 22:27:37.946746,shortlist,Business Bay,1312283
80,556,2025-11-29 22:27:34.679502,view,Business Bay,785622
80,735,2025-11-29 22:27:36.088299,view,Business Bay,1112181
80,78,2025-11-30 22:27:37.883158,view,JVC,794746
80,919,2025-12-01 22:27:34.019313,view,Business Bay,745300
80,413,2025-12-01 22:27:36.700206,view,Business Bay,841207
80,354,2025-12-01 22:27:37.899051,view,Business Bay,667647
80,334,2025-12-03 22:27:32.923922,view,JVC,1328791
80,177,2025-12-04 22:27:32.844287,view,Business Bay,1255111
80,678,2025-12-06 22:27:32.375449,view,JVC,1056718
80,712,2025-12-07 22:27:33.908317,view,Business Bay,1312283
80,323,2025-12-08 22:27:32.812910,contact_agent,JVC,517297
80,904,2025-12-08 22:27:33.328368,view,JVC,1115937
80,301,2025-12-08 22:27:37.582497,view,JVC,1173218
80,343,2025-12-13 22:27:32.626522,view,JVC,1282877
80,967,2025-12-14 22:27:34.285406,view,JVC,1022154
80,561,2025-12-15 22:27:35.397725,view,JVC,1167540
80,222,2025-12-18 22:27:34.817087,view,Business Bay,1249971
80,561,2025-12-19 22:27:32.408955,view,JVC,1167540
80,474,2025-12-19 22:27:36.897283,view,JVC,659292
80,817,2025-12-22 22:27:31.773264,shortlist,Business Bay,549976
80,919,2025-12-23 22:27:33.344050,view,Business Bay,745300
80,392,2025-12-24 22:27:33.391650,contact_agent,JVC,739779
80,9,2025-12-25 22:27:34.301091,shortlist,JVC,914600
80,301,2025-12-26 22:27:33.328368,view,JVC,1173218
81,46,2025-11-28 22:27:34.817087,view,JVC,788963
81,429,2025-11-28 22:27:37.278440,view,Business Bay,1135719
81,651,2025-11-29 22:27:35.382062,view,JVC,1278883
81,186,2025-11-30 22:27:34.726781,view,Business Bay,588668
81,177,2025-11-30 22:27:37.693311,view,Business Bay,1255111
81,982,2025-12-01 22:27:31.840324,view,Business Bay,1237090
81,545,2025-12-01 22:27:37.934543,view,JVC,1460652
81,785,2025-12-04 22:27:33.517603,contact_agent,Business Bay,1128889
81,177,2025-12-04 22:27:36.341364,view,Business Bay,1255111
81,99,2025-12-06 22:27:36.103957,view,Business Bay,943316
81,802,2025-12-07 22:27:36.684542,view,JVC,1301955
81,186,2025-12-08 22:27:36.751635,contact_agent,Business Bay,588668
81,769,2025-12-09 22:27:36.135475,view,JVC,1301849
81,368,2025-12-10 22:27:33.643839,view,Business Bay,626060
81,526,2025-12-10 22:27:34.647560,view,JVC,1078526
81,667,2025-12-13 22:27:34.129738,view,JVC,1264265
81,585,2025-12-15 22:27:35.850785,view,JVC,838540
81,222,2025-12-18 22:27:33.767085,view,Business Bay,1249971
81,919,2025-12-18 22:27:34.332736,view,Business Bay,745300
81,413,2025-12-23 22:27:32.408955,view,Business Bay,841207
81,451,2025-12-24 22:27:33.249970,view,Business Bay,1188152
81,862,2025-12-25 22:27:33.691849,view,Business Bay,1037977
81,983,2025-12-26 22:27:32.164923,view,Business Bay,1414565
81,530,2025-12-26 22:27:33.160814,view,Business Bay,1234983
81,354,2025-12-27 22:27:36.463705,contact_agent,Business Bay,667647
82,468,2025-11-29 22:27:32.399208,view,Downtown Dubai,1797991
82,195,2025-12-02 22:27:35.850785,view,Marina,770914
82,699,2025-12-03 22:27:37.246480,shortlist,Business Bay,1906978
82,157,2025-12-04 22:27:37.010531,view,Palm Jumeirah,1825569
82,750,2025-12-07 22:27:37.677650,view,Palm Jumeirah,1894316
82,648,2025-12-08 22:27:34.521303,view,Marina,1052439
82,64,2025-12-11 22:27:31.823568,view,Marina,1033634
82,687,2025-12-12 22:27:31.904226,view,Marina,768083
82,516,2025-12-19 22:27:33.908317,view,Business Bay,1779180
82,17,2025-12-24 22:27:36.755638,view,Marina,580257
82,476,2025-12-25 22:27:37.089117,view,Palm Jumeirah,963937
82,437,2025-12-27 22:27:32.781570,view,JVC,1706751
82,481,2025-12-27 22:27:36.668888,shortlist,Palm Jumeirah,737199
83,123,2025-11-28 22:27:36.198305,view,JVC,963001
83,158,2025-11-30 22:27:35.977057,view,JVC,1916828
83,425,2025-12-03 22:27:31.844454,contact_agent,Marina,625438
83,479,2025-12-05 22:27:32.251431,view,Marina,1692097
83,605,2025-12-07 22:27:37.937656,view,Downtown Dubai,1517481
83,660,2025-12-10 22:27:31.757194,contact_agent,Marina,757354
83,643,2025-12-10 22:27:32.340201,shortlist,Downtown Dubai,1998339
83,350,2025-12-11 22:27:34.552797,view,Marina,1836092
83,855,2025-12-14 22:27:32.765914,view,JVC,1101891
83,782,2025-12-16 22:27:32.844287,view,Palm Jumeirah,1215339
83,321,2025-12-17 22:27:32.595984,view,Downtown Dubai,1199539
83,615,2025-12-21 22:27:35.005977,view,JVC,1237954
83,322,2025-12-23 22:27:36.842168,view,Downtown Dubai,745404
83,742,2025-12-27 22:27:34.880092,view,Marina,1160327
84,651,2025-11-28 22:27:32.151408,view,JVC,1278883
84,495,2025-11-29 22:27:36.589762,view,Business Bay,1154224
84,802,2025-11-30 22:27:34.458603,view,JVC,1301955
84,530,2025-12-03 22:27:37.914560,view,Business Bay,1234983
84,222,2025-12-05 22:27:33.719738,view,Business Bay,1249971
84,556,2025-12-06 22:27:33.814098,view,Business Bay,785622
84,78,2025-12-08 22:27:34.769822,view,JVC,794746
84,334,2025-12-09 22:27:35.116356,view,JVC,1328791
84,922,2025-12-09 22:27:36.229728,view,JVC,1353392
84,556,2025-12-13 22:27:33.328368,shortlist,Business Bay,785622
84,343,2025-12-15 22:27:37.445965,view,JVC,1282877
84,983,2025-12-19 22:27:31.919915,view,Business Bay,1414565
84,277,2025-12-22 22:27:32.955285,view,Business Bay,606022
84,906,2025-12-22 22:27:35.274920,view,Business Bay,519477
84,644,2025-12-22 22:27:36.166955,contact_agent,JVC,1176296
84,526,2025-12-26 22:27:36.495041,view,JVC,1078526
85,453,2025-11-30 22:27:36.574102,view,Marina,1538336
85,439,2025-12-02 22:27:32.970954,contact_agent,Palm Jumeirah,717770
85,197,2025-12-03 22:27:37.532248,view,Business Bay,862455
85,749,2025-12-05 22:27:35.132012,view,Marina,979083
85,749,2025-12-05 22:27:36.103957,view,Marina,979083
85,670,2025-12-07 22:27:36.135475,view,JVC,1244748
85,408,2025-12-11 22:27:35.429279,view,Marina,1916953
85,139,2025-12-12 22:27:32.275190,view,Business Bay,1889330
85,655,2025-12-13 22:27:35.084845,view,Palm Jumeirah,1262371
85,741,2025-12-21 22:27:37.486564,view,JVC,781854
85,85,2025-12-22 22:27:37.614489,view,Marina,623950
85,25,2025-12-23 22:27:35.744617,view,Downtown Dubai,1275158
85,195,2025-12-24 22:27:36.637455,view,Marina,770914
85,525,2025-12-25 22:27:33.548940,shortlist,Marina,941904
86,645,2025-11-30 22:27:36.432216,view,Marina,879039
86,292,2025-11-30 22:27:36.755638,view,Palm Jumeirah,708944
86,509,2025-12-01 22:27:36.526439,view,Downtown Dubai,1695885
86,318,2025-12-05 22:27:31.888534,view,Palm Jumeirah,568803
86,227,2025-12-05 22:27:36.947409,view,Downtown Dubai,1842057
86,451,2025-12-06 22:27:35.211244,view,Business Bay,1188152
86,959,2025-12-07 22:27:34.769822,view,Downtown Dubai,559778
86,801,2025-12-10 22:27:32.273188,view,Business Bay,1186268
86,70,2025-12-10 22:27:36.542092,view,Business Bay,1345474
86,195,2025-12-15 22:27:33.876909,view,Marina,770914
86,85,2025-12-15 22:27:36.245845,view,Marina,623950
86,978,2025-12-17 22:27:34.145735,view,Downtown Dubai,789134
86,227,2025-12-19 22:27:31.848591,view,Downtown Dubai,1842057
86,130,2025-12-22 22:27:37.413568,view,JVC,739017
86,526,2025-12-25 22:27:34.427263,view,JVC,1078526
86,167,2025-12-25 22:27:35.397725,view,Palm Jumeirah,922381
87,42,2025-11-29 22:27:35.993182,view,JVC,1032726
87,322,2025-11-30 22:27:36.574102,view,Downtown Dubai,745404
87,795,2025-11-30 22:27:37.677650,view,JVC,1874073
87,297,2025-12-02 22:27:34.348710,view,Marina,1697162
87,985,2025-12-06 22:27:35.835614,view,Marina,1552425
87,412,2025-12-07 22:27:31.872672,view,Palm Jumeirah,1409245
87,774,2025-12-09 22:27:35.132012,view,Marina,923177
87,323,2025-12-12 22:27:33.034256,view,JVC,517297
87,128,2025-12-15 22:27:33.132515,view,Palm Jumeirah,1015693
87,986,2025-12-23 22:27:31.967677,view,Marina,1277567
87,338,2025-12-23 22:27:32.367703,view,JVC,876794
87,386,2025-12-24 22:27:34.785732,contact_agent,Business Bay,1102276
87,660,2025-12-24 22:27:36.214007,view,Marina,757354
87,509,2025-12-27 22:27:36.542092,view,Downtown Dubai,1695885
87,560,2025-12-27 22:27:36.715861,view,Marina,1896436
88,386,2025-11-30 22:27:33.580484,view,Business Bay,1102276
88,632,2025-12-03 22:27:35.460757,view,Business Bay,792575
88,474,2025-12-05 22:27:32.495725,view,JVC,659292
88,982,2025-12-06 22:27:32.186419,view,Business Bay,1237090
88,627,2025-12-06 22:27:36.359136,view,JVC,1415113
88,177,2025-12-06 22:27:37.677650,view,Business Bay,1255111
88,338,2025-12-10 22:27:37.835300,view,JVC,876794
88,495,2025-12-13 22:27:37.294126,view,Business Bay,1154224
88,123,2025-12-13 22:27:37.819617,view,JVC,963001
88,785,2025-12-14 22:27:31.951629,view,Business Bay,1128889
88,957,2025-12-16 22:27:32.828631,view,Business Bay,1243088
88,617,2025-12-18 22:27:33.798437,view,Business Bay,1207173
88,644,2025-12-21 22:27:31.935927,view,JVC,1176296
88,828,2025-12-22 22:27:32.733847,view,Business Bay,708859
88,670,2025-12-23 22:27:31.779760,view,JVC,1244748
88,530,2025-12-23 22:27:35.460757,view,Business Bay,1234983
88,854,2025-12-24 22:27:31.872672,view,Business Bay,1420114
88,343,2025-12-26 22:27:37.899051,contact_agent,JVC,1282877
89,785,2025-11-28 22:27:37.661947,view,Business Bay,1128889
89,368,2025-12-01 22:27:34.521303,view,Business Bay,626060
89,828,2025-12-03 22:27:33.391650,view,Business Bay,708859
89,768,2025-12-04 22:27:35.650122,view,JVC,1206673
89,773,2025-12-05 22:27:37.167880,view,JVC,1253494
89,769,2025-12-09 22:27:36.151287,view,JVC,1301849
89,334,2025-12-10 22:27:32.844287,view,JVC,1328791
89,386,2025-12-10 22:27:33.659495,view,Business Bay,1102276
89,282,2025-12-12 22:27:33.134516,view,JVC,661445
89,802,2025-12-13 22:27:34.225051,shortlist,JVC,1301955
89,386,2025-12-16 22:27:34.395899,view,Business Bay,1102276
89,319,2025-12-21 22:27:33.720913,view,Business Bay,1307744
89,472,2025-12-26 22:27:33.814098,view,JVC,718401
89,474,2025-12-26 22:27:36.341364,view,JVC,659292
89,634,2025-12-27 22:27:36.574102,view,JVC,529336
90,6,2025-11-30 22:27:36.119817,view,JVC,1728807
90,709,2025-12-03 22:27:31.888534,contact_agent,Palm Jumeirah,1656618
90,25,2025-12-03 22:27:33.423343,view,Downtown Dubai,1275158
90,905,2025-12-05 22:27:35.021784,view,Palm Jumeirah,1875607
90,221,2025-12-06 22:27:35.882131,view,Business Bay,1869277
90,113,2025-12-08 22:27:32.430713,view,Palm Jumeirah,1309178
90,25,2025-12-09 22:27:34.129738,view,Downtown Dubai,1275158
90,765,2025-12-11 22:27:32.290942,view,Downtown Dubai,1594316
90,287,2025-12-11 22:27:37.486564,view,Palm Jumeirah,1010370
90,292,2025-12-13 22:27:34.537135,shortlist,Palm Jumeirah,708944
90,163,2025-12-13 22:27:35.712920,view,JVC,1623389
90,633,2025-12-14 22:27:37.456011,view,Palm Jumeirah,1959700
90,705,2025-12-20 22:27:32.202171,view,Business Bay,1703920
90,86,2025-12-22 22:27:35.005977,view,Marina,1653224
90,46,2025-12-23 22:27:35.021784,view,JVC,788963
90,6,2025-12-23 22:27:35.603000,view,JVC,1728807
90,917,2025-12-26 22:27:34.161387,view,JVC,1635627
91,14,2025-11-28 22:27:34.225051,contact_agent,JVC,1948763
91,150,2025-11-28 22:27:37.230825,view,Palm Jumeirah,595028
91,474,2025-11-29 22:27:37.418537,view,JVC,659292
91,855,2025-12-03 22:27:33.265626,view,JVC,1101891
91,135,2025-12-04 22:27:32.284937,view,JVC,965982
91,479,2025-12-06 22:27:33.187991,view,Marina,1692097
91,438,2025-12-06 22:27:36.526439,view,Palm Jumeirah,1453692
91,71,2025-12-07 22:27:33.603549,view,Downtown Dubai,1724744
91,904,2025-12-07 22:27:34.927497,view,JVC,1115937
91,167,2025-12-09 22:27:31.856924,view,Palm Jumeirah,922381
91,350,2025-12-11 22:27:37.151904,view,Marina,1836092
91,738,2025-12-14 22:27:36.684542,view,JVC,639227
91,627,2025-12-17 22:27:34.537135,view,JVC,1415113
91,611,2025-12-18 22:27:34.864304,view,Downtown Dubai,1306564
91,274,2025-12-20 22:27:36.400390,view,Palm Jumeirah,1361069
91,668,2025-12-22 22:27:32.387459,view,Marina,808617
91,848,2025-12-22 22:27:37.486564,view,JVC,1945065
91,456,2025-12-23 22:27:34.442915,view,Downtown Dubai,1949087
91,419,2025-12-25 22:27:36.198305,view,Downtown Dubai,1662189
91,677,2025-12-27 22:27:35.697261,view,Downtown Dubai,1098506
92,164,2025-11-28 22:27:31.835983,shortlist,Marina,1075919
92,328,2025-12-05 22:27:35.791868,view,Marina,1727146
92,650,2025-12-08 22:27:32.572486,view,Marina,773452
92,711,2025-12-08 22:27:37.567539,view,Marina,1607810
92,286,2025-12-10 22:27:32.375449,view,Business Bay,1184029
92,103,2025-12-10 22:27:32.939586,view,Downtown Dubai,1965744
92,646,2025-12-14 22:27:33.477385,view,Marina,1028714
92,307,2025-12-17 22:27:32.046730,view,Marina,1219407
92,213,2025-12-19 22:27:32.521225,view,Business Bay,1853324
92,437,2025-12-21 22:27:36.621360,view,JVC,1706751
92,213,2025-12-22 22:27:32.046730,contact_agent,Business Bay,1853324
92,643,2025-12-24 22:27:36.886961,view,Downtown Dubai,1998339
92,265,2025-12-25 22:27:35.728604,view,Downtown Dubai,937625
92,334,2025-12-25 22:27:35.961151,view,JVC,1328791
93,91,2025-11-29 22:27:36.024976,view,Downtown Dubai,1804766
93,292,2025-12-01 22:27:33.018245,view,Palm Jumeirah,708944
93,172,2025-12-01 22:27:34.316827,view,Marina,960796
93,680,2025-12-01 22:27:34.943153,view,Downtown Dubai,852414
93,660,2025-12-01 22:27:36.994837,view,Marina,757354
93,509,2025-12-02 22:27:36.785620,view,Downtown Dubai,1695885
93,309,2025-12-04 22:27:34.145735,view,Palm Jumeirah,837913
93,66,2025-12-05 22:27:33.628134,view,Marina,690237
93,773,2025-12-05 22:27:35.132012,view,JVC,1253494
93,508,2025-12-05 22:27:37.278440,view,JVC,1711569
93,705,2025-12-05 22:27:37.883158,view,Business Bay,1703920
93,4,2025-12-08 22:27:32.318444,view,JVC,1774634
93,392,2025-12-08 22:27:33.908317,view,JVC,739779
93,853,2025-12-11 22:27:31.904226,view,Marina,1284192
93,434,2025-12-12 22:27:37.438234,view,JVC,681948
93,85,2025-12-13 22:27:33.845565,view,Marina,623950
93,362,2025-12-14 22:27:34.801395,view,Marina,1286261
93,742,2025-12-16 22:27:31.983449,contact_agent,Marina,1160327
93,321,2025-12-19 22:27:35.634416,view,Downtown Dubai,1199539
93,855,2025-12-20 22:27:34.927497,view,JVC,1101891
93,78,2025-12-22 22:27:36.731523,view,JVC,794746
93,321,2025-12-24 22:27:33.105014,view,Downtown Dubai,1199539
93,906,2025-12-26 22:27:34.427263,view,Business Bay,519477
93,250,2025-12-26 22:27:34.600305,view,Palm Jumeirah,1147341
93,286,2025-12-27 22:27:32.986864,shortlist,Business Bay,1184029
94,886,2025-11-29 22:27:36.653111,view,JVC,1192924
94,222,2025-11-30 22:27:35.492085,view,Business Bay,1249971
94,982,2025-12-03 22:27:31.792106,view,Business Bay,1237090
94,735,2025-12-03 22:27:31.872672,view,Business Bay,1112181
94,46,2025-12-03 22:27:35.413489,view,JVC,788963
94,98,2025-12-05 22:27:32.062391,view,JVC,1127220
94,830,2025-12-05 22:27:34.911693,view,Business Bay,545475
94,828,2025-12-09 22:27:35.350476,view,Business Bay,708859
94,957,2025-12-10 22:27:32.367703,view,Business Bay,1243088
94,286,2025-12-16 22:27:32.466222,view,Business Bay,1184029
94,967,2025-12-16 22:27:32.986864,view,JVC,1022154
94,904,2025-12-17 22:27:36.700206,view,JVC,1115937
94,916,2025-12-18 22:27:35.719527,view,JVC,631184
94,916,2025-12-20 22:27:31.999113,view,JVC,631184
94,99,2025-12-22 22:27:35.830538,view,Business Bay,943316
94,42,2025-12-23 22:27:36.072321,view,JVC,1032726
94,941,2025-12-25 22:27:34.458603,view,JVC,1047219
95,343,2025-11-29 22:27:34.316827,view,JVC,1282877
95,658,2025-12-01 22:27:36.842168,view,Business Bay,642980
95,916,2025-12-03 22:27:32.397206,view,JVC,631184
95,240,2025-12-05 22:27:36.510741,view,Business Bay,692512
95,474,2025-12-06 22:27:33.675182,view,JVC,659292
95,177,2025-12-07 22:27:34.785732,view,Business Bay,1255111
95,186,2025-12-08 22:27:33.659495,view,Business Bay,588668
95,927,2025-12-08 22:27:34.097995,view,Business Bay,1490029
95,132,2025-12-10 22:27:35.650122,view,Business Bay,1441768
95,526,2025-12-11 22:27:33.675182,view,JVC,1078526
95,678,2025-12-12 22:27:32.031021,view,JVC,1056718
95,9,2025-12-14 22:27:31.872672,view,JVC,914600
95,556,2025-12-14 22:27:35.523435,view,Business Bay,785622
95,386,2025-12-15 22:27:36.574102,view,Business Bay,1102276
95,556,2025-12-16 22:27:34.552797,view,Business Bay,785622
95,817,2025-12-17 22:27:33.485903,view,Business Bay,549976
95,922,2025-12-18 22:27:36.653111,view,JVC,1353392
95,324,2025-12-21 22:27:35.571323,view,JVC,1288443
95,615,2025-12-25 22:27:32.702049,view,JVC,1237954
95,862,2025-12-25 22:27:37.582497,view,Business Bay,1037977
95,927,2025-12-26 22:27:37.010531,contact_agent,Business Bay,1490029
96,331,2025-11-30 22:27:37.450067,view,Palm Jumeirah,1115863
96,309,2025-12-01 22:27:35.555661,view,Palm Jumeirah,837913
96,969,2025-12-02 22:27:35.318583,view,Marina,1511930
96,640,2025-12-06 22:27:35.507778,view,Business Bay,1947947
96,828,2025-12-13 22:27:32.685978,view,Business Bay,708859
96,585,2025-12-14 22:27:33.715599,shortlist,JVC,838540
96,740,2025-12-14 22:27:37.835300,view,Palm Jumeirah,1192137
96,216,2025-12-15 22:27:32.031021,view,Palm Jumeirah,1369807
96,978,2025-12-16 22:27:36.198305,view,Downtown Dubai,789134
96,168,2025-12-24 22:27:32.519223,view,Palm Jumeirah,1476433
96,919,2025-12-24 22:27:32.859951,view,Business Bay,745300
96,828,2025-12-24 22:27:32.986864,view,Business Bay,708859
96,886,2025-12-25 22:27:36.857851,view,JVC,1192924
96,455,2025-12-26 22:27:33.720913,contact_agent,Business Bay,1668932
96,773,2025-12-27 22:27:33.081318,view,JVC,1253494
97,551,2025-11-28 22:27:35.211244,contact_agent,JVC,1255612
97,530,2025-11-29 22:27:34.958835,view,Business Bay,1234983
97,615,2025-11-29 22:27:35.835614,shortlist,JVC,1237954
97,916,2025-12-01 22:27:34.380201,view,JVC,631184
97,854,2025-12-03 22:27:35.053501,view,Business Bay,1420114
97,324,2025-12-05 22:27:35.945263,view,JVC,1288443
97,651,2025-12-06 22:27:37.937656,view,JVC,1278883
97,78,2025-12-08 22:27:34.663539,view,JVC,794746
97,197,2025-12-10 22:27:37.435485,view,Business Bay,862455
97,886,2025-12-11 22:27:34.568462,view,JVC,1192924
97,324,2025-12-13 22:27:33.517603,view,JVC,1288443
97,343,2025-12-13 22:27:36.135475,view,JVC,1282877
97,615,2025-12-18 22:27:31.779760,view,JVC,1237954
97,644,2025-12-19 22:27:33.501559,view,JVC,1176296
97,768,2025-12-21 22:27:37.104894,view,JVC,1206673
97,7,2025-12-24 22:27:37.089117,view,Business Bay,622775
97,301,2025-12-25 22:27:35.697261,view,JVC,1173218
97,886,2025-12-25 22:27:37.851374,view,JVC,1192924
97,651,2025-12-27 22:27:37.486564,view,JVC,1278883
98,28,2025-12-02 22:27:35.712920,view,Marina,1416383
98,19,2025-12-05 22:27:32.529231,view,Palm Jumeirah,1324143
98,254,2025-12-06 22:27:33.501559,view,JVC,1701838
98,229,2025-12-10 22:27:35.100507,view,Palm Jumeirah,985757
98,102,2025-12-11 22:27:35.100507,view,Marina,975595
98,906,2025-12-13 22:27:36.416141,view,Business Bay,519477
98,145,2025-12-14 22:27:32.923922,view,Palm Jumeirah,577175
98,343,2025-12-14 22:27:36.166955,view,JVC,1282877
98,791,2025-12-16 22:27:33.265626,view,Palm Jumeirah,725391
98,581,2025-12-16 22:27:37.565681,shortlist,Downtown Dubai,791464
98,473,2025-12-19 22:27:33.359702,view,Downtown Dubai,1485132
98,66,2025-12-22 22:27:33.767085,view,Marina,690237
98,603,2025-12-23 22:27:34.568462,view,Downtown Dubai,1290645
98,768,2025-12-25 22:27:32.347947,shortlist,JVC,1206673
98,581,2025-12-25 22:27:34.489983,view,Downtown Dubai,791464
98,509,2025-12-25 22:27:36.024976,view,Downtown Dubai,1695885
98,632,2025-12-26 22:27:34.711013,view,Business Bay,792575
99,453,2025-11-28 22:27:37.772602,view,Marina,1538336
99,634,2025-11-29 22:27:35.835614,view,JVC,529336
99,560,2025-12-01 22:27:33.987977,view,Marina,1896436
99,309,2025-12-02 22:27:33.187991,view,Palm Jumeirah,837913
99,453,2025-12-03 22:27:34.711013,view,Marina,1538336
99,131,2025-12-04 22:27:31.888534,view,Marina,914994
99,599,2025-12-04 22:27:33.359702,view,Downtown Dubai,664074
99,738,2025-12-04 22:27:36.341364,view,JVC,639227
99,560,2025-12-04 22:27:36.684542,view,Marina,1896436
99,408,2025-12-05 22:27:36.166955,view,Marina,1916953
99,998,2025-12-06 22:27:33.202628,view,Marina,1389493
99,983,2025-12-06 22:27:35.226970,view,Business Bay,1414565
99,29,2025-12-06 22:27:36.432216,view,Downtown Dubai,779215
99,631,2025-12-07 22:27:37.230825,view,Downtown Dubai,923332
99,530,2025-12-07 22:27:37.921927,shortlist,Business Bay,1234983
99,749,2025-12-08 22:27:36.198305,contact_agent,Marina,979083
99,321,2025-12-09 22:27:37.199358,view,Downtown Dubai,1199539
99,480,2025-12-09 22:27:37.357047,view,Palm Jumeirah,687771
99,131,2025-12-10 22:27:37.582497,view,Marina,914994
99,286,2025-12-13 22:27:32.349949,view,Business Bay,1184029
99,677,2025-12-14 22:27:35.977057,view,Downtown Dubai,1098506
99,597,2025-12-15 22:27:37.546819,view,Palm Jumeirah,1858311
99,781,2025-12-16 22:27:35.744617,view,Downtown Dubai,546002
99,461,2025-12-16 22:27:37.405701,contact_agent,Palm Jumeirah,1886689
99,227,2025-12-19 22:27:36.637455,view,Downtown Dubai,1842057
99,523,2025-12-22 22:27:37.089117,view,Downtown Dubai,769160
99,16,2025-12-25 22:27:34.880092,view,Marina,1756715
99,941,2025-12-27 22:27:34.364408,view,JVC,1047219
99,934,2025-12-27 22:27:35.302649,contact_agent,Marina,1888509
99,801,2025-12-27 22:27:36.947409,view,Business Bay,1186268
100,99,2025-12-01 22:27:32.733847,view,Business Bay,943316
100,906,2025-12-02 22:27:35.728604,view,Business Bay,519477
100,132,2025-12-03 22:27:33.751414,view,Business Bay,1441768
100,904,2025-12-05 22:27:33.328368,view,JVC,1115937
100,42,2025-12-10 22:27:34.035360,view,JVC,1032726
100,130,2025-12-12 22:27:32.371706,shortlist,JVC,739017
100,186,2025-12-16 22:27:34.285406,view,Business Bay,588668
100,927,2025-12-18 22:27:36.963350,view,Business Bay,1490029
100,904,2025-12-19 22:27:31.951629,contact_agent,JVC,1115937
100,773,2025-12-21 22:27:32.828631,view,JVC,1253494
100,323,2025-12-21 22:27:36.979040,view,JVC,517297
100,632,2025-12-23 22:27:34.974549,view,Business Bay,792575
100,922,2025-12-26 22:27:34.051015,view,JVC,1353392
100,135,2025-12-26 22:27:34.568462,view,JVC,965982
101,693,2025-11-29 22:27:32.717827,view,Palm Jumeirah,789220
101,701,2025-11-29 22:27:35.913508,view,Business Bay,1484156
101,158,2025-11-30 22:27:33.643839,view,JVC,1916828
101,677,2025-12-01 22:27:34.208482,view,Downtown Dubai,1098506
101,434,2025-12-03 22:27:33.814098,view,JVC,681948
101,855,2025-12-06 22:27:31.919915,view,JVC,1101891
101,406,2025-12-06 22:27:33.359702,view,Marina,1643647
101,978,2025-12-08 22:27:37.151904,view,Downtown Dubai,789134
101,919,2025-12-09 22:27:34.489983,shortlist,Business Bay,745300
101,406,2025-12-09 22:27:36.151287,view,Marina,1643647
101,434,2025-12-09 22:27:37.459252,view,JVC,681948
101,297,2025-12-11 22:27:35.977057,view,Marina,1697162
101,749,2025-12-11 22:27:37.566725,view,Marina,979083
101,86,2025-12-14 22:27:34.301091,view,Marina,1653224
101,693,2025-12-14 22:27:34.726781,view,Palm Jumeirah,789220
101,670,2025-12-15 22:27:33.375807,view,JVC,1244748
101,174,2025-12-16 22:27:36.826108,view,Palm Jumeirah,812023
101,472,2025-12-17 22:27:37.215116,view,JVC,718401
101,599,2025-12-19 22:27:36.684542,view,Downtown Dubai,664074
101,16,2025-12-20 22:27:32.530972,shortlist,Marina,1756715
101,982,2025-12-22 22:27:36.040977,view,Business Bay,1237090
101,723,2025-12-22 22:27:37.073407,view,Palm Jumeirah,1969793
101,7,2025-12-22 22:27:37.357047,view,Business Bay,622775
101,973,2025-12-23 22:27:33.924257,view,Downtown Dubai,1660117
101,406,2025-12-24 22:27:32.617742,view,Marina,1643647
102,500,2025-11-28 22:27:35.850785,view,Business Bay,954418
102,298,2025-11-29 22:27:33.344050,view,Downtown Dubai,1546161
102,676,2025-11-29 22:27:34.758523,view,JVC,1534186
102,905,2025-11-30 22:27:34.769822,view,Palm Jumeirah,1875607
102,982,2025-12-01 22:27:32.292944,view,Business Bay,1237090
102,527,2025-12-01 22:27:33.675182,view,Downtown Dubai,1337393
102,545,2025-12-06 22:27:34.474315,shortlist,JVC,1460652
102,967,2025-12-09 22:27:33.892633,view,JVC,1022154
102,605,2025-12-10 22:27:34.442915,view,Downtown Dubai,1517481
102,590,2025-12-11 22:27:35.492085,shortlist,Palm Jumeirah,1372328
102,565,2025-12-15 22:27:35.476419,view,Business Bay,1904355
102,416,2025-12-16 22:27:34.695292,view,Downtown Dubai,1092632
102,651,2025-12-18 22:27:35.132012,view,JVC,1278883
102,969,2025-12-18 22:27:37.867422,view,Marina,1511930
102,274,2025-12-20 22:27:32.031021,view,Palm Jumeirah,1361069
102,846,2025-12-20 22:27:35.977057,shortlist,Business Bay,1920858
102,920,2025-12-25 22:27:32.233678,view,Palm Jumeirah,1084010
102,29,2025-12-25 22:27:33.018245,view,Downtown Dubai,779215
102,991,2025-12-25 22:27:36.151287,view,Downtown Dubai,780833
103,59,2025-11-28 22:27:35.382062,view,Business Bay,1706123
103,197,2025-11-29 22:27:33.485903,view,Business Bay,862455
103,85,2025-11-29 22:27:37.851374,view,Marina,623950
103,50,2025-11-30 22:27:34.066676,view,Marina,1019165
103,36,2025-12-01 22:27:33.908317,view,Downtown Dubai,1916207
103,138,2025-12-03 22:27:32.626522,view,Downtown Dubai,1664795
103,941,2025-12-04 22:27:33.751414,view,JVC,1047219
103,62,2025-12-05 22:27:31.919915,view,Marina,808449
103,431,2025-12-07 22:27:37.294126,view,Downtown Dubai,1308258
103,792,2025-12-08 22:27:32.517221,view,Marina,691387
103,29,2025-12-10 22:27:36.214007,view,Downtown Dubai,779215
103,166,2025-12-12 22:27:34.785732,view,Palm Jumeirah,1352746
103,103,2025-12-13 22:27:34.129738,view,Downtown Dubai,1965744
103,323,2025-12-15 22:27:33.407634,view,JVC,517297
103,536,2025-12-18 22:27:36.416141,view,JVC,1916842
103,916,2025-12-19 22:27:32.296686,view,JVC,631184
103,998,2025-12-24 22:27:35.069159,view,Marina,1389493
103,328,2025-12-26 22:27:32.812910,view,Marina,1727146
103,565,2025-12-27 22:27:31.761197,view,Business Bay,1904355
103,468,2025-12-27 22:27:33.281284,view,Downtown Dubai,1797991
104,197,2025-11-28 22:27:33.501559,view,Business Bay,862455
104,941,2025-12-01 22:27:35.697261,view,JVC,1047219
104,919,2025-12-02 22:27:31.872672,view,Business Bay,745300
104,500,2025-12-03 22:27:31.967677,view,Business Bay,954418
104,392,2025-12-03 22:27:35.760271,view,JVC,739779
104,678,2025-12-06 22:27:37.819617,view,JVC,1056718
104,627,2025-12-11 22:27:33.081318,view,JVC,1415113
104,472,2025-12-18 22:27:32.828631,view,JVC,718401
104,855,2025-12-22 22:27:36.166955,view,JVC,1101891
104,277,2025-12-23 22:27:31.999113,view,Business Bay,606022
104,286,2025-12-25 22:27:32.590240,view,Business Bay,1184029
104,343,2025-12-25 22:27:36.979040,view,JVC,1282877
105,4,2025-11-28 22:27:37.010531,view,JVC,1774634
105,221,2025-11-28 22:27:37.772602,view,Business Bay,1869277
105,957,2025-11-30 22:27:34.568462,view,Business Bay,1243088
105,900,2025-11-30 22:27:34.726781,view,Palm Jumeirah,1342840
105,934,2025-12-04 22:27:37.914560,view,Marina,1888509
105,195,2025-12-08 22:27:34.241252,shortlist,Marina,770914
105,802,2025-12-08 22:27:35.929596,shortlist,JVC,1301955
105,742,2025-12-08 22:27:36.151287,view,Marina,1160327
105,560,2025-12-08 22:27:36.931724,view,Marina,1896436
105,197,2025-12-09 22:27:34.161387,view,Business Bay,862455
105,667,2025-12-10 22:27:34.832773,view,JVC,1264265
105,362,2025-12-10 22:27:36.542092,view,Marina,1286261
105,62,2025-12-11 22:27:33.296938,contact_agent,Marina,808449
105,762,2025-12-11 22:27:37.646283,view,Palm Jumeirah,1175673
105,476,2025-12-13 22:27:31.806921,view,Palm Jumeirah,963937
105,723,2025-12-16 22:27:34.035360,view,Palm Jumeirah,1969793
105,240,2025-12-16 22:27:36.621360,view,Business Bay,692512
105,778,2025-12-17 22:27:33.328368,contact_agent,Palm Jumeirah,1706184
105,670,2025-12-19 22:27:36.056661,view,JVC,1244748
105,6,2025-12-20 22:27:33.477385,view,JVC,1728807
105,320,2025-12-20 22:27:36.526439,view,JVC,1248736
105,437,2025-12-22 22:27:33.234147,view,JVC,1706751
105,356,2025-12-23 22:27:31.904226,view,Marina,935477
105,811,2025-12-24 22:27:34.114079,view,Marina,637686
105,45,2025-12-25 22:27:32.812910,view,JVC,739968
105,9,2025-12-27 22:27:32.229935,view,JVC,914600
105,37,2025-12-27 22:27:37.104894,view,Palm Jumeirah,1078688
106,703,2025-11-30 22:27:32.525228,view,Marina,1363659
106,474,2025-12-03 22:27:34.958835,view,JVC,659292
106,983,2025-12-05 22:27:36.747180,view,Business Bay,1414565
106,957,2025-12-06 22:27:31.770243,shortlist,Business Bay,1243088
106,677,2025-12-08 22:27:36.542092,view,Downtown Dubai,1098506
106,468,2025-12-09 22:27:35.195138,shortlist,Downtown Dubai,1797991
106,131,2025-12-10 22:27:35.116356,view,Marina,914994
106,411,2025-12-12 22:27:35.618659,view,Palm Jumeirah,921280
106,78,2025-12-18 22:27:32.685978,view,JVC,794746
106,895,2025-12-19 22:27:37.010531,view,Marina,797675
106,280,2025-12-20 22:27:32.371706,view,Downtown Dubai,970529
106,644,2025-12-23 22:27:34.285406,view,JVC,1176296
106,301,2025-12-24 22:27:34.285406,view,JVC,1173218
106,186,2025-12-25 22:27:35.179400,view,Business Bay,588668
106,895,2025-12-25 22:27:36.947409,view,Marina,797675
106,7,2025-12-26 22:27:36.400390,view,Business Bay,622775
106,765,2025-12-27 22:27:31.853760,contact_agent,Downtown Dubai,1594316
106,45,2025-12-27 22:27:33.101011,view,JVC,739968
107,773,2025-11-28 22:27:36.261867,view,JVC,1253494
107,382,2025-11-28 22:27:36.637455,view,Downtown Dubai,1371522
107,378,2025-12-02 22:27:34.679502,view,Palm Jumeirah,1062060
107,959,2025-12-03 22:27:35.835614,view,Downtown Dubai,559778
107,788,2025-12-04 22:27:33.065626,view,Downtown Dubai,1425779
107,917,2025-12-04 22:27:33.423343,view,JVC,1635627
107,900,2025-12-05 22:27:34.395899,view,Palm Jumeirah,1342840
107,993,2025-12-08 22:27:35.449245,view,JVC,1588963
107,434,2025-12-12 22:27:32.607995,view,JVC,681948
107,474,2025-12-14 22:27:33.782751,view,JVC,659292
107,362,2025-12-14 22:27:34.474315,view,Marina,1286261
107,526,2025-12-16 22:27:33.751414,view,JVC,1078526
107,997,2025-12-19 22:27:34.489983,view,Marina,1334874
107,741,2025-12-20 22:27:32.525228,view,JVC,781854
107,330,2025-12-21 22:27:34.145735,view,JVC,1833572
107,213,2025-12-21 22:27:37.230825,view,Business Bay,1853324
107,322,2025-12-23 22:27:33.120766,contact_agent,Downtown Dubai,745404
107,676,2025-12-24 22:27:32.655167,view,JVC,1534186
107,386,2025-12-25 22:27:32.542982,view,Business Bay,1102276
107,627,2025-12-26 22:27:33.712495,view,JVC,1415113
108,274,2025-11-28 22:27:33.281284,view,Palm Jumeirah,1361069
108,678,2025-11-28 22:27:34.395899,view,JVC,1056718
108,920,2025-12-01 22:27:36.794383,view,Palm Jumeirah,1084010
108,4,2025-12-05 22:27:36.963350,view,JVC,1774634
108,148,2025-12-06 22:27:31.872672,view,Downtown Dubai,1857453
108,103,2025-12-06 22:27:35.712920,view,Downtown Dubai,1965744
108,853,2025-12-06 22:27:37.427259,view,Marina,1284192
108,750,2025-12-06 22:27:37.614489,view,Palm Jumeirah,1894316
108,828,2025-12-07 22:27:32.939586,view,Business Bay,708859
108,413,2025-12-07 22:27:35.929596,view,Business Bay,841207
108,468,2025-12-07 22:27:36.182615,view,Downtown Dubai,1797991
108,29,2025-12-09 22:27:32.481975,shortlist,Downtown Dubai,779215
108,611,2025-12-11 22:27:32.844287,view,Downtown Dubai,1306564
108,488,2025-12-16 22:27:34.765733,view,Downtown Dubai,1013313
108,957,2025-12-17 22:27:36.447880,view,Business Bay,1243088
108,900,2025-12-19 22:27:36.245845,view,Palm Jumeirah,1342840
108,619,2025-12-19 22:27:37.523679,contact_agent,Marina,1561404
108,145,2025-12-22 22:27:35.571323,view,Palm Jumeirah,577175
108,615,2025-12-24 22:27:33.160814,view,JVC,1237954
108,135,2025-12-24 22:27:34.974549,view,JVC,965982
108,795,2025-12-24 22:27:36.324648,view,JVC,1874073
109,382,2025-11-28 22:27:33.218442,view,Downtown Dubai,1371522
109,421,2025-11-28 22:27:35.760271,view,JVC,914299
109,137,2025-12-05 22:27:33.152270,view,JVC,773146
109,587,2025-12-06 22:27:36.040977,view,Marina,1918412
109,927,2025-12-06 22:27:37.057747,view,Business Bay,1490029
109,274,2025-12-07 22:27:35.132012,view,Palm Jumeirah,1361069
109,703,2025-12-09 22:27:34.177072,view,Marina,1363659
109,172,2025-12-09 22:27:37.089117,view,Marina,960796
109,50,2025-12-12 22:27:33.628134,view,Marina,1019165
109,765,2025-12-14 22:27:34.974549,view,Downtown Dubai,1594316
109,354,2025-12-16 22:27:36.510741,view,Business Bay,667647
109,529,2025-12-17 22:27:37.709313,view,Palm Jumeirah,1314422
109,250,2025-12-18 22:27:36.668888,view,Palm Jumeirah,1147341
109,303,2025-12-20 22:27:36.653111,view,Downtown Dubai,1103291
109,32,2025-12-21 22:27:35.334447,view,Downtown Dubai,773349
109,594,2025-12-22 22:27:37.819617,view,Downtown Dubai,1794315
109,906,2025-12-24 22:27:36.931724,view,Business Bay,519477
109,70,2025-12-25 22:27:32.532974,view,Business Bay,1345474
109,351,2025-12-26 22:27:34.301091,view,Palm Jumeirah,1350350
109,451,2025-12-26 22:27:35.587005,view,Business Bay,1188152
110,772,2025-11-29 22:27:32.184417,view,Business Bay,1535891
110,155,2025-11-30 22:27:33.174523,view,Downtown Dubai,1729787
110,78,2025-12-01 22:27:35.005977,view,JVC,794746
110,17,2025-12-03 22:27:32.923922,view,Marina,580257
110,452,2025-12-06 22:27:35.302649,view,Downtown Dubai,902980
110,488,2025-12-11 22:27:32.365701,view,Downtown Dubai,1013313
110,991,2025-12-11 22:27:34.285406,view,Downtown Dubai,780833
110,686,2025-12-11 22:27:36.479360,view,Marina,624932
110,939,2025-12-14 22:27:33.375807,view,Downtown Dubai,983455
110,173,2025-12-14 22:27:37.325465,view,Palm Jumeirah,1504001
110,319,2025-12-16 22:27:34.726781,view,Business Bay,1307744
110,307,2025-12-17 22:27:32.375449,view,Marina,1219407
110,168,2025-12-18 22:27:33.533259,view,Palm Jumeirah,1476433
110,138,2025-12-18 22:27:34.631909,view,Downtown Dubai,1664795
110,413,2025-12-18 22:27:36.715861,view,Business Bay,841207
110,941,2025-12-19 22:27:36.558079,view,JVC,1047219
110,853,2025-12-19 22:27:36.916072,view,Marina,1284192
110,277,2025-12-20 22:27:32.685978,view,Business Bay,606022
110,586,2025-12-20 22:27:34.958835,view,Downtown Dubai,1001590
110,7,2025-12-20 22:27:37.230825,view,Business Bay,622775
110,769,2025-12-22 22:27:36.700206,view,JVC,1301849
110,461,2025-12-23 22:27:31.904226,view,Palm Jumeirah,1886689
110,474,2025-12-24 22:27:36.384326,view,JVC,659292
110,298,2025-12-24 22:27:37.057747,view,Downtown Dubai,1546161
110,392,2025-12-25 22:27:34.380201,view,JVC,739779
110,914,2025-12-27 22:27:32.509476,view,Business Bay,1323759
110,150,2025-12-27 22:27:33.533259,view,Palm Jumeirah,595028
111,750,2025-11-28 22:27:36.826108,view,Palm Jumeirah,1894316
111,322,2025-11-30 22:27:35.961151,view,Downtown Dubai,745404
111,429,2025-11-30 22:27:36.574102,shortlist,Business Bay,1135719
111,267,2025-12-02 22:27:35.897847,view,Palm Jumeirah,1872070
111,7,2025-12-05 22:27:34.767792,view,Business Bay,622775
111,250,2025-12-06 22:27:34.848462,view,Palm Jumeirah,1147341
111,788,2025-12-08 22:27:31.951629,contact_agent,Downtown Dubai,1425779
111,301,2025-12-08 22:27:37.341247,contact_agent,JVC,1173218
111,69,2025-12-10 22:27:33.987977,view,Marina,1906368
111,991,2025-12-13 22:27:36.009292,view,Downtown Dubai,780833
111,70,2025-12-14 22:27:32.031021,view,Business Bay,1345474
111,62,2025-12-15 22:27:33.829898,view,Marina,808449
111,7,2025-12-21 22:27:32.345945,view,Business Bay,622775
111,267,2025-12-24 22:27:36.901425,view,Palm Jumeirah,1872070
111,900,2025-12-27 22:27:37.426226,view,Palm Jumeirah,1342840
112,351,2025-11-28 22:27:35.413489,view,Palm Jumeirah,1350350
112,319,2025-11-30 22:27:36.947409,view,Business Bay,1307744
112,128,2025-12-01 22:27:37.278440,view,Palm Jumeirah,1015693
112,670,2025-12-02 22:27:32.939586,view,JVC,1244748
112,769,2025-12-02 22:27:33.375807,view,JVC,1301849
112,727,2025-12-04 22:27:33.234147,contact_agent,JVC,1598657
112,382,2025-12-04 22:27:36.182615,view,Downtown Dubai,1371522
112,500,2025-12-07 22:27:37.867422,view,Business Bay,954418
112,954,2025-12-08 22:27:34.411577,view,Downtown Dubai,1152755
112,322,2025-12-09 22:27:36.463705,view,Downtown Dubai,745404
112,920,2025-12-10 22:27:36.024976,view,Palm Jumeirah,1084010
112,294,2025-12-13 22:27:35.449245,view,Business Bay,1861303
112,634,2025-12-13 22:27:36.700206,view,JVC,529336
112,171,2025-12-13 22:27:36.874409,view,Marina,901067
112,298,2025-12-14 22:27:32.237681,shortlist,Downtown Dubai,1546161
112,803,2025-12-14 22:27:36.731523,view,JVC,1611009
112,886,2025-12-15 22:27:36.479360,view,JVC,1192924
112,735,2025-12-18 22:27:36.668888,view,Business Bay,1112181
112,414,2025-12-21 22:27:34.395899,view,Palm Jumeirah,1730746
112,905,2025-12-22 22:27:35.618659,view,Palm Jumeirah,1875607
112,516,2025-12-23 22:27:34.785732,shortlist,Business Bay,1779180
112,640,2025-12-25 22:27:33.065626,view,Business Bay,1947947
112,986,2025-12-25 22:27:33.477385,view,Marina,1277567
112,222,2025-12-25 22:27:35.850785,shortlist,Business Bay,1249971
112,381,2025-12-26 22:27:32.369705,view,Palm Jumeirah,1692931
112,320,2025-12-26 22:27:37.089117,view,JVC,1248736
112,14,2025-12-27 22:27:37.630182,view,JVC,1948763
113,788,2025-11-29 22:27:31.792106,shortlist,Downtown Dubai,1425779
113,298,2025-11-29 22:27:32.241684,view,Downtown Dubai,1546161
113,153,2025-11-29 22:27:33.407634,view,Marina,663834
113,718,2025-12-01 22:27:32.619744,view,Downtown Dubai,1849590
113,155,2025-12-03 22:27:33.861224,view,Downtown Dubai,1729787
113,917,2025-12-09 22:27:32.235679,view,JVC,1635627
113,957,2025-12-09 22:27:35.274920,view,Business Bay,1243088
113,765,2025-12-11 22:27:37.341247,view,Downtown Dubai,1594316
113,66,2025-12-12 22:27:32.422706,view,Marina,690237
113,479,2025-12-12 22:27:33.081318,contact_agent,Marina,1692097
113,85,2025-12-15 22:27:37.851374,view,Marina,623950
113,32,2025-12-22 22:27:33.814098,view,Downtown Dubai,773349
114,916,2025-11-28 22:27:37.120546,view,JVC,631184
114,70,2025-11-29 22:27:34.927497,view,Business Bay,1345474
114,670,2025-11-30 22:27:35.147694,view,JVC,1244748
114,70,2025-12-01 22:27:36.447880,view,Business Bay,1345474
114,828,2025-12-02 22:27:32.204172,view,Business Bay,708859
114,500,2025-12-07 22:27:37.401939,view,Business Bay,954418
114,801,2025-12-13 22:27:33.643839,view,Business Bay,1186268
114,135,2025-12-14 22:27:32.269185,view,JVC,965982
114,70,2025-12-18 22:27:36.088299,view,Business Bay,1345474
114,802,2025-12-23 22:27:34.663539,view,JVC,1301955
114,99,2025-12-25 22:27:31.999113,view,Business Bay,943316
114,919,2025-12-25 22:27:33.218442,view,Business Bay,745300
114,906,2025-12-25 22:27:33.767085,contact_agent,Business Bay,519477
114,670,2025-12-25 22:27:34.974549,view,JVC,1244748
115,983,2025-11-28 22:27:32.529231,view,Business Bay,1414565
115,551,2025-12-01 22:27:36.040977,view,JVC,1255612
115,678,2025-12-05 22:27:32.062391,view,JVC,1056718
115,451,2025-12-05 22:27:34.051015,view,Business Bay,1188152
115,678,2025-12-05 22:27:36.842168,view,JVC,1056718
115,386,2025-12-05 22:27:37.419634,view,Business Bay,1102276
115,323,2025-12-06 22:27:32.702049,view,JVC,517297
115,434,2025-12-07 22:27:35.318583,view,JVC,681948
115,99,2025-12-07 22:27:35.665778,view,Business Bay,943316
115,556,2025-12-08 22:27:36.637455,view,Business Bay,785622
115,735,2025-12-12 22:27:32.290942,view,Business Bay,1112181
115,500,2025-12-12 22:27:37.541793,view,Business Bay,954418
115,627,2025-12-14 22:27:33.182765,view,JVC,1415113
115,320,2025-12-15 22:27:35.539550,view,JVC,1248736
115,98,2025-12-16 22:27:32.450469,view,JVC,1127220
115,735,2025-12-17 22:27:34.679502,view,Business Bay,1112181
115,738,2025-12-18 22:27:36.621360,view,JVC,639227
115,927,2025-12-19 22:27:35.776109,view,Business Bay,1490029
115,644,2025-12-20 22:27:35.179400,view,JVC,1176296
115,137,2025-12-23 22:27:33.940169,shortlist,JVC,773146
115,526,2025-12-24 22:27:35.618659,view,JVC,1078526
115,862,2025-12-25 22:27:33.187991,view,Business Bay,1037977
115,320,2025-12-27 22:27:37.278440,view,JVC,1248736
116,509,2025-11-29 22:27:32.749764,view,Downtown Dubai,1695885
116,267,2025-11-29 22:27:32.828631,view,Palm Jumeirah,1872070
116,137,2025-11-29 22:27:37.582497,view,JVC,773146
116,648,2025-12-03 22:27:37.554074,view,Marina,1052439
116,303,2025-12-12 22:27:37.788279,view,Downtown Dubai,1103291
116,287,2025-12-13 22:27:36.589762,view,Palm Jumeirah,1010370
116,586,2025-12-13 22:27:37.630182,view,Downtown Dubai,1001590
116,954,2025-12-15 22:27:31.951629,view,Downtown Dubai,1152755
116,795,2025-12-16 22:27:35.021784,view,JVC,1874073
116,830,2025-12-17 22:27:34.269269,view,Business Bay,545475
116,745,2025-12-17 22:27:37.851374,view,Downtown Dubai,1985255
116,670,2025-12-19 22:27:32.015066,view,JVC,1244748
116,655,2025-12-20 22:27:36.495041,contact_agent,Palm Jumeirah,1262371
116,925,2025-12-20 22:27:36.775167,view,Downtown Dubai,1690456
116,655,2025-12-22 22:27:36.261867,shortlist,Palm Jumeirah,1262371
116,914,2025-12-23 22:27:34.066676,view,Business Bay,1323759
116,906,2025-12-24 22:27:37.042084,view,Business Bay,519477
116,408,2025-12-26 22:27:37.709313,view,Marina,1916953
117,318,2025-11-28 22:27:35.179400,view,Palm Jumeirah,568803
117,983,2025-11-30 22:27:32.062391,view,Business Bay,1414565
117,3,2025-12-01 22:27:36.558079,view,Downtown Dubai,1450162
117,916,2025-12-08 22:27:33.691849,view,JVC,631184
117,718,2025-12-08 22:27:36.324648,view,Downtown Dubai,1849590
117,934,2025-12-10 22:27:34.974549,view,Marina,1888509
117,488,2025-12-10 22:27:36.214007,view,Downtown Dubai,1013313
117,323,2025-12-13 22:27:32.685978,view,JVC,517297
117,503,2025-12-14 22:27:33.120766,contact_agent,Marina,1062621
117,848,2025-12-14 22:27:37.819617,view,JVC,1945065
117,886,2025-12-16 22:27:32.190422,view,JVC,1192924
117,709,2025-12-17 22:27:33.296938,view,Palm Jumeirah,1656618
117,297,2025-12-18 22:27:32.655167,view,Marina,1697162
117,966,2025-12-19 22:27:37.026214,shortlist,Downtown Dubai,1898949
117,510,2025-12-19 22:27:37.835300,view,Marina,1656083
117,254,2025-12-20 22:27:34.568462,view,JVC,1701838
117,322,2025-12-22 22:27:33.861224,view,Downtown Dubai,745404
117,468,2025-12-24 22:27:33.296938,view,Downtown Dubai,1797991
117,598,2025-12-25 22:27:37.661947,view,Marina,1789467
117,481,2025-12-27 22:27:35.492085,view,Palm Jumeirah,737199
118,645,2025-12-01 22:27:35.977057,view,Marina,879039
118,510,2025-12-01 22:27:36.229728,view,Marina,1656083
118,488,2025-12-02 22:27:34.864304,view,Downtown Dubai,1013313
118,46,2025-12-04 22:27:37.899051,view,JVC,788963
118,418,2025-12-05 22:27:36.574102,view,JVC,1972178
118,745,2025-12-08 22:27:35.037839,contact_agent,Downtown Dubai,1985255
118,45,2025-12-09 22:27:32.550728,view,JVC,739968
118,324,2025-12-09 22:27:32.797257,view,JVC,1288443
118,167,2025-12-11 22:27:36.893169,view,Palm Jumeirah,922381
118,957,2025-12-12 22:27:36.479360,view,Business Bay,1243088
118,516,2025-12-14 22:27:32.923922,view,Business Bay,1779180
118,997,2025-12-17 22:27:35.100507,view,Marina,1334874
118,594,2025-12-18 22:27:37.073407,view,Downtown Dubai,1794315
118,586,2025-12-19 22:27:34.974549,view,Downtown Dubai,1001590
118,870,2025-12-25 22:27:36.715861,view,Palm Jumeirah,542291
118,309,2025-12-27 22:27:34.880092,view,Palm Jumeirah,837913
119,25,2025-11-29 22:27:33.751414,view,Downtown Dubai,1275158
119,846,2025-11-29 22:27:35.350476,view,Business Bay,1920858
119,222,2025-11-30 22:27:33.798437,view,Business Bay,1249971
119,773,2025-11-30 22:27:35.100507,view,JVC,1253494
119,139,2025-11-30 22:27:35.242661,view,Business Bay,1889330
119,69,2025-12-02 22:27:35.084845,view,Marina,1906368
119,45,2025-12-03 22:27:36.040977,view,JVC,739968
119,925,2025-12-05 22:27:36.781005,view,Downtown Dubai,1690456
119,906,2025-12-10 22:27:34.035360,view,Business Bay,519477
119,14,2025-12-13 22:27:33.956201,view,JVC,1948763
119,608,2025-12-17 22:27:34.927497,view,JVC,1605710
119,914,2025-12-23 22:27:37.432995,view,Business Bay,1323759
119,265,2025-12-25 22:27:35.295450,view,Downtown Dubai,937625
119,351,2025-12-27 22:27:37.026214,view,Palm Jumeirah,1350350
119,163,2025-12-27 22:27:37.788279,view,JVC,1623389
120,523,2025-11-30 22:27:34.097995,view,Downtown Dubai,769160
120,425,2025-12-04 22:27:31.999113,view,Marina,625438
120,221,2025-12-04 22:27:35.226970,view,Business Bay,1869277
120,617,2025-12-06 22:27:34.380201,view,Business Bay,1207173
120,501,2025-12-07 22:27:37.552010,view,Palm Jumeirah,1972542
120,330,2025-12-08 22:27:31.951629,view,JVC,1833572
120,328,2025-12-10 22:27:36.773165,view,Marina,1727146
120,536,2025-12-10 22:27:37.357047,view,JVC,1916842
120,991,2025-12-11 22:27:37.788279,view,Downtown Dubai,780833
120,939,2025-12-12 22:27:33.564660,view,Downtown Dubai,983455
120,675,2025-12-13 22:27:35.429279,view,Business Bay,1797819
120,771,2025-12-16 22:27:36.637455,view,Downtown Dubai,1661068
120,792,2025-12-17 22:27:33.643839,view,Marina,691387
120,6,2025-12-18 22:27:32.403211,view,JVC,1728807
120,855,2025-12-20 22:27:35.697261,view,JVC,1101891
120,453,2025-12-22 22:27:36.432216,view,Marina,1538336
120,742,2025-12-26 22:27:32.797257,view,Marina,1160327
120,677,2025-12-27 22:27:37.215116,shortlist,Downtown Dubai,1098506
121,607,2025-12-03 22:27:37.661947,view,Downtown Dubai,562507
121,983,2025-12-04 22:27:36.857851,view,Business Bay,1414565
121,599,2025-12-05 22:27:32.546725,view,Downtown Dubai,664074
121,145,2025-12-05 22:27:35.476419,shortlist,Palm Jumeirah,577175
121,416,2025-12-05 22:27:35.492085,view,Downtown Dubai,1092632
121,91,2025-12-06 22:27:32.062391,view,Downtown Dubai,1804766
121,667,2025-12-06 22:27:36.637455,view,JVC,1264265
121,839,2025-12-07 22:27:37.057747,view,Palm Jumeirah,727189
121,801,2025-12-09 22:27:37.388784,view,Business Bay,1186268
121,321,2025-12-11 22:27:32.450469,view,Downtown Dubai,1199539
121,334,2025-12-11 22:27:36.589762,view,JVC,1328791
121,408,2025-12-13 22:27:37.329450,view,Marina,1916953
121,431,2025-12-14 22:27:33.987977,view,Downtown Dubai,1308258
121,487,2025-12-15 22:27:36.542092,view,Marina,1251518
121,286,2025-12-16 22:27:35.179400,view,Business Bay,1184029
121,131,2025-12-20 22:27:37.646283,view,Marina,914994
121,17,2025-12-21 22:27:36.368381,view,Marina,580257
121,668,2025-12-23 22:27:37.278440,view,Marina,808617
121,309,2025-12-27 22:27:34.848462,view,Palm Jumeirah,837913
121,516,2025-12-27 22:27:36.293332,view,Business Bay,1779180
122,957,2025-11-30 22:27:37.483691,view,Business Bay,1243088
122,173,2025-12-01 22:27:32.828631,view,Palm Jumeirah,1504001
122,139,2025-12-03 22:27:35.449245,view,Business Bay,1889330
122,834,2025-12-04 22:27:37.677650,view,Marina,1344081
122,899,2025-12-05 22:27:36.558079,view,Downtown Dubai,763625
122,686,2025-12-06 22:27:36.495041,view,Marina,624932
122,282,2025-12-07 22:27:35.037839,view,JVC,661445
122,99,2025-12-08 22:27:32.198429,view,Business Bay,943316
122,17,2025-12-10 22:27:37.803964,view,Marina,580257
122,772,2025-12-11 22:27:34.249804,view,Business Bay,1535891
122,155,2025-12-11 22:27:36.916072,view,Downtown Dubai,1729787
122,297,2025-12-14 22:27:35.318583,view,Marina,1697162
122,730,2025-12-17 22:27:35.318583,view,Palm Jumeirah,1949991
122,320,2025-12-17 22:27:36.324648,shortlist,JVC,1248736
122,394,2025-12-19 22:27:35.681524,view,Marina,1288140
122,811,2025-12-19 22:27:37.507239,view,Marina,637686
122,678,2025-12-22 22:27:34.489983,view,JVC,1056718
122,216,2025-12-22 22:27:36.947409,view,Palm Jumeirah,1369807
122,267,2025-12-23 22:27:35.350476,contact_agent,Palm Jumeirah,1872070
122,138,2025-12-23 22:27:35.397725,shortlist,Downtown Dubai,1664795
123,769,2025-11-28 22:27:32.749764,view,JVC,1301849
123,875,2025-11-29 22:27:33.564660,view,Downtown Dubai,837369
123,545,2025-11-29 22:27:34.880092,view,JVC,1460652
123,560,2025-11-30 22:27:35.195138,view,Marina,1896436
123,778,2025-12-01 22:27:37.867422,view,Palm Jumeirah,1706184
123,723,2025-12-03 22:27:33.876909,view,Palm Jumeirah,1969793
123,785,2025-12-03 22:27:37.329450,view,Business Bay,1128889
123,648,2025-12-03 22:27:37.725098,view,Marina,1052439
123,162,2025-12-05 22:27:37.388784,view,Marina,785711
123,167,2025-12-15 22:27:36.979040,view,Palm Jumeirah,922381
124,769,2025-12-01 22:27:37.294126,view,JVC,1301849
124,927,2025-12-03 22:27:37.329450,view,Business Bay,1490029
124,282,2025-12-05 22:27:35.791868,view,JVC,661445
124,982,2025-12-06 22:27:34.225051,contact_agent,Business Bay,1237090
124,177,2025-12-07 22:27:34.253885,shortlist,Business Bay,1255111
124,830,2025-12-07 22:27:35.555661,view,Business Bay,545475
124,500,2025-12-07 22:27:36.731523,shortlist,Business Bay,954418
124,130,2025-12-08 22:27:32.160920,view,JVC,739017
124,451,2025-12-08 22:27:32.733847,view,Business Bay,1188152
124,451,2025-12-08 22:27:33.407634,view,Business Bay,1188152
124,135,2025-12-10 22:27:32.243686,view,JVC,965982
124,585,2025-12-11 22:27:34.990265,view,JVC,838540
124,277,2025-12-12 22:27:32.828631,view,Business Bay,606022
124,323,2025-12-12 22:27:32.939586,shortlist,JVC,517297
124,632,2025-12-12 22:27:36.261867,view,Business Bay,792575
124,667,2025-12-14 22:27:37.042084,view,JVC,1264265
124,904,2025-12-16 22:27:33.735638,view,JVC,1115937
124,530,2025-12-16 22:27:36.810172,view,Business Bay,1234983
124,830,2025-12-17 22:27:33.391650,view,Business Bay,545475
124,282,2025-12-18 22:27:36.510741,shortlist,JVC,661445
124,277,2025-12-19 22:27:32.015066,view,Business Bay,606022
124,785,2025-12-19 22:27:34.537135,view,Business Bay,1128889
124,768,2025-12-22 22:27:37.756564,view,JVC,1206673
124,46,2025-12-23 22:27:35.993182,view,JVC,788963
124,615,2025-12-24 22:27:35.429279,view,JVC,1237954
125,392,2025-12-02 22:27:32.670306,view,JVC,739779
125,585,2025-12-03 22:27:34.411577,view,JVC,838540
125,130,2025-12-03 22:27:35.650122,view,JVC,739017
125,474,2025-12-04 22:27:36.341364,view,JVC,659292
125,768,2025-12-05 22:27:36.916072,view,JVC,1206673
125,286,2025-12-07 22:27:34.990265,view,Business Bay,1184029
125,801,2025-12-08 22:27:37.120546,view,Business Bay,1186268
125,338,2025-12-11 22:27:36.308994,view,JVC,876794
125,817,2025-12-14 22:27:35.913508,contact_agent,Business Bay,549976
125,392,2025-12-16 22:27:35.571323,view,JVC,739779
125,617,2025-12-18 22:27:35.211244,view,Business Bay,1207173
125,421,2025-12-19 22:27:34.442915,view,JVC,914299
125,319,2025-12-20 22:27:35.728604,view,Business Bay,1307744
125,495,2025-12-20 22:27:37.598447,shortlist,Business Bay,1154224
125,334,2025-12-21 22:27:32.765914,view,JVC,1328791
125,338,2025-12-22 22:27:36.885934,view,JVC,876794
125,334,2025-12-23 22:27:32.812910,view,JVC,1328791
125,70,2025-12-25 22:27:34.521303,view,Business Bay,1345474
125,667,2025-12-25 22:27:35.507778,view,JVC,1264265
126,676,2025-11-30 22:27:32.122325,view,JVC,1534186
126,902,2025-12-02 22:27:33.218442,view,Downtown Dubai,625355
126,287,2025-12-02 22:27:34.364408,view,Palm Jumeirah,1010370
126,939,2025-12-04 22:27:35.523435,view,Downtown Dubai,983455
126,438,2025-12-08 22:27:36.308994,contact_agent,Palm Jumeirah,1453692
126,19,2025-12-10 22:27:32.733847,view,Palm Jumeirah,1324143
126,221,2025-12-11 22:27:34.679502,view,Business Bay,1869277
126,334,2025-12-11 22:27:34.832773,view,JVC,1328791
126,297,2025-12-11 22:27:37.511594,view,Marina,1697162
126,274,2025-12-12 22:27:37.294126,view,Palm Jumeirah,1361069
126,565,2025-12-13 22:27:32.582233,view,Business Bay,1904355
126,651,2025-12-14 22:27:31.792106,view,JVC,1278883
126,338,2025-12-14 22:27:34.225051,view,JVC,876794
126,328,2025-12-14 22:27:37.481691,view,Marina,1727146
126,969,2025-12-17 22:27:35.571323,view,Marina,1511930
126,480,2025-12-17 22:27:36.842168,view,Palm Jumeirah,687771
126,774,2025-12-18 22:27:32.031021,view,Marina,923177
126,6,2025-12-20 22:27:34.958835,view,JVC,1728807
126,917,2025-12-20 22:27:36.510741,shortlist,JVC,1635627
126,330,2025-12-21 22:27:32.702049,view,JVC,1833572
126,163,2025-12-22 22:27:32.670306,view,JVC,1623389
126,115,2025-12-24 22:27:35.242661,view,Downtown Dubai,1221037
126,750,2025-12-24 22:27:37.089117,view,Palm Jumeirah,1894316
126,916,2025-12-27 22:27:34.801395,view,JVC,631184
126,320,2025-12-27 22:27:35.882131,view,JVC,1248736
127,222,2025-11-28 22:27:32.558735,view,Business Bay,1249971
127,320,2025-11-29 22:27:32.062391,view,JVC,1248736
127,526,2025-12-02 22:27:34.003657,view,JVC,1078526
127,137,2025-12-02 22:27:35.882131,view,JVC,773146
127,561,2025-12-03 22:27:33.391650,view,JVC,1167540
127,651,2025-12-05 22:27:36.400390,view,JVC,1278883
127,474,2025-12-06 22:27:34.066676,view,JVC,659292
127,627,2025-12-07 22:27:33.564660,view,JVC,1415113
127,967,2025-12-07 22:27:33.659495,view,JVC,1022154
127,9,2025-12-10 22:27:32.892157,view,JVC,914600
127,530,2025-12-11 22:27:31.872672,view,Business Bay,1234983
127,632,2025-12-11 22:27:35.744617,view,Business Bay,792575
127,9,2025-12-12 22:27:35.776109,view,JVC,914600
127,785,2025-12-13 22:27:32.542982,view,Business Bay,1128889
127,906,2025-12-13 22:27:32.781570,view,Business Bay,519477
127,670,2025-12-14 22:27:34.395899,view,JVC,1244748
127,277,2025-12-15 22:27:34.631909,view,Business Bay,606022
127,670,2025-12-16 22:27:33.344050,view,JVC,1244748
127,904,2025-12-16 22:27:35.897847,view,JVC,1115937
127,919,2025-12-17 22:27:35.555661,contact_agent,Business Bay,745300
127,421,2025-12-18 22:27:37.835300,view,JVC,914299
127,801,2025-12-19 22:27:36.229728,view,Business Bay,1186268
127,922,2025-12-20 22:27:33.081318,view,JVC,1353392
127,957,2025-12-22 22:27:34.114079,shortlist,Business Bay,1243088
127,551,2025-12-22 22:27:35.449245,view,JVC,1255612
127,132,2025-12-23 22:27:35.413489,view,Business Bay,1441768
127,495,2025-12-26 22:27:34.584161,view,Business Bay,1154224
127,70,2025-12-27 22:27:35.211244,view,Business Bay,1345474
128,914,2025-11-28 22:27:36.589762,view,Business Bay,1323759
128,914,2025-11-28 22:27:36.901425,view,Business Bay,1323759
128,919,2025-11-29 22:27:35.810089,view,Business Bay,745300
128,718,2025-11-29 22:27:36.874409,view,Downtown Dubai,1849590
128,386,2025-11-30 22:27:35.603000,view,Business Bay,1102276
128,701,2025-12-02 22:27:35.650122,view,Business Bay,1484156
128,886,2025-12-02 22:27:36.771163,view,JVC,1192924
128,216,2025-12-03 22:27:36.088299,view,Palm Jumeirah,1369807
128,921,2025-12-10 22:27:33.187991,view,Downtown Dubai,592036
128,828,2025-12-12 22:27:34.848462,view,Business Bay,708859
128,959,2025-12-13 22:27:32.859951,contact_agent,Downtown Dubai,559778
128,382,2025-12-13 22:27:37.819617,view,Downtown Dubai,1371522
128,232,2025-12-16 22:27:33.439002,view,JVC,1685111
128,701,2025-12-16 22:27:33.956201,view,Business Bay,1484156
128,742,2025-12-16 22:27:35.681524,view,Marina,1160327
128,603,2025-12-17 22:27:36.416141,view,Downtown Dubai,1290645
128,828,2025-12-18 22:27:34.161387,view,Business Bay,708859
128,309,2025-12-19 22:27:33.814098,view,Palm Jumeirah,837913
128,999,2025-12-19 22:27:36.384326,view,Marina,1278799
128,855,2025-12-21 22:27:31.806921,view,JVC,1101891
128,322,2025-12-24 22:27:33.475646,view,Downtown Dubai,745404
128,798,2025-12-24 22:27:37.630182,view,JVC,1924663
128,917,2025-12-25 22:27:37.397925,view,JVC,1635627
128,982,2025-12-26 22:27:32.046730,view,Business Bay,1237090
128,895,2025-12-26 22:27:36.963350,view,Marina,797675
129,50,2025-11-29 22:27:32.280934,view,Marina,1019165
129,186,2025-11-29 22:27:33.111019,view,Business Bay,588668
129,586,2025-12-01 22:27:32.170667,view,Downtown Dubai,1001590
129,488,2025-12-01 22:27:33.845565,view,Downtown Dubai,1013313
129,468,2025-12-01 22:27:37.215116,view,Downtown Dubai,1797991
129,6,2025-12-02 22:27:35.286190,view,JVC,1728807
129,701,2025-12-07 22:27:32.939586,view,Business Bay,1484156
129,870,2025-12-10 22:27:32.560737,view,Palm Jumeirah,542291
129,655,2025-12-11 22:27:37.693311,view,Palm Jumeirah,1262371
129,222,2025-12-11 22:27:37.835300,shortlist,Business Bay,1249971
129,655,2025-12-12 22:27:31.856924,view,Palm Jumeirah,1262371
129,740,2025-12-12 22:27:34.192729,view,Palm Jumeirah,1192137
129,287,2025-12-20 22:27:34.616250,view,Palm Jumeirah,1010370
129,750,2025-12-20 22:27:34.647560,view,Palm Jumeirah,1894316
129,598,2025-12-20 22:27:36.229728,view,Marina,1789467
129,686,2025-12-21 22:27:31.951629,view,Marina,624932
129,222,2025-12-21 22:27:31.983449,view,Business Bay,1249971
129,280,2025-12-22 22:27:37.661947,view,Downtown Dubai,970529
129,668,2025-12-22 22:27:37.883158,view,Marina,808617
129,324,2025-12-24 22:27:32.568482,view,JVC,1288443
129,406,2025-12-25 22:27:33.659495,view,Marina,1643647
129,128,2025-12-25 22:27:35.116356,view,Palm Jumeirah,1015693
129,419,2025-12-25 22:27:37.709313,view,Downtown Dubai,1662189
130,123,2025-11-28 22:27:34.250856,view,JVC,963001
130,634,2025-11-29 22:27:35.945263,view,JVC,529336
130,229,2025-12-03 22:27:32.907836,contact_agent,Palm Jumeirah,985757
130,265,2025-12-06 22:27:37.740841,view,Downtown Dubai,937625
130,130,2025-12-07 22:27:31.935927,view,JVC,739017
130,934,2025-12-09 22:27:33.065626,view,Marina,1888509
130,274,2025-12-11 22:27:34.082338,view,Palm Jumeirah,1361069
130,459,2025-12-14 22:27:35.882131,view,Marina,1437635
130,742,2025-12-16 22:27:35.413489,view,Marina,1160327
130,173,2025-12-18 22:27:35.850785,view,Palm Jumeirah,1504001
130,643,2025-12-19 22:27:35.587005,view,Downtown Dubai,1998339
130,581,2025-12-19 22:27:35.850785,view,Downtown Dubai,791464
130,648,2025-12-20 22:27:32.859951,view,Marina,1052439
130,70,2025-12-24 22:27:31.888534,contact_agent,Business Bay,1345474
130,801,2025-12-24 22:27:32.223928,view,Business Bay,1186268
130,677,2025-12-25 22:27:34.129738,view,Downtown Dubai,1098506
130,597,2025-12-27 22:27:32.986864,view,Palm Jumeirah,1858311
131,670,2025-11-28 22:27:36.892142,view,JVC,1244748
131,123,2025-11-29 22:27:35.211244,view,JVC,963001
131,983,2025-11-29 22:27:37.560431,view,Business Bay,1414565
131,615,2025-11-30 22:27:35.850785,shortlist,JVC,1237954
131,472,2025-12-02 22:27:32.326189,view,JVC,718401
131,854,2025-12-03 22:27:33.501559,view,Business Bay,1420114
131,70,2025-12-04 22:27:33.146265,view,Business Bay,1345474
131,785,2025-12-04 22:27:34.249804,view,Business Bay,1128889
131,130,2025-12-07 22:27:37.262377,view,JVC,739017
131,434,2025-12-14 22:27:36.637455,view,JVC,681948
131,354,2025-12-19 22:27:32.907836,view,Business Bay,667647
131,197,2025-12-21 22:27:35.650122,view,Business Bay,862455
131,919,2025-12-25 22:27:34.269269,view,Business Bay,745300
131,828,2025-12-26 22:27:33.234147,shortlist,Business Bay,708859
132,941,2025-11-28 22:27:34.832773,view,JVC,1047219
132,331,2025-11-29 22:27:35.350476,view,Palm Jumeirah,1115863
132,351,2025-12-01 22:27:31.856924,view,Palm Jumeirah,1350350
132,98,2025-12-01 22:27:35.665778,view,JVC,1127220
132,418,2025-12-04 22:27:31.935927,view,JVC,1972178
132,414,2025-12-04 22:27:33.344050,view,Palm Jumeirah,1730746
132,590,2025-12-05 22:27:33.138520,view,Palm Jumeirah,1372328
132,895,2025-12-05 22:27:34.616250,view,Marina,797675
132,307,2025-12-06 22:27:35.476419,view,Marina,1219407
132,529,2025-12-07 22:27:35.634416,view,Palm Jumeirah,1314422
132,275,2025-12-07 22:27:35.665778,view,Downtown Dubai,1356626
132,556,2025-12-08 22:27:36.198305,view,Business Bay,785622
132,650,2025-12-09 22:27:34.505647,view,Marina,773452
132,134,2025-12-09 22:27:37.899051,view,JVC,1576941
132,817,2025-12-10 22:27:32.487718,view,Business Bay,549976
132,4,2025-12-10 22:27:36.245845,view,JVC,1774634
132,670,2025-12-11 22:27:35.760271,view,JVC,1244748
132,274,2025-12-13 22:27:34.192729,view,Palm Jumeirah,1361069
132,468,2025-12-13 22:27:36.056661,view,Downtown Dubai,1797991
132,967,2025-12-13 22:27:36.700206,view,JVC,1022154
132,321,2025-12-14 22:27:33.359702,view,Downtown Dubai,1199539
132,429,2025-12-14 22:27:37.756564,view,Business Bay,1135719
132,686,2025-12-16 22:27:31.755192,contact_agent,Marina,624932
132,153,2025-12-20 22:27:36.072321,view,Marina,663834
132,914,2025-12-21 22:27:33.439002,view,Business Bay,1323759
132,788,2025-12-21 22:27:37.089117,view,Downtown Dubai,1425779
132,459,2025-12-21 22:27:37.183700,view,Marina,1437635
132,309,2025-12-22 22:27:37.199358,view,Palm Jumeirah,837913
132,240,2025-12-26 22:27:33.814098,view,Business Bay,692512
132,598,2025-12-27 22:27:37.309782,view,Marina,1789467
133,455,2025-11-28 22:27:35.993182,view,Business Bay,1668932
133,277,2025-12-01 22:27:34.442915,view,Business Bay,606022
133,705,2025-12-01 22:27:35.302649,view,Business Bay,1703920
133,59,2025-12-02 22:27:33.065626,view,Business Bay,1706123
133,886,2025-12-02 22:27:33.312669,view,JVC,1192924
133,406,2025-12-03 22:27:34.208482,view,Marina,1643647
133,451,2025-12-03 22:27:36.119817,view,Business Bay,1188152
133,732,2025-12-04 22:27:33.971918,view,Marina,924528
133,978,2025-12-05 22:27:35.650122,view,Downtown Dubai,789134
133,651,2025-12-06 22:27:37.026214,shortlist,JVC,1278883
133,597,2025-12-08 22:27:36.293332,view,Palm Jumeirah,1858311
133,216,2025-12-10 22:27:31.967677,view,Palm Jumeirah,1369807
133,839,2025-12-13 22:27:36.558079,shortlist,Palm Jumeirah,727189
133,529,2025-12-16 22:27:33.971918,view,Palm Jumeirah,1314422
133,741,2025-12-18 22:27:36.589762,view,JVC,781854
133,927,2025-12-21 22:27:34.332736,view,Business Bay,1490029
133,917,2025-12-21 22:27:34.711013,view,JVC,1635627
133,431,2025-12-22 22:27:35.523435,view,Downtown Dubai,1308258
133,991,2025-12-25 22:27:37.278440,view,Downtown Dubai,780833
133,173,2025-12-26 22:27:34.743408,view,Palm Jumeirah,1504001
133,611,2025-12-26 22:27:35.132012,view,Downtown Dubai,1306564
133,197,2025-12-26 22:27:35.476419,view,Business Bay,862455
133,560,2025-12-27 22:27:33.751414,view,Marina,1896436
133,618,2025-12-27 22:27:36.166955,view,Palm Jumeirah,1179447
133,687,2025-12-27 22:27:36.558079,view,Marina,768083
134,510,2025-11-29 22:27:33.140521,view,Marina,1656083
134,419,2025-11-29 22:27:33.296938,view,Downtown Dubai,1662189
134,597,2025-11-29 22:27:34.267268,view,Palm Jumeirah,1858311
134,362,2025-11-29 22:27:35.460757,view,Marina,1286261
134,222,2025-12-01 22:27:36.810172,view,Business Bay,1249971
134,741,2025-12-03 22:27:34.364408,view,JVC,781854
134,98,2025-12-06 22:27:36.447880,view,JVC,1127220
134,703,2025-12-07 22:27:32.015066,view,Marina,1363659
134,174,2025-12-08 22:27:36.463705,view,Palm Jumeirah,812023
134,45,2025-12-08 22:27:36.826108,view,JVC,739968
134,421,2025-12-08 22:27:37.278440,view,JVC,914299
134,331,2025-12-09 22:27:37.329450,view,Palm Jumeirah,1115863
134,495,2025-12-12 22:27:32.570484,view,Business Bay,1154224
134,749,2025-12-12 22:27:35.929596,shortlist,Marina,979083
134,28,2025-12-13 22:27:33.485903,view,Marina,1416383
134,195,2025-12-13 22:27:35.116356,view,Marina,770914
134,695,2025-12-16 22:27:34.489983,view,JVC,1895285
134,102,2025-12-16 22:27:36.621360,view,Marina,975595
134,586,2025-12-17 22:27:33.118765,view,Downtown Dubai,1001590
134,350,2025-12-17 22:27:36.700206,view,Marina,1836092
134,6,2025-12-18 22:27:33.533259,shortlist,JVC,1728807
134,418,2025-12-20 22:27:36.668888,view,JVC,1972178
134,113,2025-12-23 22:27:33.603549,view,Palm Jumeirah,1309178
134,338,2025-12-24 22:27:34.726781,view,JVC,876794
134,343,2025-12-25 22:27:33.501559,view,JVC,1282877
134,723,2025-12-26 22:27:32.733847,view,Palm Jumeirah,1969793
135,155,2025-11-29 22:27:35.831564,view,Downtown Dubai,1729787
135,735,2025-12-02 22:27:33.564660,view,Business Bay,1112181
135,309,2025-12-02 22:27:37.398619,view,Palm Jumeirah,837913
135,419,2025-12-03 22:27:33.018245,view,Downtown Dubai,1662189
135,658,2025-12-06 22:27:34.380201,view,Business Bay,642980
135,3,2025-12-08 22:27:37.136251,view,Downtown Dubai,1450162
135,750,2025-12-11 22:27:32.939586,contact_agent,Palm Jumeirah,1894316
135,802,2025-12-11 22:27:36.558079,view,JVC,1301955
135,321,2025-12-14 22:27:33.829898,view,Downtown Dubai,1199539
135,738,2025-12-17 22:27:35.492085,view,JVC,639227
135,338,2025-12-20 22:27:37.531238,view,JVC,876794
135,274,2025-12-22 22:27:32.046730,view,Palm Jumeirah,1361069
135,711,2025-12-23 22:27:33.281284,view,Marina,1607810
135,986,2025-12-24 22:27:32.556733,view,Marina,1277567
135,113,2025-12-24 22:27:32.907836,view,Palm Jumeirah,1309178
135,102,2025-12-24 22:27:37.772602,view,Marina,975595
135,453,2025-12-25 22:27:31.792106,shortlist,Marina,1538336
136,802,2025-11-28 22:27:32.094821,view,JVC,1301955
136,655,2025-11-29 22:27:33.643839,view,Palm Jumeirah,1262371
136,583,2025-11-30 22:27:34.631909,view,Palm Jumeirah,618581
136,137,2025-11-30 22:27:36.416141,view,JVC,773146
136,775,2025-12-04 22:27:35.523435,view,Palm Jumeirah,1142762
136,62,2025-12-06 22:27:34.568462,view,Marina,808449
136,811,2025-12-07 22:27:36.916072,view,Marina,637686
136,561,2025-12-09 22:27:34.631909,view,JVC,1167540
136,157,2025-12-10 22:27:33.735638,view,Palm Jumeirah,1825569
136,221,2025-12-10 22:27:34.285406,view,Business Bay,1869277
136,425,2025-12-10 22:27:35.334447,view,Marina,625438
136,849,2025-12-11 22:27:32.015066,view,Palm Jumeirah,578077
136,320,2025-12-11 22:27:36.979040,view,JVC,1248736
136,677,2025-12-13 22:27:33.612454,view,Downtown Dubai,1098506
136,330,2025-12-15 22:27:33.462424,view,JVC,1833572
136,86,2025-12-16 22:27:33.391650,contact_agent,Marina,1653224
136,186,2025-12-17 22:27:31.831834,view,Business Bay,588668
136,677,2025-12-18 22:27:33.423343,view,Downtown Dubai,1098506
136,788,2025-12-20 22:27:32.031021,view,Downtown Dubai,1425779
136,240,2025-12-20 22:27:35.163349,view,Business Bay,692512
136,419,2025-12-21 22:27:37.709313,view,Downtown Dubai,1662189
136,418,2025-12-22 22:27:34.769822,view,JVC,1972178
136,749,2025-12-22 22:27:35.650122,view,Marina,979083
136,99,2025-12-22 22:27:37.531238,view,Business Bay,943316
136,173,2025-12-23 22:27:33.485903,view,Palm Jumeirah,1504001
136,25,2025-12-23 22:27:34.726781,view,Downtown Dubai,1275158
136,28,2025-12-24 22:27:34.864304,view,Marina,1416383
136,991,2025-12-25 22:27:36.463705,view,Downtown Dubai,780833
136,686,2025-12-27 22:27:33.407634,view,Marina,624932
136,983,2025-12-27 22:27:37.486564,view,Business Bay,1414565
137,921,2025-11-28 22:27:33.180712,view,Downtown Dubai,592036
137,334,2025-11-29 22:27:34.616250,view,JVC,1328791
137,627,2025-11-29 22:27:34.943153,view,JVC,1415113
137,899,2025-11-30 22:27:34.663539,view,Downtown Dubai,763625
137,67,2025-11-30 22:27:35.429279,view,Palm Jumeirah,1356047
137,45,2025-12-01 22:27:34.743408,contact_agent,JVC,739968
137,479,2025-12-02 22:27:34.003657,view,Marina,1692097
137,923,2025-12-04 22:27:33.249970,view,Palm Jumeirah,781696
137,648,2025-12-05 22:27:35.449245,view,Marina,1052439
137,115,2025-12-08 22:27:36.731523,view,Downtown Dubai,1221037
137,922,2025-12-10 22:27:31.775633,view,JVC,1353392
137,597,2025-12-10 22:27:35.728604,view,Palm Jumeirah,1858311
137,311,2025-12-12 22:27:34.239173,view,Palm Jumeirah,828821
137,527,2025-12-15 22:27:32.473967,view,Downtown Dubai,1337393
137,788,2025-12-17 22:27:31.967677,view,Downtown Dubai,1425779
137,240,2025-12-20 22:27:36.994837,view,Business Bay,692512
137,381,2025-12-22 22:27:33.782751,view,Palm Jumeirah,1692931
137,254,2025-12-23 22:27:33.564660,view,JVC,1701838
137,597,2025-12-23 22:27:35.618659,shortlist,Palm Jumeirah,1858311
137,368,2025-12-27 22:27:33.659495,view,Business Bay,626060
138,581,2025-11-28 22:27:34.584161,view,Downtown Dubai,791464
138,56,2025-11-29 22:27:34.711013,view,Palm Jumeirah,1527557
138,556,2025-11-30 22:27:36.526439,view,Business Bay,785622
138,960,2025-11-30 22:27:36.994837,view,Business Bay,1594409
138,455,2025-12-01 22:27:37.329450,view,Business Bay,1668932
138,771,2025-12-02 22:27:33.628134,view,Downtown Dubai,1661068
138,855,2025-12-05 22:27:32.986864,view,JVC,1101891
138,495,2025-12-07 22:27:33.612454,view,Business Bay,1154224
138,479,2025-12-09 22:27:31.828738,view,Marina,1692097
138,640,2025-12-11 22:27:35.555661,view,Business Bay,1947947
138,801,2025-12-12 22:27:35.100507,view,Business Bay,1186268
138,890,2025-12-12 22:27:37.547888,view,Downtown Dubai,1523920
138,583,2025-12-14 22:27:36.432216,view,Palm Jumeirah,618581
138,900,2025-12-20 22:27:33.439002,view,Palm Jumeirah,1342840
138,227,2025-12-20 22:27:34.864304,shortlist,Downtown Dubai,1842057
138,925,2025-12-22 22:27:32.316442,view,Downtown Dubai,1690456
138,817,2025-12-25 22:27:37.486564,view,Business Bay,549976
138,769,2025-12-26 22:27:34.019313,view,JVC,1301849
138,708,2025-12-26 22:27:36.668888,view,Downtown Dubai,1247852
138,795,2025-12-27 22:27:32.507474,view,JVC,1874073
139,301,2025-11-30 22:27:34.285406,shortlist,JVC,1173218
139,802,2025-12-01 22:27:32.332195,view,JVC,1301955
139,941,2025-12-06 22:27:32.986864,view,JVC,1047219
139,132,2025-12-13 22:27:33.344050,view,Business Bay,1441768
139,634,2025-12-18 22:27:35.179400,view,JVC,529336
139,222,2025-12-18 22:27:35.728604,view,Business Bay,1249971
139,634,2025-12-19 22:27:34.395899,view,JVC,529336
139,197,2025-12-22 22:27:35.069159,view,Business Bay,862455
139,46,2025-12-22 22:27:36.416141,contact_agent,JVC,788963
139,701,2025-12-24 22:27:32.316442,view,Business Bay,1484156
139,906,2025-12-24 22:27:34.364408,view,Business Bay,519477
139,78,2025-12-26 22:27:36.842168,shortlist,JVC,794746
139,413,2025-12-27 22:27:31.856924,view,Business Bay,841207
140,516,2025-11-28 22:27:32.267183,view,Business Bay,1779180
140,474,2025-11-28 22:27:33.107016,view,JVC,659292
140,627,2025-11-29 22:27:34.943153,view,JVC,1415113
140,699,2025-11-29 22:27:36.542092,view,Business Bay,1906978
140,919,2025-12-03 22:27:36.277680,view,Business Bay,745300
140,32,2025-12-04 22:27:35.069159,view,Downtown Dubai,773349
140,880,2025-12-04 22:27:35.334447,view,JVC,1883875
140,781,2025-12-07 22:27:33.643839,view,Downtown Dubai,546002
140,991,2025-12-08 22:27:33.876909,view,Downtown Dubai,780833
140,459,2025-12-10 22:27:32.593982,view,Marina,1437635
140,977,2025-12-10 22:27:34.253885,view,Palm Jumeirah,1781506
140,854,2025-12-11 22:27:33.152270,view,Business Bay,1420114
140,254,2025-12-12 22:27:37.598447,view,JVC,1701838
140,985,2025-12-16 22:27:32.094821,view,Marina,1552425
140,728,2025-12-17 22:27:32.015066,view,Palm Jumeirah,1426215
140,330,2025-12-17 22:27:37.341247,view,JVC,1833572
140,634,2025-12-22 22:27:33.956201,view,JVC,529336
140,687,2025-12-24 22:27:37.104894,view,Marina,768083
140,501,2025-12-26 22:27:35.195138,view,Palm Jumeirah,1972542
140,356,2025-12-27 22:27:35.302649,view,Marina,935477
140,275,2025-12-27 22:27:36.072321,view,Downtown Dubai,1356626
140,597,2025-12-27 22:27:36.182615,view,Palm Jumeirah,1858311
141,303,2025-12-02 22:27:33.112759,view,Downtown Dubai,1103291
141,287,2025-12-05 22:27:32.907836,view,Palm Jumeirah,1010370
141,762,2025-12-05 22:27:35.744617,view,Palm Jumeirah,1175673
141,718,2025-12-06 22:27:32.277192,view,Downtown Dubai,1849590
141,920,2025-12-07 22:27:35.350476,contact_agent,Palm Jumeirah,1084010
141,586,2025-12-09 22:27:35.021784,view,Downtown Dubai,1001590
141,895,2025-12-11 22:27:34.332736,view,Marina,797675
141,660,2025-12-13 22:27:31.951629,view,Marina,757354
141,676,2025-12-13 22:27:35.776109,view,JVC,1534186
141,510,2025-12-17 22:27:32.655167,view,Marina,1656083
141,973,2025-12-18 22:27:34.832773,view,Downtown Dubai,1660117
141,171,2025-12-22 22:27:34.552797,view,Marina,901067
141,431,2025-12-22 22:27:36.542092,view,Downtown Dubai,1308258
141,69,2025-12-25 22:27:35.298531,view,Marina,1906368
142,768,2025-11-28 22:27:35.163349,view,JVC,1206673
142,7,2025-11-30 22:27:34.974549,view,Business Bay,622775
142,738,2025-12-01 22:27:31.822509,view,JVC,639227
142,811,2025-12-01 22:27:35.413489,view,Marina,637686
142,461,2025-12-02 22:27:33.312669,view,Palm Jumeirah,1886689
142,324,2025-12-02 22:27:33.715599,view,JVC,1288443
142,839,2025-12-03 22:27:36.293332,view,Palm Jumeirah,727189
142,817,2025-12-03 22:27:37.851374,view,Business Bay,549976
142,525,2025-12-04 22:27:35.866469,view,Marina,941904
142,870,2025-12-14 22:27:32.844287,view,Palm Jumeirah,542291
142,221,2025-12-15 22:27:33.018245,view,Business Bay,1869277
142,130,2025-12-16 22:27:35.760271,view,JVC,739017
142,131,2025-12-16 22:27:37.851374,view,Marina,914994
142,322,2025-12-18 22:27:33.908317,view,Downtown Dubai,745404
142,830,2025-12-25 22:27:35.961151,view,Business Bay,545475
143,185,2025-11-28 22:27:32.355954,view,JVC,3773523
143,722,2025-11-28 22:27:33.987977,contact_agent,Business Bay,3311139
143,891,2025-12-02 22:27:32.562477,view,Palm Jumeirah,4311666
143,190,2025-12-02 22:27:36.767157,view,Palm Jumeirah,4510162
143,475,2025-12-06 22:27:37.709313,view,Palm Jumeirah,3667759
143,606,2025-12-11 22:27:35.258429,view,Downtown Dubai,4094804
143,365,2025-12-12 22:27:31.872672,view,Business Bay,4744402
143,142,2025-12-12 22:27:33.296938,view,Downtown Dubai,4070599
143,816,2025-12-13 22:27:33.829898,contact_agent,Palm Jumeirah,3814344
143,691,2025-12-14 22:27:33.002524,view,Marina,3730431
143,694,2025-12-14 22:27:36.072321,view,Business Bay,4476765
143,539,2025-12-22 22:27:37.136251,view,JVC,4896650
143,859,2025-12-23 22:27:34.411577,view,Downtown Dubai,3844250
143,514,2025-12-25 22:27:33.501559,view,Business Bay,3242974
143,388,2025-12-26 22:27:37.246480,view,Downtown Dubai,3104884
144,703,2025-11-29 22:27:33.691849,view,Marina,1363659
144,742,2025-11-29 22:27:36.542092,shortlist,Marina,1160327
144,267,2025-11-30 22:27:35.350476,view,Palm Jumeirah,1872070
144,32,2025-12-01 22:27:32.876025,view,Downtown Dubai,773349
144,643,2025-12-05 22:27:33.140521,view,Downtown Dubai,1998339
144,585,2025-12-10 22:27:32.164923,view,JVC,838540
144,914,2025-12-11 22:27:35.069159,view,Business Bay,1323759
144,560,2025-12-11 22:27:37.136251,view,Marina,1896436
144,769,2025-12-12 22:27:35.760271,view,JVC,1301849
144,459,2025-12-13 22:27:36.447880,view,Marina,1437635
144,785,2025-12-14 22:27:32.489720,view,Business Bay,1128889
144,150,2025-12-14 22:27:34.474315,view,Palm Jumeirah,595028
144,4,2025-12-16 22:27:32.481975,view,JVC,1774634
144,91,2025-12-18 22:27:33.202628,view,Downtown Dubai,1804766
144,998,2025-12-18 22:27:34.332736,view,Marina,1389493
144,862,2025-12-20 22:27:34.489983,view,Business Bay,1037977
144,921,2025-12-22 22:27:33.049967,view,Downtown Dubai,592036
144,113,2025-12-22 22:27:34.019313,view,Palm Jumeirah,1309178
144,437,2025-12-23 22:27:37.788279,view,JVC,1706751
144,586,2025-12-25 22:27:35.665778,view,Downtown Dubai,1001590
144,331,2025-12-26 22:27:34.395899,view,Palm Jumeirah,1115863
145,32,2025-12-02 22:27:35.226970,shortlist,Downtown Dubai,773349
145,811,2025-12-02 22:27:35.819116,view,Marina,637686
145,42,2025-12-03 22:27:35.449245,view,JVC,1032726
145,762,2025-12-03 22:27:37.921927,view,Palm Jumeirah,1175673
145,765,2025-12-05 22:27:32.491722,view,Downtown Dubai,1594316
145,608,2025-12-07 22:27:36.574102,view,JVC,1605710
145,229,2025-12-07 22:27:37.948025,view,Palm Jumeirah,985757
145,773,2025-12-12 22:27:33.713530,view,JVC,1253494
145,301,2025-12-14 22:27:34.537135,view,JVC,1173218
145,487,2025-12-16 22:27:35.993182,view,Marina,1251518
145,292,2025-12-17 22:27:35.179400,view,Palm Jumeirah,708944
145,174,2025-12-19 22:27:32.923922,contact_agent,Palm Jumeirah,812023
145,895,2025-12-20 22:27:33.517603,view,Marina,797675
145,46,2025-12-21 22:27:35.993182,view,JVC,788963
145,880,2025-12-22 22:27:32.379452,view,JVC,1883875
145,186,2025-12-22 22:27:36.715861,view,Business Bay,588668
145,998,2025-12-23 22:27:34.801395,view,Marina,1389493
145,509,2025-12-23 22:27:35.100507,shortlist,Downtown Dubai,1695885
145,920,2025-12-23 22:27:36.605705,view,Palm Jumeirah,1084010
145,71,2025-12-26 22:27:33.533259,view,Downtown Dubai,1724744
146,509,2025-11-28 22:27:37.772602,view,Downtown Dubai,1695885
146,643,2025-11-29 22:27:34.129738,view,Downtown Dubai,1998339
146,611,2025-11-29 22:27:37.151904,view,Downtown Dubai,1306564
146,421,2025-12-02 22:27:36.261867,view,JVC,914299
146,742,2025-12-04 22:27:32.717827,view,Marina,1160327
146,841,2025-12-04 22:27:34.990265,view,Marina,1968919
146,197,2025-12-05 22:27:32.408955,view,Business Bay,862455
146,320,2025-12-10 22:27:32.765914,view,JVC,1248736
146,985,2025-12-11 22:27:33.814098,view,Marina,1552425
146,25,2025-12-11 22:27:34.177072,view,Downtown Dubai,1275158
146,438,2025-12-11 22:27:37.230825,shortlist,Palm Jumeirah,1453692
146,86,2025-12-12 22:27:34.316827,view,Marina,1653224
146,795,2025-12-13 22:27:33.485903,shortlist,JVC,1874073
146,848,2025-12-13 22:27:34.521303,view,JVC,1945065
146,750,2025-12-14 22:27:32.422706,view,Palm Jumeirah,1894316
146,216,2025-12-14 22:27:35.728604,view,Palm Jumeirah,1369807
146,172,2025-12-15 22:27:37.661947,view,Marina,960796
146,772,2025-12-19 22:27:36.040977,view,Business Bay,1535891
146,411,2025-12-20 22:27:33.517603,shortlist,Palm Jumeirah,921280
146,925,2025-12-20 22:27:34.285406,view,Downtown Dubai,1690456
146,772,2025-12-20 22:27:37.042084,view,Business Bay,1535891
146,899,2025-12-21 22:27:35.866469,view,Downtown Dubai,763625
146,848,2025-12-23 22:27:33.312669,shortlist,JVC,1945065
146,527,2025-12-23 22:27:34.177072,view,Downtown Dubai,1337393
146,9,2025-12-23 22:27:34.489983,view,JVC,914600
146,298,2025-12-23 22:27:37.740841,view,Downtown Dubai,1546161
146,619,2025-12-25 22:27:37.447068,view,Marina,1561404
147,732,2025-11-28 22:27:37.542820,view,Marina,924528
147,488,2025-12-03 22:27:33.485903,view,Downtown Dubai,1013313
147,437,2025-12-03 22:27:33.580484,shortlist,JVC,1706751
147,969,2025-12-04 22:27:32.733847,contact_agent,Marina,1511930
147,670,2025-12-07 22:27:36.366324,view,JVC,1244748
147,166,2025-12-08 22:27:34.177072,view,Palm Jumeirah,1352746
147,646,2025-12-08 22:27:36.024976,view,Marina,1028714
147,461,2025-12-13 22:27:37.073407,view,Palm Jumeirah,1886689
147,434,2025-12-16 22:27:32.357694,view,JVC,681948
147,849,2025-12-16 22:27:37.246480,view,Palm Jumeirah,578077
147,817,2025-12-21 22:27:35.776109,view,Business Bay,549976
147,874,2025-12-21 22:27:36.277680,shortlist,Marina,1208672
147,25,2025-12-22 22:27:32.243686,view,Downtown Dubai,1275158
147,896,2025-12-22 22:27:36.009292,view,Marina,1208175
147,634,2025-12-22 22:27:37.167880,view,JVC,529336
147,213,2025-12-23 22:27:34.711013,view,Business Bay,1853324
147,66,2025-12-25 22:27:32.702049,view,Marina,690237
147,895,2025-12-25 22:27:36.979040,view,Marina,797675
147,848,2025-12-26 22:27:34.600305,view,JVC,1945065
147,412,2025-12-26 22:27:37.788279,view,Palm Jumeirah,1409245
148,503,2025-11-29 22:27:35.587005,view,Marina,1062621
148,886,2025-11-30 22:27:33.099009,contact_agent,JVC,1192924
148,950,2025-12-04 22:27:37.486564,view,Marina,595556
148,982,2025-12-04 22:27:37.556140,view,Business Bay,1237090
148,954,2025-12-11 22:27:33.249970,view,Downtown Dubai,1152755
148,667,2025-12-11 22:27:36.009292,view,JVC,1264265
148,923,2025-12-12 22:27:35.587005,view,Palm Jumeirah,781696
148,771,2025-12-13 22:27:37.514797,view,Downtown Dubai,1661068
148,59,2025-12-13 22:27:37.740841,shortlist,Business Bay,1706123
148,615,2025-12-14 22:27:33.940169,view,JVC,1237954
148,280,2025-12-16 22:27:36.495041,view,Downtown Dubai,970529
148,158,2025-12-19 22:27:31.872672,view,JVC,1916828
148,164,2025-12-19 22:27:34.051015,view,Marina,1075919
148,986,2025-12-20 22:27:34.395899,view,Marina,1277567
148,611,2025-12-21 22:27:36.947409,view,Downtown Dubai,1306564
148,17,2025-12-22 22:27:34.427263,view,Marina,580257
149,265,2025-12-03 22:27:34.695292,view,Downtown Dubai,937625
149,102,2025-12-04 22:27:33.265626,view,Marina,975595
149,667,2025-12-04 22:27:36.324648,view,JVC,1264265
149,17,2025-12-05 22:27:32.046730,view,Marina,580257
149,618,2025-12-05 22:27:34.864304,view,Palm Jumeirah,1179447
149,479,2025-12-09 22:27:33.603549,view,Marina,1692097
149,676,2025-12-09 22:27:36.781005,view,JVC,1534186
149,123,2025-12-11 22:27:37.772602,view,JVC,963001
149,7,2025-12-14 22:27:36.040977,contact_agent,Business Bay,622775
149,982,2025-12-18 22:27:33.081318,view,Business Bay,1237090
149,413,2025-12-20 22:27:36.198305,view,Business Bay,841207
149,803,2025-12-22 22:27:32.452210,shortlist,JVC,1611009
149,232,2025-12-23 22:27:36.166955,view,JVC,1685111
149,914,2025-12-24 22:27:35.226970,contact_agent,Business Bay,1323759
150,62,2025-11-28 22:27:35.618659,contact_agent,Marina,808449
150,954,2025-11-28 22:27:35.665778,view,Downtown Dubai,1152755
150,711,2025-11-30 22:27:36.731523,view,Marina,1607810
150,500,2025-12-02 22:27:35.810089,view,Business Bay,954418
150,103,2025-12-05 22:27:36.916072,contact_agent,Downtown Dubai,1965744
150,32,2025-12-12 22:27:32.626522,view,Downtown Dubai,773349
150,633,2025-12-12 22:27:33.375807,view,Palm Jumeirah,1959700
150,437,2025-12-14 22:27:35.021784,view,JVC,1706751
150,928,2025-12-16 22:27:33.814098,view,Marina,654692
150,130,2025-12-18 22:27:33.328368,view,JVC,739017
150,587,2025-12-19 22:27:37.582497,view,Marina,1918412
150,674,2025-12-23 22:27:34.348710,view,Downtown Dubai,1234275
150,227,2025-12-25 22:27:34.035360,view,Downtown Dubai,1842057
150,516,2025-12-26 22:27:32.939586,view,Business Bay,1779180
151,111,2025-12-02 22:27:35.977057,shortlist,Palm Jumeirah,4558848
151,820,2025-12-04 22:27:36.794383,view,Palm Jumeirah,3867611
151,346,2025-12-05 22:27:32.626522,view,Palm Jumeirah,3799973
151,95,2025-12-07 22:27:37.151904,view,Palm Jumeirah,3446862
151,877,2025-12-08 22:27:32.031021,view,Palm Jumeirah,3992963
151,482,2025-12-10 22:27:34.958835,view,Business Bay,3357281
151,584,2025-12-11 22:27:36.479360,view,Marina,4352256
151,38,2025-12-14 22:27:35.977057,view,Downtown Dubai,4726156
151,95,2025-12-14 22:27:37.372983,view,Palm Jumeirah,3446862
151,691,2025-12-17 22:27:33.187991,view,Marina,3730431
151,203,2025-12-20 22:27:31.983449,view,Marina,4172277
151,196,2025-12-20 22:27:37.661947,view,Downtown Dubai,4609803
151,289,2025-12-22 22:27:32.251431,view,JVC,4915276
151,661,2025-12-23 22:27:34.225051,view,Palm Jumeirah,3706943
151,937,2025-12-23 22:27:34.943153,view,Business Bay,4608502
151,223,2025-12-24 22:27:33.407634,view,Palm Jumeirah,3093659
152,934,2025-11-28 22:27:33.180712,view,Marina,1888509
152,250,2025-11-28 22:27:33.202628,view,Palm Jumeirah,1147341
152,618,2025-11-28 22:27:34.129738,view,Palm Jumeirah,1179447
152,771,2025-11-28 22:27:36.308994,view,Downtown Dubai,1661068
152,581,2025-11-29 22:27:36.245845,view,Downtown Dubai,791464
152,658,2025-11-30 22:27:32.180675,view,Business Bay,642980
152,132,2025-12-01 22:27:33.691849,view,Business Bay,1441768
152,155,2025-12-01 22:27:35.429279,view,Downtown Dubai,1729787
152,828,2025-12-03 22:27:32.859951,view,Business Bay,708859
152,658,2025-12-05 22:27:34.285406,view,Business Bay,642980
152,29,2025-12-05 22:27:35.897847,shortlist,Downtown Dubai,779215
152,131,2025-12-06 22:27:34.129738,shortlist,Marina,914994
152,331,2025-12-10 22:27:33.892633,view,Palm Jumeirah,1115863
152,735,2025-12-10 22:27:37.756564,view,Business Bay,1112181
152,177,2025-12-12 22:27:32.797257,view,Business Bay,1255111
152,91,2025-12-13 22:27:34.458603,view,Downtown Dubai,1804766
152,354,2025-12-13 22:27:35.587005,view,Business Bay,667647
152,586,2025-12-15 22:27:37.010531,view,Downtown Dubai,1001590
152,177,2025-12-16 22:27:32.626522,view,Business Bay,1255111
152,67,2025-12-18 22:27:32.702049,view,Palm Jumeirah,1356047
152,899,2025-12-20 22:27:36.857851,view,Downtown Dubai,763625
152,745,2025-12-21 22:27:35.116356,view,Downtown Dubai,1985255
152,487,2025-12-22 22:27:36.621360,view,Marina,1251518
152,67,2025-12-23 22:27:33.002524,view,Palm Jumeirah,1356047
152,846,2025-12-24 22:27:35.555661,view,Business Bay,1920858
152,561,2025-12-27 22:27:34.177072,view,JVC,1167540
152,19,2025-12-27 22:27:37.167880,contact_agent,Palm Jumeirah,1324143
153,323,2025-11-29 22:27:33.312669,view,JVC,517297
153,712,2025-12-02 22:27:37.294126,view,Business Bay,1312283
153,282,2025-12-04 22:27:35.382062,shortlist,JVC,661445
153,919,2025-12-04 22:27:37.835300,view,Business Bay,745300
153,982,2025-12-05 22:27:33.065626,contact_agent,Business Bay,1237090
153,634,2025-12-07 22:27:31.983449,view,JVC,529336
153,914,2025-12-07 22:27:34.332736,view,Business Bay,1323759
153,658,2025-12-08 22:27:31.850659,view,Business Bay,642980
153,7,2025-12-08 22:27:32.302692,view,Business Bay,622775
153,392,2025-12-09 22:27:32.765914,view,JVC,739779
153,123,2025-12-10 22:27:35.429279,shortlist,JVC,963001
153,941,2025-12-11 22:27:33.439002,view,JVC,1047219
153,472,2025-12-11 22:27:35.334447,view,JVC,718401
153,78,2025-12-12 22:27:32.544984,view,JVC,794746
153,615,2025-12-14 22:27:34.192729,view,JVC,1237954
153,817,2025-12-14 22:27:35.929596,view,Business Bay,549976
153,434,2025-12-16 22:27:36.901425,view,JVC,681948
153,530,2025-12-19 22:27:33.628134,view,Business Bay,1234983
153,545,2025-12-22 22:27:33.798437,view,JVC,1460652
153,617,2025-12-24 22:27:35.945263,view,Business Bay,1207173
153,9,2025-12-25 22:27:32.986864,view,JVC,914600
153,320,2025-12-26 22:27:36.245845,view,JVC,1248736
154,6,2025-11-28 22:27:33.473906,view,JVC,1728807
154,67,2025-11-29 22:27:33.462424,view,Palm Jumeirah,1356047
154,128,2025-12-02 22:27:32.031021,view,Palm Jumeirah,1015693
154,168,2025-12-06 22:27:32.493723,view,Palm Jumeirah,1476433
154,177,2025-12-06 22:27:37.740841,view,Business Bay,1255111
154,993,2025-12-07 22:27:33.034256,contact_agent,JVC,1588963
154,419,2025-12-07 22:27:33.845565,view,Downtown Dubai,1662189
154,334,2025-12-08 22:27:33.049967,view,JVC,1328791
154,115,2025-12-09 22:27:34.458603,view,Downtown Dubai,1221037
154,565,2025-12-11 22:27:37.026214,contact_agent,Business Bay,1904355
154,597,2025-12-11 22:27:37.104894,view,Palm Jumeirah,1858311
154,526,2025-12-12 22:27:34.129738,view,JVC,1078526
154,145,2025-12-13 22:27:34.663539,view,Palm Jumeirah,577175
154,50,2025-12-14 22:27:33.956201,contact_agent,Marina,1019165
154,386,2025-12-16 22:27:33.049967,view,Business Bay,1102276
154,137,2025-12-16 22:27:37.693311,contact_agent,JVC,773146
154,939,2025-12-18 22:27:33.128511,view,Downtown Dubai,983455
154,828,2025-12-18 22:27:34.848462,view,Business Bay,708859
154,990,2025-12-19 22:27:35.791868,view,Downtown Dubai,551707
154,3,2025-12-21 22:27:33.612454,view,Downtown Dubai,1450162
154,895,2025-12-23 22:27:36.245845,view,Marina,797675
154,292,2025-12-25 22:27:36.198305,view,Palm Jumeirah,708944
154,132,2025-12-27 22:27:35.021784,view,Business Bay,1441768
154,132,2025-12-27 22:27:36.857851,view,Business Bay,1441768
155,431,2025-11-28 22:27:37.513593,view,Downtown Dubai,1308258
155,451,2025-11-29 22:27:32.324449,view,Business Bay,1188152
155,643,2025-12-01 22:27:33.359702,view,Downtown Dubai,1998339
155,772,2025-12-02 22:27:33.407634,view,Business Bay,1535891
155,594,2025-12-05 22:27:33.861224,view,Downtown Dubai,1794315
155,660,2025-12-10 22:27:34.003657,view,Marina,757354
155,833,2025-12-11 22:27:37.042084,view,JVC,1599577
155,615,2025-12-13 22:27:32.844287,view,JVC,1237954
155,998,2025-12-15 22:27:35.053501,contact_agent,Marina,1389493
155,22,2025-12-16 22:27:35.977057,view,Downtown Dubai,871616
155,950,2025-12-17 22:27:37.309782,view,Marina,595556
155,320,2025-12-20 22:27:35.366371,view,JVC,1248736
155,19,2025-12-22 22:27:31.919915,view,Palm Jumeirah,1324143
155,939,2025-12-22 22:27:32.892157,view,Downtown Dubai,983455
155,677,2025-12-22 22:27:33.296938,view,Downtown Dubai,1098506
155,923,2025-12-22 22:27:36.715861,view,Palm Jumeirah,781696
155,914,2025-12-23 22:27:33.861224,view,Business Bay,1323759
155,392,2025-12-24 22:27:33.564660,view,JVC,739779
155,985,2025-12-24 22:27:36.495041,view,Marina,1552425
155,801,2025-12-24 22:27:37.199358,view,Business Bay,1186268
155,294,2025-12-26 22:27:33.439002,shortlist,Business Bay,1861303
155,508,2025-12-27 22:27:35.449245,view,JVC,1711569
156,421,2025-11-28 22:27:33.580484,view,JVC,914299
156,687,2025-11-28 22:27:36.056661,view,Marina,768083
156,811,2025-12-05 22:27:35.571323,view,Marina,637686
156,319,2025-12-08 22:27:37.357047,view,Business Bay,1307744
156,324,2025-12-10 22:27:36.542092,view,JVC,1288443
156,999,2025-12-14 22:27:36.198305,view,Marina,1278799
156,421,2025-12-20 22:27:37.740841,view,JVC,914299
156,42,2025-12-22 22:27:33.814098,view,JVC,1032726
156,216,2025-12-22 22:27:37.851374,view,Palm Jumeirah,1369807
156,319,2025-12-23 22:27:34.442915,view,Business Bay,1307744
156,870,2025-12-27 22:27:36.056661,contact_agent,Palm Jumeirah,542291
156,277,2025-12-27 22:27:37.372983,view,Business Bay,606022
157,150,2025-11-28 22:27:35.866469,shortlist,Palm Jumeirah,595028
157,643,2025-11-28 22:27:36.368381,view,Downtown Dubai,1998339
157,412,2025-11-30 22:27:34.114079,view,Palm Jumeirah,1409245
157,585,2025-12-01 22:27:31.779760,view,JVC,838540
157,928,2025-12-01 22:27:34.129738,view,Marina,654692
157,923,2025-12-01 22:27:34.801395,view,Palm Jumeirah,781696
157,227,2025-12-02 22:27:33.391650,view,Downtown Dubai,1842057
157,437,2025-12-03 22:27:33.265626,view,JVC,1706751
157,508,2025-12-03 22:27:33.591093,view,JVC,1711569
157,658,2025-12-04 22:27:32.249430,view,Business Bay,642980
157,168,2025-12-04 22:27:32.876025,view,Palm Jumeirah,1476433
157,495,2025-12-04 22:27:33.002524,view,Business Bay,1154224
157,648,2025-12-05 22:27:32.781570,view,Marina,1052439
157,510,2025-12-05 22:27:36.261867,view,Marina,1656083
157,607,2025-12-07 22:27:34.801395,view,Downtown Dubai,562507
157,195,2025-12-09 22:27:32.588238,view,Marina,770914
157,631,2025-12-09 22:27:33.876909,view,Downtown Dubai,923332
157,830,2025-12-11 22:27:33.344050,view,Business Bay,545475
157,711,2025-12-12 22:27:36.341364,view,Marina,1607810
157,608,2025-12-12 22:27:36.715861,shortlist,JVC,1605710
157,328,2025-12-13 22:27:36.542092,view,Marina,1727146
157,451,2025-12-17 22:27:33.940169,view,Business Bay,1188152
157,421,2025-12-17 22:27:37.246480,view,JVC,914299
157,6,2025-12-19 22:27:34.785732,view,JVC,1728807
157,137,2025-12-20 22:27:35.274920,view,JVC,773146
157,668,2025-12-20 22:27:37.388784,view,Marina,808617
157,297,2025-12-21 22:27:36.479360,view,Marina,1697162
157,456,2025-12-22 22:27:34.663539,view,Downtown Dubai,1949087
157,186,2025-12-23 22:27:35.571323,contact_agent,Business Bay,588668
157,59,2025-12-24 22:27:34.019313,view,Business Bay,1706123
158,503,2025-11-28 22:27:35.476419,view,Marina,1062621
158,128,2025-11-28 22:27:37.010531,view,Palm Jumeirah,1015693
158,516,2025-12-02 22:27:36.151287,view,Business Bay,1779180
158,781,2025-12-03 22:27:33.987977,view,Downtown Dubai,546002
158,476,2025-12-03 22:27:34.974549,view,Palm Jumeirah,963937
158,500,2025-12-04 22:27:32.466222,view,Business Bay,954418
158,900,2025-12-04 22:27:33.148267,shortlist,Palm Jumeirah,1342840
158,699,2025-12-06 22:27:33.081318,view,Business Bay,1906978
158,846,2025-12-07 22:27:32.765914,view,Business Bay,1920858
158,773,2025-12-08 22:27:36.781005,view,JVC,1253494
158,145,2025-12-09 22:27:35.492085,view,Palm Jumeirah,577175
158,862,2025-12-10 22:27:34.552797,view,Business Bay,1037977
158,608,2025-12-11 22:27:35.242661,view,JVC,1605710
158,378,2025-12-14 22:27:37.709313,view,Palm Jumeirah,1062060
158,331,2025-12-16 22:27:37.519474,view,Palm Jumeirah,1115863
158,286,2025-12-17 22:27:37.309782,view,Business Bay,1184029
158,839,2025-12-18 22:27:35.116356,view,Palm Jumeirah,727189
158,150,2025-12-18 22:27:36.842168,view,Palm Jumeirah,595028
158,705,2025-12-19 22:27:36.495041,view,Business Bay,1703920
158,453,2025-12-20 22:27:35.334447,view,Marina,1538336
158,411,2025-12-20 22:27:36.842168,view,Palm Jumeirah,921280
158,599,2025-12-20 22:27:37.867422,view,Downtown Dubai,664074
158,451,2025-12-21 22:27:32.031021,shortlist,Business Bay,1188152
158,978,2025-12-23 22:27:35.460757,view,Downtown Dubai,789134
158,735,2025-12-25 22:27:36.794383,view,Business Bay,1112181
158,164,2025-12-25 22:27:37.104894,view,Marina,1075919
159,78,2025-11-30 22:27:32.646960,view,JVC,794746
159,643,2025-12-01 22:27:32.078176,view,Downtown Dubai,1998339
159,839,2025-12-01 22:27:37.510594,view,Palm Jumeirah,727189
159,781,2025-12-10 22:27:33.265626,view,Downtown Dubai,546002
159,738,2025-12-12 22:27:36.653111,view,JVC,639227
159,297,2025-12-12 22:27:36.792643,view,Marina,1697162
159,138,2025-12-15 22:27:32.391201,view,Downtown Dubai,1664795
159,741,2025-12-15 22:27:33.328368,view,JVC,781854
159,695,2025-12-16 22:27:32.649015,view,JVC,1895285
159,78,2025-12-17 22:27:32.282936,shortlist,JVC,794746
159,997,2025-12-17 22:27:32.939586,view,Marina,1334874
159,880,2025-12-17 22:27:34.927497,view,JVC,1883875
159,561,2025-12-18 22:27:35.650122,view,JVC,1167540
159,69,2025-12-19 22:27:32.122325,view,Marina,1906368
159,103,2025-12-20 22:27:33.126771,view,Downtown Dubai,1965744
159,709,2025-12-20 22:27:35.288252,view,Palm Jumeirah,1656618
159,973,2025-12-23 22:27:35.866469,shortlist,Downtown Dubai,1660117
159,728,2025-12-25 22:27:36.135475,view,Palm Jumeirah,1426215
159,772,2025-12-26 22:27:35.195138,view,Business Bay,1535891
159,168,2025-12-26 22:27:36.759643,view,Palm Jumeirah,1476433
159,69,2025-12-26 22:27:37.199358,view,Marina,1906368
159,590,2025-12-27 22:27:32.859951,view,Palm Jumeirah,1372328
160,66,2025-11-28 22:27:35.163349,view,Marina,690237
160,50,2025-11-29 22:27:33.714566,view,Marina,1019165
160,773,2025-11-29 22:27:36.119817,view,JVC,1253494
160,78,2025-11-29 22:27:37.120546,contact_agent,JVC,794746
160,732,2025-12-01 22:27:35.397725,view,Marina,924528
160,792,2025-12-03 22:27:34.663539,view,Marina,691387
160,728,2025-12-03 22:27:37.167880,view,Palm Jumeirah,1426215
160,50,2025-12-05 22:27:35.791868,view,Marina,1019165
160,586,2025-12-11 22:27:36.072321,view,Downtown Dubai,1001590
160,320,2025-12-11 22:27:37.073407,view,JVC,1248736
160,137,2025-12-12 22:27:31.951629,view,JVC,773146
160,328,2025-12-15 22:27:33.218442,view,Marina,1727146
160,227,2025-12-16 22:27:32.580232,view,Downtown Dubai,1842057
160,709,2025-12-16 22:27:34.380201,view,Palm Jumeirah,1656618
160,29,2025-12-18 22:27:32.298688,view,Downtown Dubai,779215
160,222,2025-12-19 22:27:35.555661,view,Business Bay,1249971
160,294,2025-12-19 22:27:36.056661,contact_agent,Business Bay,1861303
160,890,2025-12-19 22:27:36.495041,view,Downtown Dubai,1523920
160,282,2025-12-20 22:27:31.951629,contact_agent,JVC,661445
160,456,2025-12-20 22:27:36.103957,view,Downtown Dubai,1949087
160,565,2025-12-21 22:27:36.542092,view,Business Bay,1904355
160,438,2025-12-21 22:27:37.725098,view,Palm Jumeirah,1453692
160,680,2025-12-22 22:27:36.368381,view,Downtown Dubai,852414
160,781,2025-12-22 22:27:36.510741,view,Downtown Dubai,546002
160,792,2025-12-24 22:27:32.593982,view,Marina,691387
160,556,2025-12-27 22:27:36.261867,view,Business Bay,785622
161,413,2025-11-29 22:27:33.375807,view,Business Bay,841207
161,644,2025-11-29 22:27:34.066676,shortlist,JVC,1176296
161,631,2025-11-29 22:27:34.239173,view,Downtown Dubai,923332
161,645,2025-12-01 22:27:37.199358,view,Marina,879039
161,254,2025-12-02 22:27:36.009292,view,JVC,1701838
161,199,2025-12-07 22:27:34.711013,view,Marina,1534586
161,330,2025-12-08 22:27:36.229728,view,JVC,1833572
161,886,2025-12-13 22:27:33.767085,view,JVC,1192924
161,500,2025-12-13 22:27:37.803964,view,Business Bay,954418
161,703,2025-12-15 22:27:37.104894,view,Marina,1363659
161,730,2025-12-16 22:27:33.439002,view,Palm Jumeirah,1949991
161,476,2025-12-17 22:27:33.876909,view,Palm Jumeirah,963937
161,523,2025-12-18 22:27:35.571323,view,Downtown Dubai,769160
161,841,2025-12-19 22:27:32.192424,view,Marina,1968919
161,703,2025-12-20 22:27:32.797257,view,Marina,1363659
161,565,2025-12-20 22:27:36.495041,contact_agent,Business Bay,1904355
161,495,2025-12-21 22:27:36.684542,view,Business Bay,1154224
161,102,2025-12-24 22:27:34.442915,view,Marina,975595
161,123,2025-12-26 22:27:36.653111,view,JVC,963001
162,660,2025-11-30 22:27:32.702049,shortlist,Marina,757354
162,803,2025-11-30 22:27:33.798437,view,JVC,1611009
162,227,2025-12-01 22:27:33.924257,view,Downtown Dubai,1842057
162,966,2025-12-02 22:27:35.587005,view,Downtown Dubai,1898949
162,45,2025-12-08 22:27:36.700206,view,JVC,739968
162,509,2025-12-09 22:27:34.817087,view,Downtown Dubai,1695885
162,966,2025-12-11 22:27:36.947409,view,Downtown Dubai,1898949
162,338,2025-12-14 22:27:32.538979,view,JVC,876794
162,413,2025-12-15 22:27:31.779760,view,Business Bay,841207
162,168,2025-12-16 22:27:33.065626,view,Palm Jumeirah,1476433
162,173,2025-12-17 22:27:37.073407,view,Palm Jumeirah,1504001
162,425,2025-12-18 22:27:33.344050,view,Marina,625438
162,7,2025-12-18 22:27:37.740841,shortlist,Business Bay,622775
162,162,2025-12-21 22:27:35.523435,view,Marina,785711
162,419,2025-12-22 22:27:35.460757,view,Downtown Dubai,1662189
162,321,2025-12-27 22:27:36.056661,view,Downtown Dubai,1199539
163,438,2025-11-30 22:27:34.521303,view,Palm Jumeirah,1453692
163,674,2025-11-30 22:27:35.211244,view,Downtown Dubai,1234275
163,839,2025-12-01 22:27:32.229935,contact_agent,Palm Jumeirah,727189
163,503,2025-12-01 22:27:36.432216,view,Marina,1062621
163,999,2025-12-03 22:27:35.005977,view,Marina,1278799
163,565,2025-12-08 22:27:33.049967,view,Business Bay,1904355
163,765,2025-12-08 22:27:34.427263,view,Downtown Dubai,1594316
163,874,2025-12-13 22:27:32.219924,view,Marina,1208672
163,545,2025-12-16 22:27:31.806921,view,JVC,1460652
163,386,2025-12-16 22:27:35.776109,view,Business Bay,1102276
163,950,2025-12-16 22:27:36.790640,view,Marina,595556
163,954,2025-12-17 22:27:34.458603,view,Downtown Dubai,1152755
163,900,2025-12-22 22:27:32.046730,view,Palm Jumeirah,1342840
163,64,2025-12-23 22:27:35.289279,view,Marina,1033634
163,78,2025-12-26 22:27:36.198305,view,JVC,794746
163,785,2025-12-27 22:27:35.993182,view,Business Bay,1128889
163,354,2025-12-27 22:27:36.463705,view,Business Bay,667647
164,514,2025-11-28 22:27:31.872672,contact_agent,Business Bay,3242974
164,396,2025-11-29 22:27:35.195138,view,Downtown Dubai,4246037
164,373,2025-12-01 22:27:32.432715,view,Marina,3121578
164,955,2025-12-01 22:27:35.163349,contact_agent,Business Bay,4166344
164,375,2025-12-02 22:27:32.812910,contact_agent,Business Bay,4593886
164,757,2025-12-02 22:27:35.242661,view,Marina,4270771
164,336,2025-12-06 22:27:33.018245,view,JVC,3346274
164,384,2025-12-07 22:27:33.136518,view,JVC,4872216
164,929,2025-12-07 22:27:34.974549,view,JVC,4957335
164,202,2025-12-08 22:27:35.100507,view,Business Bay,3161637
164,707,2025-12-10 22:27:33.312669,view,Downtown Dubai,4110954
164,889,2025-12-14 22:27:35.587005,view,Palm Jumeirah,3600498
164,82,2025-12-15 22:27:31.824601,view,Business Bay,4302177
164,694,2025-12-15 22:27:33.596602,view,Business Bay,4476765
164,549,2025-12-16 22:27:33.081318,view,JVC,3825495
164,822,2025-12-18 22:27:36.653111,view,JVC,4142693
164,612,2025-12-19 22:27:31.999113,view,Palm Jumeirah,4418949
164,256,2025-12-20 22:27:35.037839,view,Business Bay,4979825
164,777,2025-12-20 22:27:35.945263,view,Palm Jumeirah,4204697
164,435,2025-12-22 22:27:36.479360,view,Downtown Dubai,3082814
164,777,2025-12-25 22:27:34.380201,view,Palm Jumeirah,4204697
164,433,2025-12-26 22:27:36.731523,view,Business Bay,4064462
164,559,2025-12-27 22:27:37.104894,view,JVC,4526390
164,97,2025-12-27 22:27:37.183700,shortlist,JVC,4807086
165,782,2025-11-28 22:27:37.934543,view,Palm Jumeirah,1215339
165,960,2025-11-30 22:27:36.901425,view,Business Bay,1594409
165,416,2025-12-01 22:27:36.891115,view,Downtown Dubai,1092632
165,102,2025-12-03 22:27:31.967677,view,Marina,975595
165,848,2025-12-03 22:27:36.810172,view,JVC,1945065
165,510,2025-12-06 22:27:31.779760,view,Marina,1656083
165,556,2025-12-06 22:27:32.892157,view,Business Bay,785622
165,585,2025-12-06 22:27:34.003657,view,JVC,838540
165,886,2025-12-06 22:27:34.895998,view,JVC,1192924
165,113,2025-12-09 22:27:35.476419,view,Palm Jumeirah,1309178
165,173,2025-12-10 22:27:32.377450,view,Palm Jumeirah,1504001
165,362,2025-12-10 22:27:36.368381,view,Marina,1286261
165,46,2025-12-14 22:27:34.348710,view,JVC,788963
165,768,2025-12-16 22:27:36.432216,view,JVC,1206673
165,648,2025-12-17 22:27:32.607995,view,Marina,1052439
165,959,2025-12-17 22:27:34.114079,view,Downtown Dubai,559778
165,969,2025-12-19 22:27:36.324648,view,Marina,1511930
165,906,2025-12-22 22:27:35.005977,view,Business Bay,519477
165,774,2025-12-23 22:27:32.263180,view,Marina,923177
165,399,2025-12-23 22:27:32.797257,view,Downtown Dubai,1090381
165,527,2025-12-26 22:27:34.927497,view,Downtown Dubai,1337393
166,619,2025-11-28 22:27:37.582497,view,Marina,1561404
166,240,2025-12-01 22:27:34.505647,view,Business Bay,692512
166,130,2025-12-03 22:27:33.798437,view,JVC,739017
166,879,2025-12-04 22:27:37.500862,view,Marina,796063
166,280,2025-12-05 22:27:32.385457,view,Downtown Dubai,970529
166,590,2025-12-08 22:27:37.693311,view,Palm Jumeirah,1372328
166,792,2025-12-10 22:27:36.009292,view,Marina,691387
166,516,2025-12-12 22:27:33.136518,view,Business Bay,1779180
166,605,2025-12-13 22:27:32.797257,view,Downtown Dubai,1517481
166,928,2025-12-14 22:27:35.977057,view,Marina,654692
166,928,2025-12-15 22:27:37.294126,view,Marina,654692
166,646,2025-12-16 22:27:32.670306,view,Marina,1028714
166,134,2025-12-23 22:27:34.427263,view,JVC,1576941
166,321,2025-12-23 22:27:36.308994,view,Downtown Dubai,1199539
166,356,2025-12-26 22:27:34.568462,view,Marina,935477
167,565,2025-11-28 22:27:35.993182,view,Business Bay,1904355
167,874,2025-11-29 22:27:32.554732,view,Marina,1208672
167,680,2025-11-30 22:27:35.728604,view,Downtown Dubai,852414
167,78,2025-12-02 22:27:36.621360,view,JVC,794746
167,487,2025-12-04 22:27:33.956201,view,Marina,1251518
167,848,2025-12-04 22:27:34.082338,view,JVC,1945065
167,607,2025-12-04 22:27:36.056661,view,Downtown Dubai,562507
167,461,2025-12-05 22:27:34.769822,view,Palm Jumeirah,1886689
167,130,2025-12-06 22:27:33.580484,view,JVC,739017
167,854,2025-12-09 22:27:34.489983,view,Business Bay,1420114
167,703,2025-12-14 22:27:33.407634,view,Marina,1363659
167,510,2025-12-15 22:27:33.065626,view,Marina,1656083
167,776,2025-12-16 22:27:34.082338,view,Downtown Dubai,1267876
167,723,2025-12-18 22:27:35.603000,view,Palm Jumeirah,1969793
167,99,2025-12-21 22:27:31.792106,view,Business Bay,943316
167,354,2025-12-22 22:27:35.302649,view,Business Bay,667647
167,828,2025-12-23 22:27:37.073407,view,Business Bay,708859
167,658,2025-12-25 22:27:31.856924,view,Business Bay,642980
167,298,2025-12-27 22:27:35.195138,view,Downtown Dubai,1546161
167,177,2025-12-27 22:27:35.634416,view,Business Bay,1255111
168,343,2025-11-29 22:27:33.892633,view,JVC,1282877
168,50,2025-11-29 22:27:36.024976,view,Marina,1019165
168,438,2025-11-30 22:27:33.485903,contact_agent,Palm Jumeirah,1453692
168,846,2025-12-02 22:27:37.938684,view,Business Bay,1920858
168,735,2025-12-03 22:27:31.776664,view,Business Bay,1112181
168,163,2025-12-03 22:27:37.725098,view,JVC,1623389
168,103,2025-12-06 22:27:37.479989,view,Downtown Dubai,1965744
168,275,2025-12-07 22:27:33.675182,view,Downtown Dubai,1356626
168,157,2025-12-07 22:27:34.177072,view,Palm Jumeirah,1825569
168,561,2025-12-07 22:27:35.195138,view,JVC,1167540
168,473,2025-12-07 22:27:36.072321,view,Downtown Dubai,1485132
168,834,2025-12-08 22:27:36.261867,view,Marina,1344081
168,906,2025-12-13 22:27:32.876025,view,Business Bay,519477
168,216,2025-12-16 22:27:32.655167,view,Palm Jumeirah,1369807
168,631,2025-12-16 22:27:35.147694,view,Downtown Dubai,923332
168,78,2025-12-17 22:27:37.262377,view,JVC,794746
168,991,2025-12-18 22:27:33.485903,view,Downtown Dubai,780833
168,334,2025-12-19 22:27:36.810172,view,JVC,1328791
168,670,2025-12-19 22:27:37.309782,view,JVC,1244748
168,354,2025-12-19 22:27:37.725098,view,Business Bay,667647
168,765,2025-12-20 22:27:34.003657,view,Downtown Dubai,1594316
168,934,2025-12-21 22:27:34.663539,view,Marina,1888509
168,803,2025-12-22 22:27:31.904226,view,JVC,1611009
168,155,2025-12-22 22:27:35.116356,view,Downtown Dubai,1729787
168,853,2025-12-22 22:27:35.334447,view,Marina,1284192
168,67,2025-12-24 22:27:37.851374,view,Palm Jumeirah,1356047
168,640,2025-12-25 22:27:37.677650,view,Business Bay,1947947
168,914,2025-12-26 22:27:32.797257,view,Business Bay,1323759
168,309,2025-12-27 22:27:34.631909,view,Palm Jumeirah,837913
169,788,2025-11-29 22:27:34.301091,view,Downtown Dubai,1425779
169,890,2025-12-01 22:27:31.806921,view,Downtown Dubai,1523920
169,709,2025-12-02 22:27:36.826108,view,Palm Jumeirah,1656618
169,174,2025-12-03 22:27:31.806921,view,Palm Jumeirah,812023
169,934,2025-12-03 22:27:37.294126,view,Marina,1888509
169,186,2025-12-10 22:27:34.301091,view,Business Bay,588668
169,854,2025-12-12 22:27:35.274920,view,Business Bay,1420114
169,998,2025-12-14 22:27:35.429279,view,Marina,1389493
169,303,2025-12-15 22:27:34.489983,view,Downtown Dubai,1103291
169,480,2025-12-15 22:27:35.897847,view,Palm Jumeirah,687771
169,686,2025-12-17 22:27:32.015066,view,Marina,624932
169,509,2025-12-17 22:27:32.812910,view,Downtown Dubai,1695885
169,350,2025-12-17 22:27:32.892157,view,Marina,1836092
169,900,2025-12-18 22:27:35.100507,view,Palm Jumeirah,1342840
169,468,2025-12-19 22:27:32.626522,view,Downtown Dubai,1797991
169,551,2025-12-20 22:27:32.532974,view,JVC,1255612
169,798,2025-12-23 22:27:37.630182,view,JVC,1924663
169,762,2025-12-26 22:27:33.122768,view,Palm Jumeirah,1175673
170,560,2025-12-05 22:27:35.460757,view,Marina,1896436
170,134,2025-12-07 22:27:34.990265,view,JVC,1576941
170,905,2025-12-07 22:27:37.819617,view,Palm Jumeirah,1875607
170,277,2025-12-08 22:27:33.375807,view,Business Bay,606022
170,356,2025-12-08 22:27:34.864304,view,Marina,935477
170,801,2025-12-11 22:27:33.720913,view,Business Bay,1186268
170,168,2025-12-11 22:27:36.542092,view,Palm Jumeirah,1476433
170,817,2025-12-12 22:27:37.559398,view,Business Bay,549976
170,826,2025-12-13 22:27:37.294126,view,JVC,1895796
170,448,2025-12-14 22:27:35.366371,view,Palm Jumeirah,1978768
170,607,2025-12-15 22:27:32.509476,view,Downtown Dubai,562507
170,999,2025-12-15 22:27:35.021784,view,Marina,1278799
170,199,2025-12-16 22:27:32.955285,view,Marina,1534586
170,768,2025-12-17 22:27:32.117074,view,JVC,1206673
170,890,2025-12-19 22:27:36.368381,shortlist,Downtown Dubai,1523920
170,321,2025-12-21 22:27:35.882131,view,Downtown Dubai,1199539
170,461,2025-12-22 22:27:37.357047,view,Palm Jumeirah,1886689
170,778,2025-12-22 22:27:37.819617,view,Palm Jumeirah,1706184
170,413,2025-12-23 22:27:37.537794,contact_agent,Business Bay,841207
170,916,2025-12-24 22:27:37.788279,view,JVC,631184
171,155,2025-11-28 22:27:33.065626,view,Downtown Dubai,1729787
171,778,2025-11-29 22:27:33.154272,view,Palm Jumeirah,1706184
171,954,2025-11-29 22:27:34.848462,view,Downtown Dubai,1152755
171,488,2025-12-01 22:27:34.161387,shortlist,Downtown Dubai,1013313
171,982,2025-12-02 22:27:37.262377,view,Business Bay,1237090
171,879,2025-12-05 22:27:36.901425,contact_agent,Marina,796063
171,323,2025-12-07 22:27:37.899051,view,JVC,517297
171,648,2025-12-08 22:27:32.859951,view,Marina,1052439
171,999,2025-12-09 22:27:34.895998,view,Marina,1278799
171,927,2025-12-10 22:27:34.616250,view,Business Bay,1490029
171,137,2025-12-12 22:27:33.501559,view,JVC,773146
171,508,2025-12-12 22:27:37.506239,view,JVC,1711569
171,934,2025-12-13 22:27:32.733847,view,Marina,1888509
171,693,2025-12-17 22:27:33.124770,view,Palm Jumeirah,789220
171,275,2025-12-17 22:27:35.100507,shortlist,Downtown Dubai,1356626
171,740,2025-12-20 22:27:35.929596,view,Palm Jumeirah,1192137
171,772,2025-12-23 22:27:35.523435,view,Business Bay,1535891
171,254,2025-12-24 22:27:36.368381,contact_agent,JVC,1701838
171,880,2025-12-25 22:27:34.663539,view,JVC,1883875
171,7,2025-12-26 22:27:37.894581,view,Business Bay,622775
172,168,2025-11-28 22:27:33.548940,view,Palm Jumeirah,1476433
172,309,2025-11-30 22:27:33.956201,view,Palm Jumeirah,837913
172,368,2025-12-05 22:27:35.037839,view,Business Bay,626060
172,922,2025-12-06 22:27:35.744617,view,JVC,1353392
172,801,2025-12-07 22:27:32.876025,shortlist,Business Bay,1186268
172,6,2025-12-07 22:27:33.065626,view,JVC,1728807
172,438,2025-12-09 22:27:37.772602,view,Palm Jumeirah,1453692
172,14,2025-12-15 22:27:34.066676,view,JVC,1948763
172,738,2025-12-18 22:27:33.798437,view,JVC,639227
172,138,2025-12-19 22:27:37.167880,view,Downtown Dubai,1664795
172,138,2025-12-22 22:27:37.057747,view,Downtown Dubai,1664795
172,19,2025-12-23 22:27:33.814098,view,Palm Jumeirah,1324143
172,14,2025-12-24 22:27:34.066676,view,JVC,1948763
172,667,2025-12-26 22:27:34.129738,view,JVC,1264265
172,905,2025-12-26 22:27:36.009292,view,Palm Jumeirah,1875607
173,950,2025-11-28 22:27:32.495725,view,Marina,595556
173,830,2025-11-28 22:27:37.740841,view,Business Bay,545475
173,155,2025-11-30 22:27:33.596602,view,Downtown Dubai,1729787
173,274,2025-11-30 22:27:35.397725,view,Palm Jumeirah,1361069
173,846,2025-12-01 22:27:35.681524,view,Business Bay,1920858
173,870,2025-12-01 22:27:37.467570,view,Palm Jumeirah,542291
173,150,2025-12-02 22:27:33.160814,view,Palm Jumeirah,595028
173,592,2025-12-06 22:27:35.226970,view,Business Bay,1858097
173,950,2025-12-08 22:27:34.161387,view,Marina,595556
173,776,2025-12-09 22:27:32.338200,view,Downtown Dubai,1267876
173,425,2025-12-13 22:27:34.880092,view,Marina,625438
173,899,2025-12-21 22:27:35.850785,view,Downtown Dubai,763625
173,633,2025-12-25 22:27:37.073407,shortlist,Palm Jumeirah,1959700
174,70,2025-11-29 22:27:35.993182,view,Business Bay,1345474
174,406,2025-12-01 22:27:33.118765,view,Marina,1643647
174,320,2025-12-01 22:27:34.380201,view,JVC,1248736
174,738,2025-12-02 22:27:33.344050,view,JVC,639227
174,162,2025-12-08 22:27:36.901425,view,Marina,785711
174,660,2025-12-13 22:27:32.685978,view,Marina,757354
174,28,2025-12-16 22:27:34.161387,view,Marina,1416383
174,419,2025-12-16 22:27:35.053501,view,Downtown Dubai,1662189
174,32,2025-12-20 22:27:34.911693,view,Downtown Dubai,773349
174,197,2025-12-20 22:27:36.857851,view,Business Bay,862455
174,64,2025-12-21 22:27:35.634416,view,Marina,1033634
174,386,2025-12-21 22:27:36.293332,view,Business Bay,1102276
174,162,2025-12-22 22:27:33.344050,view,Marina,785711
174,592,2025-12-22 22:27:37.935602,view,Business Bay,1858097
174,727,2025-12-24 22:27:35.258429,view,JVC,1598657
174,730,2025-12-24 22:27:36.842168,view,Palm Jumeirah,1949991
174,468,2025-12-27 22:27:37.598447,view,Downtown Dubai,1797991
175,982,2025-11-28 22:27:32.955285,view,Business Bay,1237090
175,343,2025-11-28 22:27:36.963350,view,JVC,1282877
175,817,2025-11-29 22:27:37.416654,view,Business Bay,549976
175,392,2025-12-03 22:27:36.668888,view,JVC,739779
175,392,2025-12-08 22:27:35.429279,view,JVC,739779
175,99,2025-12-09 22:27:35.571323,view,Business Bay,943316
175,617,2025-12-11 22:27:32.781570,view,Business Bay,1207173
175,667,2025-12-11 22:27:34.177072,view,JVC,1264265
175,904,2025-12-21 22:27:33.101011,view,JVC,1115937
175,135,2025-12-22 22:27:33.705233,view,JVC,965982
175,70,2025-12-23 22:27:36.308994,view,Business Bay,1345474
175,240,2025-12-24 22:27:35.318583,view,Business Bay,692512
175,7,2025-12-27 22:27:33.132515,view,Business Bay,622775
175,472,2025-12-27 22:27:36.293332,contact_agent,JVC,718401
176,429,2025-12-01 22:27:37.567539,contact_agent,Business Bay,1135719
176,46,2025-12-06 22:27:35.005977,view,JVC,788963
176,99,2025-12-07 22:27:32.269185,view,Business Bay,943316
176,651,2025-12-07 22:27:34.035360,view,JVC,1278883
176,556,2025-12-08 22:27:33.130513,view,Business Bay,785622
176,919,2025-12-10 22:27:33.924257,view,Business Bay,745300
176,817,2025-12-11 22:27:36.166955,view,Business Bay,549976
176,855,2025-12-12 22:27:33.845565,view,JVC,1101891
176,967,2025-12-12 22:27:33.987977,view,JVC,1022154
176,135,2025-12-12 22:27:34.537135,view,JVC,965982
176,634,2025-12-13 22:27:31.983449,view,JVC,529336
176,132,2025-12-15 22:27:34.145735,view,Business Bay,1441768
176,386,2025-12-16 22:27:37.167880,view,Business Bay,1102276
176,392,2025-12-17 22:27:33.814098,view,JVC,739779
176,421,2025-12-20 22:27:32.239683,shortlist,JVC,914299
176,802,2025-12-21 22:27:33.034256,view,JVC,1301955
176,530,2025-12-21 22:27:34.082338,view,Business Bay,1234983
176,738,2025-12-26 22:27:32.923922,view,JVC,639227
176,434,2025-12-26 22:27:33.767085,shortlist,JVC,681948
176,768,2025-12-27 22:27:33.735638,contact_agent,JVC,1206673
177,817,2025-11-29 22:27:34.348710,view,Business Bay,549976
177,294,2025-11-29 22:27:34.631909,view,Business Bay,1861303
177,45,2025-11-29 22:27:35.665778,view,JVC,739968
177,939,2025-11-30 22:27:37.725098,view,Downtown Dubai,983455
177,495,2025-12-06 22:27:34.801395,view,Business Bay,1154224
177,798,2025-12-09 22:27:33.501559,view,JVC,1924663
177,328,2025-12-09 22:27:33.548940,view,Marina,1727146
177,250,2025-12-09 22:27:33.940169,shortlist,Palm Jumeirah,1147341
177,468,2025-12-09 22:27:37.357047,view,Downtown Dubai,1797991
177,830,2025-12-11 22:27:33.956201,view,Business Bay,545475
177,319,2025-12-11 22:27:34.003657,view,Business Bay,1307744
177,773,2025-12-14 22:27:33.296938,view,JVC,1253494
177,603,2025-12-16 22:27:34.616250,view,Downtown Dubai,1290645
177,792,2025-12-17 22:27:35.850785,view,Marina,691387
177,583,2025-12-20 22:27:36.810172,view,Palm Jumeirah,618581
177,631,2025-12-21 22:27:36.605705,view,Downtown Dubai,923332
177,17,2025-12-25 22:27:33.344050,view,Marina,580257
177,19,2025-12-26 22:27:33.908317,view,Palm Jumeirah,1324143
178,738,2025-11-28 22:27:33.548940,view,JVC,639227
178,854,2025-11-28 22:27:35.366371,view,Business Bay,1420114
178,421,2025-12-07 22:27:35.318583,view,JVC,914299
178,983,2025-12-10 22:27:37.507239,view,Business Bay,1414565
178,670,2025-12-11 22:27:35.961151,view,JVC,1244748
178,651,2025-12-12 22:27:37.438916,view,JVC,1278883
178,78,2025-12-12 22:27:37.851374,contact_agent,JVC,794746
178,627,2025-12-17 22:27:34.616250,view,JVC,1415113
178,916,2025-12-18 22:27:35.728604,view,JVC,631184
178,474,2025-12-20 22:27:35.366371,view,JVC,659292
178,42,2025-12-22 22:27:34.316827,view,JVC,1032726
178,472,2025-12-23 22:27:34.663539,view,JVC,718401
178,919,2025-12-25 22:27:35.539550,view,Business Bay,745300
178,334,2025-12-26 22:27:34.380201,view,JVC,1328791
178,741,2025-12-26 22:27:35.760271,view,JVC,781854
178,324,2025-12-26 22:27:36.794383,contact_agent,JVC,1288443
178,354,2025-12-27 22:27:35.913508,view,Business Bay,667647
179,301,2025-11-28 22:27:32.332195,view,JVC,1173218
179,42,2025-11-29 22:27:36.715861,view,JVC,1032726
179,137,2025-11-30 22:27:36.621360,view,JVC,773146
179,651,2025-12-01 22:27:33.391650,view,JVC,1278883
179,919,2025-12-01 22:27:36.009292,view,Business Bay,745300
179,99,2025-12-04 22:27:33.564660,contact_agent,Business Bay,943316
179,319,2025-12-06 22:27:34.161387,view,Business Bay,1307744
179,197,2025-12-09 22:27:34.489983,view,Business Bay,862455
179,914,2025-12-15 22:27:37.388784,view,Business Bay,1323759
179,701,2025-12-16 22:27:35.728604,contact_agent,Business Bay,1484156
179,421,2025-12-18 22:27:32.349949,view,JVC,914299
179,240,2025-12-19 22:27:34.943153,view,Business Bay,692512
179,545,2025-12-20 22:27:35.242661,view,JVC,1460652
179,561,2025-12-22 22:27:35.760271,view,JVC,1167540
179,617,2025-12-26 22:27:34.769822,view,Business Bay,1207173
180,6,2025-11-29 22:27:35.258429,view,JVC,1728807
180,680,2025-12-01 22:27:32.286939,view,Downtown Dubai,852414
180,655,2025-12-01 22:27:33.296938,view,Palm Jumeirah,1262371
180,157,2025-12-03 22:27:33.876909,view,Palm Jumeirah,1825569
180,472,2025-12-03 22:27:35.850785,view,JVC,718401
180,318,2025-12-04 22:27:37.819617,view,Palm Jumeirah,568803
180,456,2025-12-10 22:27:37.408783,view,Downtown Dubai,1949087
180,453,2025-12-11 22:27:34.537135,view,Marina,1538336
180,879,2025-12-11 22:27:35.719527,view,Marina,796063
180,331,2025-12-11 22:27:37.294126,view,Palm Jumeirah,1115863
180,768,2025-12-14 22:27:36.166955,view,JVC,1206673
180,32,2025-12-14 22:27:37.709313,view,Downtown Dubai,773349
180,139,2025-12-16 22:27:35.828479,contact_agent,Business Bay,1889330
180,331,2025-12-17 22:27:35.334447,view,Palm Jumeirah,1115863
180,9,2025-12-20 22:27:34.769822,view,JVC,914600
180,875,2025-12-21 22:27:34.958835,view,Downtown Dubai,837369
180,982,2025-12-24 22:27:33.249970,view,Business Bay,1237090
180,529,2025-12-25 22:27:35.132012,view,Palm Jumeirah,1314422
180,775,2025-12-27 22:27:31.872672,view,Palm Jumeirah,1142762
180,849,2025-12-27 22:27:37.630182,view,Palm Jumeirah,578077
181,323,2025-11-29 22:27:37.120546,view,JVC,517297
181,828,2025-11-30 22:27:37.120546,view,Business Bay,708859
181,769,2025-12-02 22:27:32.343943,contact_agent,JVC,1301849
181,712,2025-12-04 22:27:36.400390,view,Business Bay,1312283
181,7,2025-12-05 22:27:31.856924,view,Business Bay,622775
181,123,2025-12-05 22:27:33.501559,view,JVC,963001
181,526,2025-12-06 22:27:34.114079,view,JVC,1078526
181,7,2025-12-08 22:27:37.756564,view,Business Bay,622775
181,130,2025-12-09 22:27:32.448467,view,JVC,739017
181,495,2025-12-10 22:27:36.495041,view,Business Bay,1154224
181,277,2025-12-10 22:27:37.921927,view,Business Bay,606022
181,130,2025-12-11 22:27:32.046730,view,JVC,739017
181,701,2025-12-11 22:27:35.084845,shortlist,Business Bay,1484156
181,769,2025-12-12 22:27:35.819116,view,JVC,1301849
181,854,2025-12-13 22:27:33.845565,view,Business Bay,1420114
181,678,2025-12-13 22:27:37.646283,view,JVC,1056718
181,585,2025-12-15 22:27:34.600305,view,JVC,838540
181,324,2025-12-17 22:27:35.929596,view,JVC,1288443
181,982,2025-12-17 22:27:36.245845,view,Business Bay,1237090
181,392,2025-12-21 22:27:32.031021,view,JVC,739779
181,982,2025-12-21 22:27:35.053501,view,Business Bay,1237090
181,323,2025-12-21 22:27:37.104894,shortlist,JVC,517297
181,738,2025-12-22 22:27:37.445058,contact_agent,JVC,639227
181,240,2025-12-23 22:27:36.293332,view,Business Bay,692512
181,70,2025-12-26 22:27:32.122325,view,Business Bay,1345474
181,324,2025-12-26 22:27:35.334447,view,JVC,1288443
181,769,2025-12-27 22:27:31.838049,view,JVC,1301849
181,392,2025-12-27 22:27:34.316827,view,JVC,739779
182,667,2025-11-29 22:27:33.218442,view,JVC,1264265
182,530,2025-12-02 22:27:33.735638,view,Business Bay,1234983
182,634,2025-12-02 22:27:37.230825,view,JVC,529336
182,413,2025-12-03 22:27:35.712920,view,Business Bay,841207
182,451,2025-12-08 22:27:33.160814,contact_agent,Business Bay,1188152
182,177,2025-12-10 22:27:35.100507,view,Business Bay,1255111
182,472,2025-12-14 22:27:32.812910,view,JVC,718401
182,70,2025-12-15 22:27:32.304693,shortlist,Business Bay,1345474
182,286,2025-12-15 22:27:34.177072,view,Business Bay,1184029
182,46,2025-12-16 22:27:37.341247,view,JVC,788963
182,906,2025-12-17 22:27:33.501559,view,Business Bay,519477
182,186,2025-12-18 22:27:32.702049,view,Business Bay,588668
182,617,2025-12-18 22:27:33.892633,view,Business Bay,1207173
182,197,2025-12-23 22:27:37.042084,view,Business Bay,862455
182,906,2025-12-24 22:27:34.584161,view,Business Bay,519477
182,667,2025-12-25 22:27:33.249970,view,JVC,1264265
182,421,2025-12-26 22:27:32.078176,view,JVC,914299
183,551,2025-11-29 22:27:33.908317,view,JVC,1255612
183,529,2025-12-01 22:27:35.005977,view,Palm Jumeirah,1314422
183,148,2025-12-01 22:27:35.366371,view,Downtown Dubai,1857453
183,280,2025-12-02 22:27:32.685978,view,Downtown Dubai,970529
183,303,2025-12-04 22:27:37.693311,view,Downtown Dubai,1103291
183,425,2025-12-07 22:27:33.924257,view,Marina,625438
183,615,2025-12-10 22:27:36.890076,contact_agent,JVC,1237954
183,728,2025-12-12 22:27:34.974549,view,Palm Jumeirah,1426215
183,503,2025-12-12 22:27:35.913508,view,Marina,1062621
183,150,2025-12-18 22:27:33.296938,view,Palm Jumeirah,595028
183,705,2025-12-20 22:27:35.603000,view,Business Bay,1703920
183,695,2025-12-24 22:27:36.574102,view,JVC,1895285
183,668,2025-12-25 22:27:37.357047,view,Marina,808617
183,118,2025-12-27 22:27:32.970954,view,Business Bay,1521469
184,343,2025-11-28 22:27:33.533259,view,JVC,1282877
184,855,2025-11-30 22:27:37.420667,view,JVC,1101891
184,551,2025-12-03 22:27:32.828631,view,JVC,1255612
184,481,2025-12-03 22:27:32.986864,view,Palm Jumeirah,737199
184,501,2025-12-04 22:27:34.927497,contact_agent,Palm Jumeirah,1972542
184,732,2025-12-04 22:27:36.715861,view,Marina,924528
184,130,2025-12-07 22:27:32.410957,view,JVC,739017
184,904,2025-12-12 22:27:35.037839,view,JVC,1115937
184,993,2025-12-13 22:27:33.423343,view,JVC,1588963
184,14,2025-12-15 22:27:32.527230,view,JVC,1948763
184,738,2025-12-16 22:27:32.334196,view,JVC,639227
184,982,2025-12-16 22:27:37.709313,view,Business Bay,1237090
184,645,2025-12-19 22:27:36.182615,shortlist,Marina,879039
184,28,2025-12-20 22:27:31.999113,view,Marina,1416383
184,928,2025-12-20 22:27:33.675182,view,Marina,654692
184,874,2025-12-20 22:27:36.931724,view,Marina,1208672
184,408,2025-12-23 22:27:33.265626,view,Marina,1916953
184,599,2025-12-24 22:27:36.857851,view,Downtown Dubai,664074
184,686,2025-12-25 22:27:34.395899,view,Marina,624932
184,917,2025-12-25 22:27:34.817087,view,JVC,1635627
184,45,2025-12-26 22:27:36.479360,view,JVC,739968
185,585,2025-11-28 22:27:37.294126,view,JVC,838540
185,67,2025-11-30 22:27:35.318583,view,Palm Jumeirah,1356047
185,655,2025-11-30 22:27:36.931724,view,Palm Jumeirah,1262371
185,581,2025-12-02 22:27:34.537135,view,Downtown Dubai,791464
185,418,2025-12-03 22:27:32.479973,view,JVC,1972178
185,667,2025-12-03 22:27:33.704194,view,JVC,1264265
185,328,2025-12-03 22:27:36.416141,contact_agent,Marina,1727146
185,320,2025-12-04 22:27:33.081318,shortlist,JVC,1248736
185,32,2025-12-07 22:27:35.211244,view,Downtown Dubai,773349
185,978,2025-12-11 22:27:35.618659,view,Downtown Dubai,789134
185,914,2025-12-12 22:27:37.089117,view,Business Bay,1323759
185,164,2025-12-15 22:27:37.230825,view,Marina,1075919
185,917,2025-12-18 22:27:32.566481,view,JVC,1635627
185,274,2025-12-18 22:27:36.526439,view,Palm Jumeirah,1361069
185,164,2025-12-21 22:27:34.600305,view,Marina,1075919
185,855,2025-12-22 22:27:37.294126,view,JVC,1101891
185,503,2025-12-24 22:27:33.675182,view,Marina,1062621
185,631,2025-12-26 22:27:34.411577,view,Downtown Dubai,923332
185,966,2025-12-26 22:27:35.810089,view,Downtown Dubai,1898949
186,78,2025-11-28 22:27:33.829898,view,JVC,794746
186,919,2025-11-28 22:27:37.010531,view,Business Bay,745300
186,556,2025-11-29 22:27:34.679502,view,Business Bay,785622
186,830,2025-12-01 22:27:36.558079,view,Business Bay,545475
186,46,2025-12-03 22:27:33.234147,shortlist,JVC,788963
186,957,2025-12-05 22:27:37.042084,contact_agent,Business Bay,1243088
186,526,2025-12-06 22:27:33.517603,view,JVC,1078526
186,240,2025-12-07 22:27:34.474315,view,Business Bay,692512
186,904,2025-12-07 22:27:35.961151,contact_agent,JVC,1115937
186,354,2025-12-11 22:27:35.476419,view,Business Bay,667647
186,177,2025-12-11 22:27:36.542092,view,Business Bay,1255111
186,886,2025-12-19 22:27:34.600305,view,JVC,1192924
186,712,2025-12-20 22:27:32.031021,view,Business Bay,1312283
186,42,2025-12-24 22:27:35.728604,view,JVC,1032726
186,98,2025-12-25 22:27:36.479360,view,JVC,1127220
186,678,2025-12-25 22:27:37.819617,view,JVC,1056718
186,738,2025-12-26 22:27:32.031021,view,JVC,639227
186,627,2025-12-26 22:27:32.733847,view,JVC,1415113
186,429,2025-12-27 22:27:32.215921,view,Business Bay,1135719
187,997,2025-12-02 22:27:36.324648,view,Marina,1334874
187,846,2025-12-05 22:27:33.798437,contact_agent,Business Bay,1920858
187,56,2025-12-05 22:27:34.568462,view,Palm Jumeirah,1527557
187,615,2025-12-09 22:27:33.798437,view,JVC,1237954
187,168,2025-12-11 22:27:31.983449,view,Palm Jumeirah,1476433
187,85,2025-12-11 22:27:33.081318,view,Marina,623950
187,959,2025-12-11 22:27:37.630182,view,Downtown Dubai,559778
187,59,2025-12-13 22:27:35.413489,view,Business Bay,1706123
187,594,2025-12-16 22:27:34.489983,view,Downtown Dubai,1794315
187,742,2025-12-17 22:27:35.069159,view,Marina,1160327
187,645,2025-12-18 22:27:36.040977,view,Marina,879039
187,461,2025-12-23 22:27:35.069159,view,Palm Jumeirah,1886689
187,701,2025-12-24 22:27:36.747180,contact_agent,Business Bay,1484156
187,50,2025-12-27 22:27:33.218442,view,Marina,1019165
187,421,2025-12-27 22:27:34.631909,view,JVC,914299
188,375,2025-11-28 22:27:34.097995,view,Business Bay,4593886
188,710,2025-12-06 22:27:32.225929,view,JVC,4411147
188,935,2025-12-07 22:27:36.135475,view,Business Bay,4254542
188,987,2025-12-08 22:27:33.829898,view,Business Bay,3216207
188,149,2025-12-13 22:27:36.700206,view,Downtown Dubai,3511786
188,652,2025-12-14 22:27:31.856924,view,Downtown Dubai,4871047
188,684,2025-12-14 22:27:37.646283,view,Marina,4016144
188,13,2025-12-15 22:27:34.911693,view,Palm Jumeirah,3331569
188,191,2025-12-15 22:27:36.072321,view,Downtown Dubai,3270742
188,367,2025-12-17 22:27:34.552797,view,Business Bay,3262081
188,831,2025-12-19 22:27:31.830802,view,JVC,3803364
188,976,2025-12-22 22:27:37.294126,view,Palm Jumeirah,3085171
188,53,2025-12-24 22:27:34.864304,contact_agent,JVC,4378363
188,666,2025-12-25 22:27:34.848462,view,Business Bay,3050982
188,364,2025-12-25 22:27:37.294126,view,Downtown Dubai,3328630
188,463,2025-12-27 22:27:32.495725,view,Business Bay,3566983
189,597,2025-11-28 22:27:32.094821,view,Palm Jumeirah,1858311
189,17,2025-11-28 22:27:35.697261,contact_agent,Marina,580257
189,78,2025-11-29 22:27:36.510741,view,JVC,794746
189,803,2025-12-02 22:27:36.542092,view,JVC,1611009
189,14,2025-12-03 22:27:33.971918,view,JVC,1948763
189,644,2025-12-07 22:27:33.296938,view,JVC,1176296
189,322,2025-12-07 22:27:33.861224,view,Downtown Dubai,745404
189,138,2025-12-14 22:27:34.754415,contact_agent,Downtown Dubai,1664795
189,36,2025-12-14 22:27:35.037839,view,Downtown Dubai,1916207
189,525,2025-12-16 22:27:34.880092,view,Marina,941904
189,113,2025-12-16 22:27:37.309782,view,Palm Jumeirah,1309178
189,741,2025-12-17 22:27:36.826108,view,JVC,781854
189,530,2025-12-17 22:27:37.740841,view,Business Bay,1234983
189,413,2025-12-18 22:27:36.463705,view,Business Bay,841207
189,103,2025-12-20 22:27:34.244244,view,Downtown Dubai,1965744
189,46,2025-12-20 22:27:36.324648,contact_agent,JVC,788963
189,66,2025-12-20 22:27:37.309782,view,Marina,690237
189,334,2025-12-23 22:27:35.897847,view,JVC,1328791
189,973,2025-12-24 22:27:32.650042,view,Downtown Dubai,1660117
189,608,2025-12-24 22:27:32.876025,view,JVC,1605710
189,32,2025-12-24 22:27:36.088299,view,Downtown Dubai,773349
189,530,2025-12-25 22:27:37.756564,view,Business Bay,1234983
189,174,2025-12-26 22:27:37.278440,view,Palm Jumeirah,812023
189,708,2025-12-27 22:27:35.116356,view,Downtown Dubai,1247852
190,900,2025-11-28 22:27:35.681524,view,Palm Jumeirah,1342840
190,280,2025-11-30 22:27:34.801395,view,Downtown Dubai,970529
190,265,2025-12-01 22:27:35.350476,view,Downtown Dubai,937625
190,687,2025-12-02 22:27:32.503471,view,Marina,768083
190,939,2025-12-02 22:27:35.069159,view,Downtown Dubai,983455
190,551,2025-12-04 22:27:36.245845,view,JVC,1255612
190,19,2025-12-08 22:27:32.907836,view,Palm Jumeirah,1324143
190,103,2025-12-13 22:27:37.278440,view,Downtown Dubai,1965744
190,650,2025-12-15 22:27:35.163349,view,Marina,773452
190,774,2025-12-18 22:27:32.261440,view,Marina,923177
190,998,2025-12-18 22:27:34.442915,view,Marina,1389493
190,56,2025-12-18 22:27:37.883158,view,Palm Jumeirah,1527557
190,686,2025-12-20 22:27:34.474315,view,Marina,624932
190,69,2025-12-21 22:27:33.829898,view,Marina,1906368
190,297,2025-12-23 22:27:33.002524,view,Marina,1697162
190,495,2025-12-24 22:27:36.166955,view,Business Bay,1154224
190,896,2025-12-26 22:27:34.082338,view,Marina,1208175
191,434,2025-11-29 22:27:35.744617,view,JVC,681948
191,841,2025-12-01 22:27:32.363700,view,Marina,1968919
191,62,2025-12-02 22:27:32.278932,view,Marina,808449
191,774,2025-12-03 22:27:35.100507,shortlist,Marina,923177
191,303,2025-12-04 22:27:32.284937,shortlist,Downtown Dubai,1103291
191,920,2025-12-04 22:27:36.542092,view,Palm Jumeirah,1084010
191,461,2025-12-06 22:27:33.187991,view,Palm Jumeirah,1886689
191,32,2025-12-10 22:27:33.691849,view,Downtown Dubai,773349
191,545,2025-12-11 22:27:36.916072,view,JVC,1460652
191,171,2025-12-15 22:27:35.681524,view,Marina,901067
191,171,2025-12-19 22:27:32.907836,view,Marina,901067
191,527,2025-12-19 22:27:35.539550,view,Downtown Dubai,1337393
191,91,2025-12-19 22:27:35.866469,view,Downtown Dubai,1804766
191,611,2025-12-19 22:27:37.042084,view,Downtown Dubai,1306564
191,768,2025-12-21 22:27:35.587005,view,JVC,1206673
191,834,2025-12-25 22:27:35.476419,view,Marina,1344081
191,890,2025-12-25 22:27:35.603000,view,Downtown Dubai,1523920
191,439,2025-12-27 22:27:32.670306,view,Palm Jumeirah,717770
191,331,2025-12-27 22:27:35.147694,view,Palm Jumeirah,1115863
191,735,2025-12-27 22:27:37.502067,view,Business Bay,1112181
192,967,2025-11-28 22:27:34.743408,view,JVC,1022154
192,750,2025-12-10 22:27:32.062391,view,Palm Jumeirah,1894316
192,468,2025-12-10 22:27:36.103957,contact_agent,Downtown Dubai,1797991
192,468,2025-12-11 22:27:32.582233,shortlist,Downtown Dubai,1797991
192,792,2025-12-11 22:27:33.924257,view,Marina,691387
192,997,2025-12-12 22:27:32.828631,view,Marina,1334874
192,171,2025-12-12 22:27:35.037839,view,Marina,901067
192,118,2025-12-17 22:27:34.019313,view,Business Bay,1521469
192,461,2025-12-17 22:27:34.927497,view,Palm Jumeirah,1886689
192,274,2025-12-20 22:27:33.782751,view,Palm Jumeirah,1361069
192,640,2025-12-21 22:27:36.308994,view,Business Bay,1947947
192,776,2025-12-23 22:27:33.423343,view,Downtown Dubai,1267876
192,42,2025-12-23 22:27:33.643839,view,JVC,1032726
193,982,2025-11-30 22:27:34.003657,view,Business Bay,1237090
193,334,2025-12-02 22:27:32.515219,view,JVC,1328791
193,741,2025-12-03 22:27:32.892157,view,JVC,781854
193,334,2025-12-03 22:27:34.301091,view,JVC,1328791
193,904,2025-12-03 22:27:35.226970,view,JVC,1115937
193,678,2025-12-10 22:27:37.867422,view,JVC,1056718
193,670,2025-12-12 22:27:35.163349,view,JVC,1244748
193,474,2025-12-13 22:27:34.066676,view,JVC,659292
193,855,2025-12-13 22:27:34.208482,view,JVC,1101891
193,828,2025-12-13 22:27:37.677650,view,Business Bay,708859
193,319,2025-12-14 22:27:32.046730,view,Business Bay,1307744
193,634,2025-12-14 22:27:35.397725,view,JVC,529336
193,286,2025-12-15 22:27:37.136251,view,Business Bay,1184029
193,738,2025-12-17 22:27:33.612454,view,JVC,639227
193,886,2025-12-17 22:27:36.931724,view,JVC,1192924
193,916,2025-12-19 22:27:35.476419,view,JVC,631184
193,585,2025-12-19 22:27:36.884894,view,JVC,838540
193,301,2025-12-20 22:27:34.260697,view,JVC,1173218
193,354,2025-12-20 22:27:36.214007,contact_agent,Business Bay,667647
193,240,2025-12-25 22:27:32.440460,view,Business Bay,692512
193,738,2025-12-25 22:27:34.129738,view,JVC,639227
193,957,2025-12-25 22:27:34.761621,view,Business Bay,1243088
193,919,2025-12-26 22:27:32.355954,view,Business Bay,745300
193,678,2025-12-26 22:27:35.413489,view,JVC,1056718
193,556,2025-12-27 22:27:37.772602,view,Business Bay,785622
194,874,2025-11-28 22:27:32.685978,view,Marina,1208672
194,412,2025-11-29 22:27:34.380201,view,Palm Jumeirah,1409245
194,137,2025-11-29 22:27:34.411577,view,JVC,773146
194,920,2025-12-02 22:27:32.122325,view,Palm Jumeirah,1084010
194,611,2025-12-03 22:27:34.537135,view,Downtown Dubai,1306564
194,939,2025-12-05 22:27:37.557331,view,Downtown Dubai,983455
194,59,2025-12-06 22:27:34.082338,contact_agent,Business Bay,1706123
194,62,2025-12-10 22:27:34.584161,view,Marina,808449
194,592,2025-12-19 22:27:32.046730,view,Business Bay,1858097
194,648,2025-12-21 22:27:35.835614,view,Marina,1052439
194,732,2025-12-22 22:27:33.375807,view,Marina,924528
194,900,2025-12-23 22:27:35.492085,view,Palm Jumeirah,1342840
194,472,2025-12-24 22:27:32.529231,view,JVC,718401
194,658,2025-12-24 22:27:33.114761,contact_agent,Business Bay,642980
195,750,2025-11-29 22:27:32.442462,view,Palm Jumeirah,1894316
195,425,2025-11-29 22:27:32.765914,view,Marina,625438
195,472,2025-11-29 22:27:35.835614,view,JVC,718401
195,967,2025-12-01 22:27:33.202628,view,JVC,1022154
195,59,2025-12-01 22:27:34.380201,view,Business Bay,1706123
195,750,2025-12-05 22:27:36.341364,view,Palm Jumeirah,1894316
195,921,2025-12-07 22:27:36.009292,view,Downtown Dubai,592036
195,712,2025-12-09 22:27:31.999113,view,Business Bay,1312283
195,650,2025-12-11 22:27:32.955285,view,Marina,773452
195,906,2025-12-13 22:27:35.603000,view,Business Bay,519477
195,197,2025-12-14 22:27:35.302649,view,Business Bay,862455
195,667,2025-12-16 22:27:36.214007,contact_agent,JVC,1264265
195,99,2025-12-17 22:27:36.542092,contact_agent,Business Bay,943316
195,986,2025-12-18 22:27:33.249970,view,Marina,1277567
195,833,2025-12-19 22:27:32.812910,view,JVC,1599577
195,351,2025-12-19 22:27:32.939586,view,Palm Jumeirah,1350350
195,735,2025-12-19 22:27:33.359702,view,Business Bay,1112181
195,970,2025-12-22 22:27:35.005977,view,Palm Jumeirah,1579525
195,999,2025-12-25 22:27:35.053501,view,Marina,1278799
195,906,2025-12-26 22:27:33.767085,view,Business Bay,519477
196,330,2025-11-29 22:27:32.174670,view,JVC,1833572
196,71,2025-11-29 22:27:32.304693,view,Downtown Dubai,1724744
196,274,2025-11-29 22:27:33.735638,view,Palm Jumeirah,1361069
196,727,2025-12-04 22:27:32.797257,view,JVC,1598657
196,966,2025-12-04 22:27:36.151287,view,Downtown Dubai,1898949
196,240,2025-12-04 22:27:36.979040,view,Business Bay,692512
196,791,2025-12-05 22:27:35.100507,view,Palm Jumeirah,725391
196,167,2025-12-06 22:27:33.423343,view,Palm Jumeirah,922381
196,216,2025-12-07 22:27:35.650122,view,Palm Jumeirah,1369807
196,686,2025-12-07 22:27:35.929596,shortlist,Marina,624932
196,411,2025-12-10 22:27:35.397725,view,Palm Jumeirah,921280
196,705,2025-12-12 22:27:33.234147,view,Business Bay,1703920
196,164,2025-12-12 22:27:33.375807,view,Marina,1075919
196,735,2025-12-14 22:27:36.668888,view,Business Bay,1112181
196,617,2025-12-16 22:27:33.128511,view,Business Bay,1207173
196,429,2025-12-18 22:27:35.037839,view,Business Bay,1135719
196,667,2025-12-18 22:27:35.318583,view,JVC,1264265
196,162,2025-12-18 22:27:36.447880,view,Marina,785711
196,795,2025-12-19 22:27:32.166925,view,JVC,1874073
196,118,2025-12-19 22:27:35.866469,view,Business Bay,1521469
196,834,2025-12-24 22:27:35.945263,view,Marina,1344081
196,173,2025-12-25 22:27:34.332736,view,Palm Jumeirah,1504001
196,749,2025-12-25 22:27:34.332736,view,Marina,979083
196,870,2025-12-27 22:27:31.983449,view,Palm Jumeirah,542291
196,993,2025-12-27 22:27:33.924257,view,JVC,1588963
197,854,2025-12-03 22:27:37.010531,view,Business Bay,1420114
197,530,2025-12-07 22:27:37.867422,view,Business Bay,1234983
197,286,2025-12-09 22:27:36.432216,view,Business Bay,1184029
197,982,2025-12-17 22:27:32.501469,shortlist,Business Bay,1237090
197,941,2025-12-18 22:27:32.550728,view,JVC,1047219
197,651,2025-12-19 22:27:32.828631,view,JVC,1278883
197,886,2025-12-19 22:27:35.587005,view,JVC,1192924
197,886,2025-12-20 22:27:34.247405,view,JVC,1192924
197,123,2025-12-20 22:27:37.504226,view,JVC,963001
197,474,2025-12-24 22:27:34.208482,view,JVC,659292
197,222,2025-12-24 22:27:37.230825,view,Business Bay,1249971
197,500,2025-12-25 22:27:34.743408,view,Business Bay,954418
197,368,2025-12-26 22:27:31.983449,shortlist,Business Bay,626060
197,585,2025-12-26 22:27:32.859951,view,JVC,838540
197,338,2025-12-26 22:27:36.368381,view,JVC,876794
197,530,2025-12-27 22:27:35.366371,view,Business Bay,1234983
198,157,2025-12-07 22:27:37.042084,view,Palm Jumeirah,1825569
198,413,2025-12-08 22:27:36.384326,contact_agent,Business Bay,841207
198,581,2025-12-09 22:27:31.789184,view,Downtown Dubai,791464
198,828,2025-12-09 22:27:36.166955,view,Business Bay,708859
198,986,2025-12-11 22:27:36.901425,view,Marina,1277567
198,530,2025-12-12 22:27:32.525228,view,Business Bay,1234983
198,413,2025-12-15 22:27:36.024976,view,Business Bay,841207
198,957,2025-12-16 22:27:35.179400,shortlist,Business Bay,1243088
198,118,2025-12-17 22:27:35.366371,view,Business Bay,1521469
198,280,2025-12-19 22:27:31.904226,contact_agent,Downtown Dubai,970529
198,585,2025-12-19 22:27:37.567539,view,JVC,838540
198,22,2025-12-22 22:27:34.584161,view,Downtown Dubai,871616
198,916,2025-12-23 22:27:34.035360,view,JVC,631184
198,986,2025-12-24 22:27:32.844287,view,Marina,1277567
198,650,2025-12-25 22:27:32.357694,view,Marina,773452
198,773,2025-12-25 22:27:36.842168,view,JVC,1253494
198,216,2025-12-26 22:27:34.458603,view,Palm Jumeirah,1369807
198,927,2025-12-26 22:27:35.242661,view,Business Bay,1490029
198,993,2025-12-27 22:27:33.924257,view,JVC,1588963
198,9,2025-12-27 22:27:34.458603,view,JVC,914600
199,437,2025-11-28 22:27:31.904226,view,JVC,1706751
199,323,2025-11-29 22:27:31.919915,view,JVC,517297
199,773,2025-11-29 22:27:32.876025,view,JVC,1253494
199,768,2025-12-02 22:27:35.226970,view,JVC,1206673
199,274,2025-12-04 22:27:33.018245,shortlist,Palm Jumeirah,1361069
199,503,2025-12-06 22:27:32.519223,view,Marina,1062621
199,381,2025-12-06 22:27:33.107016,view,Palm Jumeirah,1692931
199,643,2025-12-08 22:27:32.534975,contact_agent,Downtown Dubai,1998339
199,254,2025-12-08 22:27:36.261867,view,JVC,1701838
199,434,2025-12-09 22:27:33.675182,view,JVC,681948
199,118,2025-12-09 22:27:33.845565,view,Business Bay,1521469
199,745,2025-12-09 22:27:34.832773,view,Downtown Dubai,1985255
199,4,2025-12-10 22:27:34.726781,view,JVC,1774634
199,705,2025-12-11 22:27:37.458011,view,Business Bay,1703920
199,643,2025-12-12 22:27:33.829898,view,Downtown Dubai,1998339
199,274,2025-12-12 22:27:34.584161,view,Palm Jumeirah,1361069
199,476,2025-12-17 22:27:33.675182,view,Palm Jumeirah,963937
199,356,2025-12-17 22:27:34.695292,view,Marina,935477
199,351,2025-12-20 22:27:36.245845,view,Palm Jumeirah,1350350
199,742,2025-12-21 22:27:33.187991,view,Marina,1160327
199,711,2025-12-21 22:27:36.324648,contact_agent,Marina,1607810
199,803,2025-12-23 22:27:34.895998,view,JVC,1611009
199,66,2025-12-26 22:27:36.103957,view,Marina,690237
199,583,2025-12-27 22:27:37.883158,view,Palm Jumeirah,618581
200,862,2025-11-30 22:27:35.681524,view,Business Bay,1037977
200,421,2025-12-02 22:27:35.053501,view,JVC,914299
200,904,2025-12-03 22:27:32.118106,view,JVC,1115937
200,7,2025-12-03 22:27:33.407634,view,Business Bay,622775
200,982,2025-12-03 22:27:35.334447,view,Business Bay,1237090
200,768,2025-12-04 22:27:32.294685,view,JVC,1206673
200,701,2025-12-06 22:27:34.242249,view,Business Bay,1484156
200,7,2025-12-10 22:27:32.467962,view,Business Bay,622775
200,773,2025-12-10 22:27:33.034256,view,JVC,1253494
200,99,2025-12-12 22:27:32.859951,view,Business Bay,943316
200,678,2025-12-12 22:27:33.956201,view,JVC,1056718
200,678,2025-12-13 22:27:34.679502,view,JVC,1056718
200,617,2025-12-14 22:27:36.245845,view,Business Bay,1207173
200,130,2025-12-15 22:27:37.509594,view,JVC,739017
200,45,2025-12-17 22:27:33.564660,view,JVC,739968
200,323,2025-12-17 22:27:34.679502,view,JVC,517297
200,644,2025-12-17 22:27:37.230825,view,JVC,1176296
200,785,2025-12-21 22:27:35.366371,view,Business Bay,1128889
200,919,2025-12-21 22:27:35.492085,view,Business Bay,745300
200,854,2025-12-24 22:27:34.864304,view,Business Bay,1420114
200,773,2025-12-25 22:27:37.167880,view,JVC,1253494
200,495,2025-12-27 22:27:34.364408,contact_agent,Business Bay,1154224
201,429,2025-11-28 22:27:36.182615,view,Business Bay,1135719
201,695,2025-11-30 22:27:36.214007,view,JVC,1895285
201,459,2025-12-02 22:27:36.447880,shortlist,Marina,1437635
201,848,2025-12-06 22:27:35.776109,view,JVC,1945065
201,286,2025-12-07 22:27:35.084845,view,Business Bay,1184029
201,862,2025-12-08 22:27:33.234147,view,Business Bay,1037977
201,172,2025-12-08 22:27:35.334447,view,Marina,960796
201,32,2025-12-09 22:27:35.366371,view,Downtown Dubai,773349
201,896,2025-12-16 22:27:32.595984,view,Marina,1208175
201,150,2025-12-20 22:27:37.677650,view,Palm Jumeirah,595028
201,135,2025-12-21 22:27:34.927497,view,JVC,965982
201,841,2025-12-25 22:27:33.456682,view,Marina,1968919
201,993,2025-12-25 22:27:36.842168,view,JVC,1588963
201,808,2025-12-26 22:27:34.552797,view,Palm Jumeirah,647745
201,321,2025-12-27 22:27:33.375807,view,Downtown Dubai,1199539
202,982,2025-11-30 22:27:37.357047,view,Business Bay,1237090
202,615,2025-12-02 22:27:32.626522,view,JVC,1237954
202,916,2025-12-03 22:27:37.943664,view,JVC,631184
202,338,2025-12-06 22:27:36.605705,shortlist,JVC,876794
202,556,2025-12-10 22:27:32.970954,view,Business Bay,785622
202,983,2025-12-10 22:27:35.211244,view,Business Bay,1414565
202,132,2025-12-10 22:27:35.821179,view,Business Bay,1441768
202,802,2025-12-10 22:27:36.589762,view,JVC,1301955
202,413,2025-12-10 22:27:36.826108,view,Business Bay,841207
202,130,2025-12-11 22:27:33.234147,view,JVC,739017
202,334,2025-12-11 22:27:37.010531,shortlist,JVC,1328791
202,240,2025-12-12 22:27:34.244244,view,Business Bay,692512
202,801,2025-12-12 22:27:34.743408,view,Business Bay,1186268
202,46,2025-12-12 22:27:34.895998,view,JVC,788963
202,78,2025-12-13 22:27:33.705233,contact_agent,JVC,794746
202,617,2025-12-15 22:27:33.767085,view,Business Bay,1207173
202,42,2025-12-15 22:27:34.568462,view,JVC,1032726
202,186,2025-12-15 22:27:36.653111,view,Business Bay,588668
202,132,2025-12-18 22:27:32.031021,view,Business Bay,1441768
202,914,2025-12-18 22:27:32.781570,view,Business Bay,1323759
202,338,2025-12-18 22:27:34.679502,view,JVC,876794
202,222,2025-12-20 22:27:34.584161,shortlist,Business Bay,1249971
202,735,2025-12-21 22:27:32.970954,view,Business Bay,1112181
202,45,2025-12-23 22:27:34.253885,view,JVC,739968
202,343,2025-12-24 22:27:33.218442,view,JVC,1282877
202,632,2025-12-26 22:27:32.876025,shortlist,Business Bay,792575
202,741,2025-12-27 22:27:34.474315,view,JVC,781854
202,319,2025-12-27 22:27:36.400390,view,Business Bay,1307744
202,919,2025-12-27 22:27:37.520473,view,Business Bay,745300
203,7,2025-11-29 22:27:34.695292,view,Business Bay,622775
203,890,2025-11-30 22:27:35.882131,view,Downtown Dubai,1523920
203,660,2025-12-01 22:27:34.258693,view,Marina,757354
203,808,2025-12-01 22:27:36.355024,contact_agent,Palm Jumeirah,647745
203,645,2025-12-02 22:27:35.449245,view,Marina,879039
203,138,2025-12-02 22:27:35.665778,view,Downtown Dubai,1664795
203,66,2025-12-03 22:27:34.380201,view,Marina,690237
203,414,2025-12-03 22:27:35.810089,view,Palm Jumeirah,1730746
203,254,2025-12-04 22:27:36.432216,view,JVC,1701838
203,128,2025-12-08 22:27:34.880092,view,Palm Jumeirah,1015693
203,941,2025-12-09 22:27:37.183700,view,JVC,1047219
203,718,2025-12-11 22:27:34.537135,view,Downtown Dubai,1849590
203,461,2025-12-11 22:27:34.537135,view,Palm Jumeirah,1886689
203,792,2025-12-12 22:27:36.979040,view,Marina,691387
203,849,2025-12-13 22:27:32.471965,view,Palm Jumeirah,578077
203,645,2025-12-17 22:27:35.977057,view,Marina,879039
203,525,2025-12-19 22:27:32.859951,view,Marina,941904
203,699,2025-12-19 22:27:33.533259,view,Business Bay,1906978
203,583,2025-12-21 22:27:34.035360,view,Palm Jumeirah,618581
203,680,2025-12-26 22:27:31.904226,view,Downtown Dubai,852414
203,646,2025-12-26 22:27:34.584161,contact_agent,Marina,1028714
203,896,2025-12-27 22:27:34.474315,view,Marina,1208175
204,155,2025-11-30 22:27:37.455012,view,Downtown Dubai,1729787
204,795,2025-12-02 22:27:33.861224,view,JVC,1874073
204,728,2025-12-02 22:27:35.195138,shortlist,Palm Jumeirah,1426215
204,828,2025-12-05 22:27:32.340201,view,Business Bay,708859
204,434,2025-12-07 22:27:37.894581,view,JVC,681948
204,298,2025-12-11 22:27:36.605705,view,Downtown Dubai,1546161
204,839,2025-12-12 22:27:32.797257,view,Palm Jumeirah,727189
204,523,2025-12-12 22:27:33.861224,view,Downtown Dubai,769160
204,644,2025-12-12 22:27:35.929596,view,JVC,1176296
204,982,2025-12-20 22:27:36.182615,view,Business Bay,1237090
204,646,2025-12-22 22:27:34.848462,view,Marina,1028714
204,213,2025-12-22 22:27:35.211244,view,Business Bay,1853324
204,472,2025-12-25 22:27:35.100507,view,JVC,718401
204,899,2025-12-27 22:27:33.533259,view,Downtown Dubai,763625
205,411,2025-12-03 22:27:37.614489,view,Palm Jumeirah,921280
205,171,2025-12-05 22:27:35.744617,view,Marina,901067
205,740,2025-12-11 22:27:33.845565,view,Palm Jumeirah,1192137
205,778,2025-12-12 22:27:35.195138,view,Palm Jumeirah,1706184
205,527,2025-12-13 22:27:32.395205,view,Downtown Dubai,1337393
205,69,2025-12-15 22:27:31.806921,view,Marina,1906368
205,69,2025-12-18 22:27:35.665778,view,Marina,1906368
205,792,2025-12-18 22:27:35.993182,view,Marina,691387
205,431,2025-12-18 22:27:36.653111,view,Downtown Dubai,1308258
205,640,2025-12-22 22:27:36.684542,view,Business Bay,1947947
205,826,2025-12-23 22:27:34.208482,view,JVC,1895796
205,890,2025-12-23 22:27:37.167880,view,Downtown Dubai,1523920
205,158,2025-12-25 22:27:37.630182,view,JVC,1916828
205,64,2025-12-26 22:27:32.892157,view,Marina,1033634
205,29,2025-12-27 22:27:37.921927,view,Downtown Dubai,779215
206,735,2025-11-28 22:27:33.908317,view,Business Bay,1112181
206,222,2025-11-28 22:27:37.136251,view,Business Bay,1249971
206,350,2025-12-01 22:27:34.974549,view,Marina,1836092
206,254,2025-12-01 22:27:35.791868,view,JVC,1701838
206,324,2025-12-03 22:27:37.246480,view,JVC,1288443
206,966,2025-12-06 22:27:35.850785,view,Downtown Dubai,1898949
206,418,2025-12-09 22:27:33.956201,view,JVC,1972178
206,452,2025-12-11 22:27:35.665778,view,Downtown Dubai,902980
206,551,2025-12-13 22:27:36.931724,view,JVC,1255612
206,425,2025-12-14 22:27:34.521303,contact_agent,Marina,625438
206,699,2025-12-14 22:27:35.147694,view,Business Bay,1906978
206,158,2025-12-14 22:27:37.521473,view,JVC,1916828
206,78,2025-12-16 22:27:34.145735,contact_agent,JVC,794746
206,254,2025-12-17 22:27:35.835614,view,JVC,1701838
206,648,2025-12-18 22:27:37.486564,view,Marina,1052439
206,730,2025-12-19 22:27:37.614489,view,Palm Jumeirah,1949991
206,162,2025-12-21 22:27:32.955285,shortlist,Marina,785711
206,923,2025-12-22 22:27:36.810172,view,Palm Jumeirah,781696
206,19,2025-12-23 22:27:32.330193,view,Palm Jumeirah,1324143
206,338,2025-12-23 22:27:34.521303,view,JVC,876794
207,709,2025-11-28 22:27:36.166955,contact_agent,Palm Jumeirah,1656618
207,879,2025-11-29 22:27:35.413489,view,Marina,796063
207,45,2025-12-01 22:27:32.062391,view,JVC,739968
207,826,2025-12-02 22:27:33.265626,shortlist,JVC,1895796
207,879,2025-12-02 22:27:37.151904,shortlist,Marina,796063
207,461,2025-12-03 22:27:36.810172,view,Palm Jumeirah,1886689
207,174,2025-12-04 22:27:34.066676,view,Palm Jumeirah,812023
207,680,2025-12-05 22:27:31.842390,view,Downtown Dubai,852414
207,703,2025-12-05 22:27:33.735638,view,Marina,1363659
207,138,2025-12-05 22:27:36.788634,view,Downtown Dubai,1664795
207,64,2025-12-06 22:27:32.200169,contact_agent,Marina,1033634
207,960,2025-12-09 22:27:37.167880,shortlist,Business Bay,1594409
207,319,2025-12-10 22:27:33.735638,view,Business Bay,1307744
207,667,2025-12-12 22:27:37.104894,view,JVC,1264265
207,792,2025-12-13 22:27:32.214181,view,Marina,691387
207,803,2025-12-13 22:27:32.271187,view,JVC,1611009
207,350,2025-12-13 22:27:36.931724,view,Marina,1836092
207,830,2025-12-14 22:27:35.476419,view,Business Bay,545475
207,792,2025-12-15 22:27:33.814098,view,Marina,691387
207,785,2025-12-15 22:27:37.630182,view,Business Bay,1128889
207,854,2025-12-16 22:27:33.160814,view,Business Bay,1420114
207,723,2025-12-17 22:27:35.829510,view,Palm Jumeirah,1969793
207,265,2025-12-19 22:27:37.921927,view,Downtown Dubai,937625
207,434,2025-12-20 22:27:36.715861,view,JVC,681948
207,801,2025-12-21 22:27:33.892633,view,Business Bay,1186268
207,966,2025-12-24 22:27:32.306695,view,Downtown Dubai,1898949
207,776,2025-12-26 22:27:32.267183,contact_agent,Downtown Dubai,1267876
207,3,2025-12-27 22:27:34.161387,view,Downtown Dubai,1450162
208,510,2025-11-29 22:27:36.621360,view,Marina,1656083
208,323,2025-11-29 22:27:37.567539,view,JVC,517297
208,986,2025-12-01 22:27:32.225929,view,Marina,1277567
208,134,2025-12-01 22:27:34.647560,view,JVC,1576941
208,849,2025-12-04 22:27:33.971918,view,Palm Jumeirah,578077
208,102,2025-12-04 22:27:36.526439,view,Marina,975595
208,644,2025-12-05 22:27:36.931724,view,JVC,1176296
208,998,2025-12-06 22:27:34.348710,view,Marina,1389493
208,668,2025-12-06 22:27:34.364408,view,Marina,808617
208,155,2025-12-12 22:27:36.103957,view,Downtown Dubai,1729787
208,406,2025-12-15 22:27:35.302649,view,Marina,1643647
208,841,2025-12-16 22:27:36.024976,view,Marina,1968919
208,633,2025-12-17 22:27:32.306695,view,Palm Jumeirah,1959700
208,803,2025-12-17 22:27:37.262377,view,JVC,1611009
208,414,2025-12-17 22:27:37.772602,view,Palm Jumeirah,1730746
208,916,2025-12-18 22:27:36.810172,view,JVC,631184
208,157,2025-12-19 22:27:36.166955,view,Palm Jumeirah,1825569
208,476,2025-12-21 22:27:34.521303,view,Palm Jumeirah,963937
208,899,2025-12-22 22:27:35.429279,view,Downtown Dubai,763625
208,631,2025-12-23 22:27:32.986864,view,Downtown Dubai,923332
208,853,2025-12-23 22:27:33.187991,view,Marina,1284192
208,599,2025-12-24 22:27:36.447880,view,Downtown Dubai,664074
208,318,2025-12-25 22:27:33.782751,view,Palm Jumeirah,568803
208,833,2025-12-26 22:27:34.679502,view,JVC,1599577
209,301,2025-11-29 22:27:33.564660,view,JVC,1173218
209,677,2025-11-29 22:27:35.791868,view,Downtown Dubai,1098506
209,453,2025-11-30 22:27:33.234147,view,Marina,1538336
209,998,2025-11-30 22:27:33.924257,view,Marina,1389493
209,959,2025-12-01 22:27:33.281284,view,Downtown Dubai,559778
209,773,2025-12-01 22:27:35.882131,view,JVC,1253494
209,687,2025-12-02 22:27:35.492085,view,Marina,768083
209,853,2025-12-03 22:27:37.136251,view,Marina,1284192
209,561,2025-12-04 22:27:31.841357,view,JVC,1167540
209,36,2025-12-04 22:27:34.285406,view,Downtown Dubai,1916207
209,503,2025-12-05 22:27:32.412959,view,Marina,1062621
209,134,2025-12-07 22:27:34.019313,view,JVC,1576941
209,848,2025-12-07 22:27:36.826108,view,JVC,1945065
209,890,2025-12-09 22:27:36.668888,view,Downtown Dubai,1523920
209,997,2025-12-11 22:27:33.956201,view,Marina,1334874
209,830,2025-12-12 22:27:31.822509,view,Business Bay,545475
209,849,2025-12-18 22:27:36.040977,view,Palm Jumeirah,578077
209,919,2025-12-19 22:27:33.517603,view,Business Bay,745300
209,791,2025-12-20 22:27:32.733847,view,Palm Jumeirah,725391
209,46,2025-12-20 22:27:36.447880,view,JVC,788963
209,854,2025-12-21 22:27:33.876909,view,Business Bay,1420114
209,991,2025-12-21 22:27:37.183700,view,Downtown Dubai,780833
209,36,2025-12-22 22:27:35.835614,view,Downtown Dubai,1916207
209,438,2025-12-26 22:27:32.530972,view,Palm Jumeirah,1453692
209,811,2025-12-26 22:27:34.600305,view,Marina,637686
209,298,2025-12-27 22:27:37.309782,view,Downtown Dubai,1546161
210,712,2025-11-29 22:27:34.958835,view,Business Bay,1312283
210,959,2025-12-08 22:27:32.430713,contact_agent,Downtown Dubai,559778
210,138,2025-12-09 22:27:33.312669,shortlist,Downtown Dubai,1664795
210,328,2025-12-14 22:27:37.057747,view,Marina,1727146
210,774,2025-12-14 22:27:37.582497,view,Marina,923177
210,399,2025-12-15 22:27:34.442915,view,Downtown Dubai,1090381
210,828,2025-12-16 22:27:35.053501,shortlist,Business Bay,708859
210,618,2025-12-17 22:27:31.766579,view,Palm Jumeirah,1179447
210,461,2025-12-18 22:27:35.053501,view,Palm Jumeirah,1886689
210,788,2025-12-19 22:27:33.458683,view,Downtown Dubai,1425779
210,516,2025-12-19 22:27:36.214007,view,Business Bay,1779180
210,536,2025-12-21 22:27:34.911693,view,JVC,1916842
210,658,2025-12-21 22:27:36.781005,view,Business Bay,642980
210,17,2025-12-22 22:27:37.294126,view,Marina,580257
210,678,2025-12-23 22:27:34.003657,view,JVC,1056718
210,594,2025-12-25 22:27:34.177072,view,Downtown Dubai,1794315
210,29,2025-12-26 22:27:34.695292,view,Downtown Dubai,779215
211,85,2025-12-03 22:27:32.844287,view,Marina,623950
211,330,2025-12-05 22:27:35.163349,shortlist,JVC,1833572
211,899,2025-12-07 22:27:32.247428,view,Downtown Dubai,763625
211,378,2025-12-08 22:27:34.584161,view,Palm Jumeirah,1062060
211,328,2025-12-10 22:27:33.034256,view,Marina,1727146
211,98,2025-12-12 22:27:33.065626,view,JVC,1127220
211,846,2025-12-16 22:27:33.987977,view,Business Bay,1920858
211,164,2025-12-18 22:27:35.744617,contact_agent,Marina,1075919
211,650,2025-12-19 22:27:33.122768,view,Marina,773452
211,705,2025-12-21 22:27:32.499467,view,Business Bay,1703920
211,318,2025-12-21 22:27:36.715861,view,Palm Jumeirah,568803
211,667,2025-12-22 22:27:33.485903,shortlist,JVC,1264265
211,4,2025-12-24 22:27:33.439002,view,JVC,1774634
211,646,2025-12-26 22:27:33.359702,view,Marina,1028714
212,632,2025-11-29 22:27:34.817087,view,Business Bay,792575
212,644,2025-11-30 22:27:33.344050,view,JVC,1176296
212,240,2025-12-01 22:27:33.751414,shortlist,Business Bay,692512
212,627,2025-12-03 22:27:35.397725,view,JVC,1415113
212,70,2025-12-06 22:27:33.328368,view,Business Bay,1345474
212,472,2025-12-07 22:27:34.252886,view,JVC,718401
212,617,2025-12-10 22:27:34.301091,view,Business Bay,1207173
212,123,2025-12-12 22:27:33.160814,view,JVC,963001
212,301,2025-12-13 22:27:32.749764,view,JVC,1173218
212,301,2025-12-15 22:27:36.763152,view,JVC,1173218
212,886,2025-12-16 22:27:32.178673,view,JVC,1192924
212,7,2025-12-16 22:27:34.301091,shortlist,Business Bay,622775
212,429,2025-12-16 22:27:36.103957,view,Business Bay,1135719
212,70,2025-12-18 22:27:36.826108,view,Business Bay,1345474
212,855,2025-12-20 22:27:33.659495,view,JVC,1101891
212,45,2025-12-20 22:27:36.119817,view,JVC,739968
212,277,2025-12-22 22:27:31.983449,view,Business Bay,606022
212,78,2025-12-23 22:27:35.977057,view,JVC,794746
212,817,2025-12-27 22:27:32.278932,view,Business Bay,549976
212,421,2025-12-27 22:27:33.265626,view,JVC,914299
212,919,2025-12-27 22:27:33.312669,view,Business Bay,745300
213,307,2025-11-28 22:27:37.945719,view,Marina,1219407
213,927,2025-11-29 22:27:34.082338,view,Business Bay,1490029
213,386,2025-11-29 22:27:34.647560,view,Business Bay,1102276
213,62,2025-11-29 22:27:37.646283,view,Marina,808449
213,36,2025-11-29 22:27:37.819617,view,Downtown Dubai,1916207
213,928,2025-11-30 22:27:35.993182,view,Marina,654692
213,997,2025-12-02 22:27:31.919915,view,Marina,1334874
213,274,2025-12-03 22:27:33.296938,view,Palm Jumeirah,1361069
213,919,2025-12-03 22:27:33.924257,view,Business Bay,745300
213,791,2025-12-03 22:27:37.567539,view,Palm Jumeirah,725391
213,693,2025-12-04 22:27:32.194425,view,Palm Jumeirah,789220
213,745,2025-12-05 22:27:33.328368,view,Downtown Dubai,1985255
213,611,2025-12-05 22:27:36.384326,view,Downtown Dubai,1306564
213,969,2025-12-06 22:27:32.206174,view,Marina,1511930
213,792,2025-12-06 22:27:32.643876,contact_agent,Marina,691387
213,240,2025-12-06 22:27:33.548940,view,Business Bay,692512
213,474,2025-12-11 22:27:35.005977,view,JVC,659292
213,525,2025-12-11 22:27:35.634416,view,Marina,941904
213,439,2025-12-11 22:27:35.825288,view,Palm Jumeirah,717770
213,990,2025-12-12 22:27:36.432216,view,Downtown Dubai,551707
213,62,2025-12-15 22:27:33.612454,view,Marina,808449
213,668,2025-12-15 22:27:35.132012,view,Marina,808617
213,425,2025-12-16 22:27:37.567539,view,Marina,625438
213,362,2025-12-22 22:27:31.825639,view,Marina,1286261
213,480,2025-12-23 22:27:32.227934,view,Palm Jumeirah,687771
213,833,2025-12-26 22:27:32.219924,view,JVC,1599577
213,998,2025-12-26 22:27:33.002524,view,Marina,1389493
213,164,2025-12-26 22:27:36.775167,view,Marina,1075919
214,297,2025-11-28 22:27:32.597986,view,Marina,1697162
214,742,2025-11-28 22:27:36.826108,view,Marina,1160327
214,902,2025-11-29 22:27:36.119817,view,Downtown Dubai,625355
214,481,2025-11-29 22:27:36.605705,view,Palm Jumeirah,737199
214,712,2025-11-30 22:27:33.845565,view,Business Bay,1312283
214,939,2025-12-02 22:27:35.021784,view,Downtown Dubai,983455
214,350,2025-12-03 22:27:32.247428,view,Marina,1836092
214,792,2025-12-06 22:27:32.907836,view,Marina,691387
214,879,2025-12-08 22:27:35.719527,view,Marina,796063
214,997,2025-12-10 22:27:33.281284,view,Marina,1334874
214,221,2025-12-12 22:27:32.717827,view,Business Bay,1869277
214,416,2025-12-12 22:27:32.812910,view,Downtown Dubai,1092632
214,153,2025-12-12 22:27:34.584161,view,Marina,663834
214,102,2025-12-12 22:27:35.382062,view,Marina,975595
214,437,2025-12-13 22:27:32.467962,view,JVC,1706751
214,229,2025-12-13 22:27:34.019313,view,Palm Jumeirah,985757
214,362,2025-12-15 22:27:37.646283,view,Marina,1286261
214,817,2025-12-16 22:27:35.460757,view,Business Bay,549976
214,7,2025-12-16 22:27:35.776109,view,Business Bay,622775
214,500,2025-12-17 22:27:32.487718,shortlist,Business Bay,954418
214,318,2025-12-18 22:27:33.312669,view,Palm Jumeirah,568803
214,603,2025-12-18 22:27:33.517603,view,Downtown Dubai,1290645
214,311,2025-12-18 22:27:37.357047,contact_agent,Palm Jumeirah,828821
214,905,2025-12-19 22:27:34.848462,shortlist,Palm Jumeirah,1875607
214,294,2025-12-21 22:27:34.474315,view,Business Bay,1861303
214,778,2025-12-23 22:27:32.685978,view,Palm Jumeirah,1706184
214,817,2025-12-23 22:27:34.129738,view,Business Bay,549976
214,788,2025-12-23 22:27:36.009292,view,Downtown Dubai,1425779
214,282,2025-12-24 22:27:34.521303,contact_agent,JVC,661445
214,69,2025-12-25 22:27:33.407634,view,Marina,1906368
214,899,2025-12-27 22:27:37.851374,view,Downtown Dubai,763625
215,668,2025-11-28 22:27:34.458603,view,Marina,808617
215,135,2025-12-03 22:27:36.261867,view,JVC,965982
215,560,2025-12-04 22:27:33.924257,contact_agent,Marina,1896436
215,680,2025-12-11 22:27:32.420704,view,Downtown Dubai,852414
215,509,2025-12-15 22:27:32.876025,contact_agent,Downtown Dubai,1695885
215,667,2025-12-15 22:27:36.277680,view,JVC,1264265
215,830,2025-12-16 22:27:37.562497,view,Business Bay,545475
215,990,2025-12-17 22:27:33.643839,view,Downtown Dubai,551707
215,292,2025-12-17 22:27:35.681524,contact_agent,Palm Jumeirah,708944
215,711,2025-12-18 22:27:36.653111,view,Marina,1607810
215,86,2025-12-19 22:27:31.951629,view,Marina,1653224
215,693,2025-12-20 22:27:37.262377,shortlist,Palm Jumeirah,789220
215,529,2025-12-22 22:27:35.258429,view,Palm Jumeirah,1314422
215,354,2025-12-23 22:27:35.242661,view,Business Bay,667647
215,321,2025-12-25 22:27:33.564660,view,Downtown Dubai,1199539
216,220,2025-11-28 22:27:32.395205,view,Marina,3372176
216,871,2025-11-29 22:27:32.507474,view,Downtown Dubai,4997968
216,944,2025-12-01 22:27:33.477385,view,Business Bay,4487793
216,49,2025-12-02 22:27:36.731523,view,Marina,3801017
216,446,2025-12-04 22:27:34.225051,view,Marina,4966951
216,671,2025-12-07 22:27:35.882131,view,Palm Jumeirah,4136562
216,681,2025-12-12 22:27:33.720913,view,JVC,3463944
216,279,2025-12-13 22:27:34.208482,view,Palm Jumeirah,3707796
216,136,2025-12-15 22:27:32.154915,view,Downtown Dubai,3038568
216,161,2025-12-15 22:27:34.427263,shortlist,Business Bay,4125654
216,866,2025-12-16 22:27:32.576489,shortlist,Business Bay,4168280
216,620,2025-12-17 22:27:33.186876,view,Business Bay,3480248
216,194,2025-12-18 22:27:32.166925,view,Business Bay,3545915
216,87,2025-12-22 22:27:31.967677,view,Palm Jumeirah,4732851
216,261,2025-12-23 22:27:32.685978,view,Downtown Dubai,3155982
216,637,2025-12-24 22:27:33.265626,view,Downtown Dubai,3107622
216,460,2025-12-24 22:27:36.368381,view,Marina,4002626
216,859,2025-12-25 22:27:36.874409,view,Downtown Dubai,3844250
216,602,2025-12-26 22:27:34.225051,view,JVC,4983120
216,793,2025-12-26 22:27:34.348710,view,Business Bay,4132632
216,417,2025-12-26 22:27:37.867422,view,Business Bay,4537106
216,657,2025-12-27 22:27:36.103957,view,Marina,4268950
216,543,2025-12-27 22:27:37.341247,view,Marina,4141771
217,515,2025-11-30 22:27:36.056661,view,Marina,3992099
217,885,2025-11-30 22:27:36.668888,view,Business Bay,3409984
217,384,2025-12-04 22:27:34.743002,view,JVC,4872216
217,707,2025-12-05 22:27:34.395899,view,Downtown Dubai,4110954
217,984,2025-12-05 22:27:36.463705,view,Downtown Dubai,4335598
217,165,2025-12-09 22:27:31.951629,view,Palm Jumeirah,3831106
217,278,2025-12-11 22:27:32.876025,view,Palm Jumeirah,3299131
217,725,2025-12-11 22:27:34.817087,view,JVC,3397706
217,666,2025-12-11 22:27:37.167880,view,Business Bay,3050982
217,956,2025-12-12 22:27:36.495041,view,Business Bay,4026362
217,996,2025-12-13 22:27:35.913508,view,Business Bay,4494420
217,961,2025-12-14 22:27:37.803964,view,JVC,3153528
217,426,2025-12-17 22:27:37.740841,view,JVC,4270183
217,246,2025-12-18 22:27:33.876909,view,Palm Jumeirah,3845647
217,344,2025-12-19 22:27:31.792106,view,Marina,4385180
217,396,2025-12-20 22:27:35.850785,view,Downtown Dubai,4246037
217,363,2025-12-20 22:27:36.589762,view,Downtown Dubai,3994708
217,247,2025-12-20 22:27:37.183700,view,Business Bay,4400379
217,262,2025-12-23 22:27:33.845565,view,JVC,4704955
217,407,2025-12-24 22:27:31.888534,view,Palm Jumeirah,4111646
217,223,2025-12-25 22:27:36.637455,shortlist,Palm Jumeirah,3093659
217,744,2025-12-25 22:27:37.329450,view,Marina,4845398
218,925,2025-11-29 22:27:33.097000,contact_agent,Downtown Dubai,1690456
218,551,2025-11-29 22:27:36.857851,view,JVC,1255612
218,50,2025-11-30 22:27:34.990265,view,Marina,1019165
218,301,2025-11-30 22:27:35.634416,view,JVC,1173218
218,991,2025-12-02 22:27:37.661947,view,Downtown Dubai,780833
218,711,2025-12-05 22:27:33.580484,view,Marina,1607810
218,86,2025-12-05 22:27:34.019313,view,Marina,1653224
218,772,2025-12-07 22:27:33.675182,view,Business Bay,1535891
218,634,2025-12-07 22:27:35.005977,view,JVC,529336
218,67,2025-12-09 22:27:33.971918,view,Palm Jumeirah,1356047
218,585,2025-12-11 22:27:33.924257,view,JVC,838540
218,113,2025-12-13 22:27:33.861224,view,Palm Jumeirah,1309178
218,875,2025-12-14 22:27:34.177072,view,Downtown Dubai,837369
218,939,2025-12-16 22:27:31.779760,view,Downtown Dubai,983455
218,560,2025-12-16 22:27:33.034256,view,Marina,1896436
218,905,2025-12-17 22:27:36.463705,view,Palm Jumeirah,1875607
218,9,2025-12-17 22:27:37.246480,view,JVC,914600
218,476,2025-12-21 22:27:37.914560,view,Palm Jumeirah,963937
218,123,2025-12-26 22:27:33.281284,view,JVC,963001
218,150,2025-12-27 22:27:35.618659,shortlist,Palm Jumeirah,595028
219,618,2025-11-30 22:27:31.935927,view,Palm Jumeirah,1179447
219,500,2025-12-01 22:27:32.544984,contact_agent,Business Bay,954418
219,137,2025-12-02 22:27:36.589762,view,JVC,773146
219,841,2025-12-02 22:27:37.215116,view,Marina,1968919
219,294,2025-12-03 22:27:33.234147,view,Business Bay,1861303
219,732,2025-12-04 22:27:36.229728,view,Marina,924528
219,199,2025-12-05 22:27:32.907836,view,Marina,1534586
219,438,2025-12-05 22:27:33.407634,view,Palm Jumeirah,1453692
219,735,2025-12-07 22:27:35.555661,view,Business Bay,1112181
219,254,2025-12-11 22:27:34.411577,view,JVC,1701838
219,749,2025-12-12 22:27:37.788279,view,Marina,979083
219,830,2025-12-13 22:27:35.005977,view,Business Bay,545475
219,468,2025-12-14 22:27:36.432216,shortlist,Downtown Dubai,1797991
219,853,2025-12-16 22:27:33.533259,view,Marina,1284192
219,803,2025-12-16 22:27:35.397725,view,JVC,1611009
219,775,2025-12-20 22:27:33.469904,view,Palm Jumeirah,1142762
219,382,2025-12-21 22:27:35.116356,view,Downtown Dubai,1371522
219,294,2025-12-21 22:27:37.567539,view,Business Bay,1861303
219,905,2025-12-21 22:27:37.756564,view,Palm Jumeirah,1875607
219,723,2025-12-22 22:27:32.749764,view,Palm Jumeirah,1969793
219,438,2025-12-23 22:27:35.719527,view,Palm Jumeirah,1453692
219,416,2025-12-24 22:27:32.828631,view,Downtown Dubai,1092632
219,586,2025-12-26 22:27:33.751414,view,Downtown Dubai,1001590
219,488,2025-12-26 22:27:36.963350,view,Downtown Dubai,1013313
220,267,2025-11-28 22:27:33.548940,view,Palm Jumeirah,1872070
220,287,2025-11-30 22:27:33.423343,view,Palm Jumeirah,1010370
220,321,2025-12-03 22:27:34.129738,view,Downtown Dubai,1199539
220,275,2025-12-08 22:27:33.458683,view,Downtown Dubai,1356626
220,959,2025-12-11 22:27:37.835300,contact_agent,Downtown Dubai,559778
220,480,2025-12-12 22:27:32.655167,shortlist,Palm Jumeirah,687771
220,701,2025-12-14 22:27:34.442915,view,Business Bay,1484156
220,174,2025-12-15 22:27:32.781570,view,Palm Jumeirah,812023
220,644,2025-12-15 22:27:33.940169,shortlist,JVC,1176296
220,795,2025-12-18 22:27:34.019313,view,JVC,1874073
220,986,2025-12-18 22:27:35.523435,view,Marina,1277567
220,648,2025-12-20 22:27:32.237681,view,Marina,1052439
220,431,2025-12-20 22:27:33.940169,contact_agent,Downtown Dubai,1308258
220,928,2025-12-24 22:27:35.913508,view,Marina,654692
220,762,2025-12-24 22:27:37.073407,view,Palm Jumeirah,1175673
220,451,2025-12-25 22:27:36.916072,view,Business Bay,1188152
220,983,2025-12-27 22:27:36.277680,view,Business Bay,1414565
221,998,2025-12-02 22:27:34.631909,view,Marina,1389493
221,774,2025-12-03 22:27:35.523435,view,Marina,923177
221,508,2025-12-04 22:27:31.855892,view,JVC,1711569
221,919,2025-12-04 22:27:33.407634,view,Business Bay,745300
221,399,2025-12-05 22:27:32.733847,view,Downtown Dubai,1090381
221,254,2025-12-05 22:27:36.947409,view,JVC,1701838
221,431,2025-12-06 22:27:31.904226,view,Downtown Dubai,1308258
221,830,2025-12-06 22:27:34.584161,view,Business Bay,545475
221,59,2025-12-07 22:27:37.372983,view,Business Bay,1706123
221,619,2025-12-09 22:27:36.367353,view,Marina,1561404
221,560,2025-12-14 22:27:36.589762,view,Marina,1896436
221,411,2025-12-15 22:27:35.728604,view,Palm Jumeirah,921280
221,6,2025-12-17 22:27:37.183700,view,JVC,1728807
221,303,2025-12-18 22:27:35.382062,view,Downtown Dubai,1103291
221,788,2025-12-20 22:27:37.470184,view,Downtown Dubai,1425779
221,408,2025-12-21 22:27:36.416141,contact_agent,Marina,1916953
221,254,2025-12-23 22:27:37.725098,view,JVC,1701838
221,808,2025-12-24 22:27:34.082338,view,Palm Jumeirah,647745
221,351,2025-12-25 22:27:34.769822,view,Palm Jumeirah,1350350
221,712,2025-12-26 22:27:35.539550,view,Business Bay,1312283
221,855,2025-12-27 22:27:36.463705,contact_agent,JVC,1101891
222,833,2025-11-28 22:27:37.357047,shortlist,JVC,1599577
222,338,2025-12-01 22:27:37.661947,view,JVC,876794
222,632,2025-12-01 22:27:37.851374,contact_agent,Business Bay,792575
222,453,2025-12-02 22:27:34.616250,view,Marina,1538336
222,343,2025-12-04 22:27:33.580484,view,JVC,1282877
222,728,2025-12-04 22:27:35.634416,view,Palm Jumeirah,1426215
222,879,2025-12-08 22:27:34.097995,view,Marina,796063
222,406,2025-12-10 22:27:32.540980,view,Marina,1643647
222,927,2025-12-10 22:27:36.135475,view,Business Bay,1490029
222,594,2025-12-12 22:27:32.651070,view,Downtown Dubai,1794315
222,267,2025-12-13 22:27:33.359702,view,Palm Jumeirah,1872070
222,134,2025-12-13 22:27:37.026214,view,JVC,1576941
222,605,2025-12-16 22:27:32.351950,view,Downtown Dubai,1517481
222,985,2025-12-16 22:27:34.505647,view,Marina,1552425
222,431,2025-12-19 22:27:35.429279,view,Downtown Dubai,1308258
222,954,2025-12-20 22:27:32.812910,shortlist,Downtown Dubai,1152755
222,587,2025-12-20 22:27:36.637455,view,Marina,1918412
222,775,2025-12-21 22:27:32.253433,view,Palm Jumeirah,1142762
222,168,2025-12-21 22:27:34.769822,view,Palm Jumeirah,1476433
222,516,2025-12-22 22:27:32.094821,view,Business Bay,1779180
222,922,2025-12-24 22:27:36.700206,view,JVC,1353392
222,28,2025-12-27 22:27:34.974549,view,Marina,1416383
223,149,2025-11-28 22:27:36.463705,view,Downtown Dubai,3511786
223,871,2025-11-28 22:27:36.826108,view,Downtown Dubai,4997968
223,316,2025-11-28 22:27:37.756564,view,Downtown Dubai,4127447
223,733,2025-12-02 22:27:35.258429,view,Downtown Dubai,3035610
223,889,2025-12-04 22:27:34.584161,view,Palm Jumeirah,3600498
223,641,2025-12-07 22:27:32.116038,view,Palm Jumeirah,4676426
223,245,2025-12-07 22:27:36.731523,view,JVC,3848924
223,518,2025-12-07 22:27:36.887988,view,Marina,3084182
223,866,2025-12-09 22:27:34.208482,view,Business Bay,4168280
223,794,2025-12-12 22:27:37.598447,view,Palm Jumeirah,3284067
223,143,2025-12-14 22:27:36.400390,view,Marina,3443295
223,203,2025-12-14 22:27:37.523679,view,Marina,4172277
223,522,2025-12-18 22:27:31.832867,view,Palm Jumeirah,4874142
223,100,2025-12-19 22:27:33.603549,view,Marina,4017741
223,744,2025-12-20 22:27:32.418964,view,Marina,4845398
223,538,2025-12-21 22:27:31.951629,view,Marina,4189024
223,883,2025-12-21 22:27:32.031021,view,Palm Jumeirah,3387757
223,485,2025-12-22 22:27:33.018245,view,JVC,4102615
223,882,2025-12-22 22:27:36.400390,view,Business Bay,4456778
223,595,2025-12-22 22:27:36.747180,view,Palm Jumeirah,3075508
223,211,2025-12-24 22:27:35.211244,view,JVC,4330121
223,340,2025-12-25 22:27:37.057747,view,JVC,3533349
223,325,2025-12-27 22:27:34.880092,view,Palm Jumeirah,4155074
223,79,2025-12-27 22:27:36.715861,view,Marina,4852892
224,982,2025-11-28 22:27:34.208482,view,Business Bay,1237090
224,455,2025-11-30 22:27:35.665778,view,Business Bay,1668932
224,941,2025-12-01 22:27:35.697261,view,JVC,1047219
224,723,2025-12-02 22:27:37.520473,view,Palm Jumeirah,1969793
224,331,2025-12-03 22:27:36.214007,view,Palm Jumeirah,1115863
224,334,2025-12-04 22:27:36.103957,view,JVC,1328791
224,536,2025-12-05 22:27:36.416141,view,JVC,1916842
224,318,2025-12-06 22:27:34.082338,view,Palm Jumeirah,568803
224,453,2025-12-09 22:27:35.429279,shortlist,Marina,1538336
224,782,2025-12-11 22:27:34.332736,view,Palm Jumeirah,1215339
224,292,2025-12-13 22:27:34.364408,contact_agent,Palm Jumeirah,708944
224,318,2025-12-13 22:27:35.413489,view,Palm Jumeirah,568803
224,687,2025-12-14 22:27:37.819617,view,Marina,768083
224,658,2025-12-15 22:27:34.066676,shortlist,Business Bay,642980
224,472,2025-12-16 22:27:33.002524,view,JVC,718401
224,229,2025-12-16 22:27:35.476419,view,Palm Jumeirah,985757
224,993,2025-12-17 22:27:32.015066,shortlist,JVC,1588963
224,115,2025-12-18 22:27:33.471905,view,Downtown Dubai,1221037
224,452,2025-12-20 22:27:35.776109,view,Downtown Dubai,902980
224,386,2025-12-22 22:27:37.010531,view,Business Bay,1102276
224,727,2025-12-24 22:27:36.088299,view,JVC,1598657
225,380,2025-11-30 22:27:37.120546,view,Downtown Dubai,3148202
225,654,2025-12-01 22:27:35.021784,view,Marina,3698156
225,926,2025-12-02 22:27:33.065626,view,Marina,4929723
225,763,2025-12-02 22:27:35.728604,view,Marina,4562224
225,249,2025-12-03 22:27:37.136251,view,Palm Jumeirah,3464932
225,224,2025-12-05 22:27:34.663539,view,Business Bay,4666233
225,513,2025-12-15 22:27:36.277680,view,Palm Jumeirah,3888445
225,800,2025-12-16 22:27:37.725098,shortlist,JVC,3791070
225,245,2025-12-17 22:27:37.089117,view,JVC,3848924
225,958,2025-12-18 22:27:34.568462,view,Downtown Dubai,3095834
225,467,2025-12-19 22:27:33.798437,view,JVC,4178621
225,24,2025-12-19 22:27:34.631909,view,Marina,4124064
225,180,2025-12-21 22:27:36.229728,view,Downtown Dubai,4804459
225,149,2025-12-27 22:27:34.958835,view,Downtown Dubai,3511786
225,317,2025-12-27 22:27:36.886961,contact_agent,Business Bay,4115652
226,331,2025-11-29 22:27:33.814098,view,Palm Jumeirah,1115863
226,425,2025-11-30 22:27:34.019313,view,Marina,625438
226,168,2025-11-30 22:27:34.380201,view,Palm Jumeirah,1476433
226,500,2025-12-01 22:27:35.274920,shortlist,Business Bay,954418
226,919,2025-12-02 22:27:37.899051,view,Business Bay,745300
226,413,2025-12-05 22:27:33.798437,view,Business Bay,841207
226,431,2025-12-06 22:27:37.867422,view,Downtown Dubai,1308258
226,356,2025-12-10 22:27:34.003657,view,Marina,935477
226,603,2025-12-10 22:27:36.637455,view,Downtown Dubai,1290645
226,338,2025-12-11 22:27:32.497727,contact_agent,JVC,876794
226,128,2025-12-11 22:27:34.848462,view,Palm Jumeirah,1015693
226,131,2025-12-16 22:27:35.866469,view,Marina,914994
226,920,2025-12-20 22:27:33.202628,view,Palm Jumeirah,1084010
226,687,2025-12-21 22:27:37.026214,view,Marina,768083
226,495,2025-12-21 22:27:37.278440,view,Business Bay,1154224
226,703,2025-12-24 22:27:36.621360,view,Marina,1363659
226,32,2025-12-25 22:27:35.116356,view,Downtown Dubai,773349
226,480,2025-12-26 22:27:34.647560,view,Palm Jumeirah,687771
227,173,2025-11-29 22:27:35.603000,view,Palm Jumeirah,1504001
227,406,2025-11-29 22:27:36.198305,view,Marina,1643647
227,801,2025-11-30 22:27:35.179400,view,Business Bay,1186268
227,45,2025-12-02 22:27:35.571323,view,JVC,739968
227,468,2025-12-02 22:27:37.693311,shortlist,Downtown Dubai,1797991
227,728,2025-12-03 22:27:32.511477,contact_agent,Palm Jumeirah,1426215
227,769,2025-12-04 22:27:37.230825,view,JVC,1301849
227,658,2025-12-05 22:27:37.262377,view,Business Bay,642980
227,186,2025-12-06 22:27:33.691849,view,Business Bay,588668
227,634,2025-12-10 22:27:37.867422,view,JVC,529336
227,530,2025-12-16 22:27:36.963350,view,Business Bay,1234983
227,303,2025-12-21 22:27:32.479973,view,Downtown Dubai,1103291
227,408,2025-12-22 22:27:32.685978,view,Marina,1916953
227,351,2025-12-22 22:27:33.501559,view,Palm Jumeirah,1350350
227,319,2025-12-22 22:27:33.845565,view,Business Bay,1307744
227,292,2025-12-22 22:27:34.990265,view,Palm Jumeirah,708944
227,254,2025-12-23 22:27:34.380201,view,JVC,1701838
227,957,2025-12-23 22:27:34.568462,contact_agent,Business Bay,1243088
227,920,2025-12-25 22:27:35.021784,view,Palm Jumeirah,1084010
227,565,2025-12-27 22:27:34.911693,view,Business Bay,1904355
228,650,2025-11-29 22:27:34.051015,contact_agent,Marina,773452
228,328,2025-12-02 22:27:32.110861,view,Marina,1727146
228,186,2025-12-03 22:27:37.725098,view,Business Bay,588668
228,655,2025-12-04 22:27:36.479360,view,Palm Jumeirah,1262371
228,240,2025-12-06 22:27:34.316827,view,Business Bay,692512
228,292,2025-12-08 22:27:32.617742,view,Palm Jumeirah,708944
228,148,2025-12-11 22:27:35.897847,view,Downtown Dubai,1857453
228,853,2025-12-13 22:27:37.709313,view,Marina,1284192
228,738,2025-12-14 22:27:36.637455,view,JVC,639227
228,854,2025-12-15 22:27:36.245845,view,Business Bay,1420114
228,633,2025-12-16 22:27:33.971918,view,Palm Jumeirah,1959700
228,967,2025-12-17 22:27:37.819617,view,JVC,1022154
228,732,2025-12-19 22:27:32.349949,view,Marina,924528
228,431,2025-12-21 22:27:32.639634,view,Downtown Dubai,1308258
228,594,2025-12-24 22:27:36.182615,view,Downtown Dubai,1794315
228,227,2025-12-26 22:27:31.779760,view,Downtown Dubai,1842057
228,3,2025-12-26 22:27:36.384326,view,Downtown Dubai,1450162
228,749,2025-12-27 22:27:33.234147,view,Marina,979083
228,7,2025-12-27 22:27:35.882131,view,Business Bay,622775
229,338,2025-11-29 22:27:36.229728,view,JVC,876794
229,323,2025-11-29 22:27:36.842168,contact_agent,JVC,517297
229,130,2025-12-01 22:27:33.002524,view,JVC,739017
229,282,2025-12-02 22:27:33.158275,view,JVC,661445
229,658,2025-12-02 22:27:35.866469,view,Business Bay,642980
229,632,2025-12-08 22:27:32.844287,view,Business Bay,792575
229,982,2025-12-09 22:27:35.195138,contact_agent,Business Bay,1237090
229,617,2025-12-16 22:27:32.765914,view,Business Bay,1207173
229,46,2025-12-16 22:27:36.901425,view,JVC,788963
229,334,2025-12-18 22:27:32.454212,shortlist,JVC,1328791
229,735,2025-12-19 22:27:31.792106,view,Business Bay,1112181
229,530,2025-12-21 22:27:36.088299,view,Business Bay,1234983
229,916,2025-12-23 22:27:32.464220,view,JVC,631184
229,526,2025-12-25 22:27:33.564660,view,JVC,1078526
229,354,2025-12-26 22:27:32.442462,view,Business Bay,667647
229,922,2025-12-26 22:27:33.081318,view,JVC,1353392
230,998,2025-11-28 22:27:35.429279,view,Marina,1389493
230,670,2025-11-29 22:27:35.382062,view,JVC,1244748
230,286,2025-11-29 22:27:36.895224,view,Business Bay,1184029
230,646,2025-12-02 22:27:37.183700,view,Marina,1028714
230,605,2025-12-03 22:27:37.899051,view,Downtown Dubai,1517481
230,501,2025-12-04 22:27:37.567539,view,Palm Jumeirah,1972542
230,919,2025-12-06 22:27:37.372983,view,Business Bay,745300
230,769,2025-12-07 22:27:35.147694,view,JVC,1301849
230,138,2025-12-07 22:27:36.367353,view,Downtown Dubai,1664795
230,67,2025-12-08 22:27:32.149406,view,Palm Jumeirah,1356047
230,32,2025-12-08 22:27:35.776109,view,Downtown Dubai,773349
230,434,2025-12-09 22:27:32.812910,view,JVC,681948
230,163,2025-12-09 22:27:35.069159,shortlist,JVC,1623389
230,137,2025-12-11 22:27:31.951629,view,JVC,773146
230,644,2025-12-14 22:27:35.810089,view,JVC,1176296
230,301,2025-12-15 22:27:32.538979,view,JVC,1173218
230,839,2025-12-16 22:27:37.486564,view,Palm Jumeirah,727189
230,66,2025-12-18 22:27:33.202628,view,Marina,690237
230,16,2025-12-22 22:27:37.851374,view,Marina,1756715
230,98,2025-12-25 22:27:35.791868,view,JVC,1127220
230,583,2025-12-25 22:27:36.826108,view,Palm Jumeirah,618581
230,59,2025-12-25 22:27:37.661947,view,Business Bay,1706123
230,113,2025-12-26 22:27:32.892157,view,Palm Jumeirah,1309178
230,920,2025-12-26 22:27:33.328368,view,Palm Jumeirah,1084010
230,328,2025-12-26 22:27:37.472198,view,Marina,1727146
230,459,2025-12-27 22:27:34.568462,contact_agent,Marina,1437635
231,990,2025-11-28 22:27:36.364270,view,Downtown Dubai,551707
231,893,2025-12-01 22:27:35.005977,view,Marina,1533668
231,56,2025-12-04 22:27:35.195138,view,Palm Jumeirah,1527557
231,4,2025-12-07 22:27:34.616250,view,JVC,1774634
231,419,2025-12-08 22:27:35.382062,view,Downtown Dubai,1662189
231,738,2025-12-10 22:27:36.897283,view,JVC,639227
231,803,2025-12-11 22:27:36.773165,view,JVC,1611009
231,896,2025-12-16 22:27:32.907836,view,Marina,1208175
231,556,2025-12-17 22:27:34.348710,view,Business Bay,785622
231,646,2025-12-17 22:27:37.772602,view,Marina,1028714
231,741,2025-12-19 22:27:35.712920,view,JVC,781854
231,920,2025-12-20 22:27:35.413489,view,Palm Jumeirah,1084010
231,354,2025-12-20 22:27:36.135475,view,Business Bay,667647
231,925,2025-12-21 22:27:34.474315,view,Downtown Dubai,1690456
231,287,2025-12-21 22:27:36.826108,view,Palm Jumeirah,1010370
231,803,2025-12-26 22:27:36.931724,view,JVC,1611009
232,368,2025-12-01 22:27:37.912558,view,Business Bay,626060
232,551,2025-12-03 22:27:34.097995,view,JVC,1255612
232,914,2025-12-03 22:27:36.293332,view,Business Bay,1323759
232,429,2025-12-06 22:27:32.318444,view,Business Bay,1135719
232,320,2025-12-06 22:27:35.744617,view,JVC,1248736
232,78,2025-12-09 22:27:33.517603,view,JVC,794746
232,343,2025-12-13 22:27:32.345945,view,JVC,1282877
232,830,2025-12-15 22:27:31.777696,view,Business Bay,545475
232,434,2025-12-15 22:27:36.684542,shortlist,JVC,681948
232,561,2025-12-16 22:27:35.744617,view,JVC,1167540
232,828,2025-12-17 22:27:34.584161,view,Business Bay,708859
232,45,2025-12-18 22:27:33.158275,view,JVC,739968
232,186,2025-12-18 22:27:35.302649,view,Business Bay,588668
232,741,2025-12-20 22:27:34.832773,view,JVC,781854
232,627,2025-12-21 22:27:34.755442,view,JVC,1415113
232,769,2025-12-21 22:27:37.010531,view,JVC,1301849
233,640,2025-11-28 22:27:34.035360,view,Business Bay,1947947
233,197,2025-11-28 22:27:35.429279,view,Business Bay,862455
233,382,2025-11-29 22:27:35.835614,view,Downtown Dubai,1371522
233,46,2025-11-30 22:27:34.927497,view,JVC,788963
233,826,2025-11-30 22:27:35.719527,view,JVC,1895796
233,500,2025-12-05 22:27:32.955285,view,Business Bay,954418
233,808,2025-12-06 22:27:32.078176,view,Palm Jumeirah,647745
233,880,2025-12-06 22:27:32.180675,view,JVC,1883875
233,322,2025-12-06 22:27:36.558079,view,Downtown Dubai,745404
233,437,2025-12-06 22:27:37.740841,view,JVC,1706751
233,982,2025-12-08 22:27:36.229728,contact_agent,Business Bay,1237090
233,536,2025-12-08 22:27:36.637455,view,JVC,1916842
233,381,2025-12-10 22:27:34.192729,view,Palm Jumeirah,1692931
233,132,2025-12-12 22:27:36.558079,view,Business Bay,1441768
233,695,2025-12-13 22:27:34.801395,view,JVC,1895285
233,14,2025-12-14 22:27:35.397725,view,JVC,1948763
233,411,2025-12-14 22:27:36.463705,view,Palm Jumeirah,921280
233,693,2025-12-15 22:27:33.049967,view,Palm Jumeirah,789220
233,131,2025-12-19 22:27:34.958835,view,Marina,914994
233,164,2025-12-20 22:27:33.187991,view,Marina,1075919
233,130,2025-12-21 22:27:35.539550,view,JVC,739017
233,893,2025-12-21 22:27:37.026214,view,Marina,1533668
233,985,2025-12-24 22:27:33.829898,view,Marina,1552425
233,59,2025-12-24 22:27:35.163349,view,Business Bay,1706123
233,85,2025-12-25 22:27:36.495041,contact_agent,Marina,623950
233,459,2025-12-26 22:27:32.923922,view,Marina,1437635
233,320,2025-12-27 22:27:34.411577,contact_agent,JVC,1248736
233,17,2025-12-27 22:27:34.895998,contact_agent,Marina,580257
234,298,2025-11-28 22:27:37.803964,view,Downtown Dubai,1546161
234,297,2025-12-02 22:27:36.826108,view,Marina,1697162
234,718,2025-12-05 22:27:33.202628,view,Downtown Dubai,1849590
234,529,2025-12-05 22:27:37.709313,contact_agent,Palm Jumeirah,1314422
234,123,2025-12-07 22:27:34.726781,view,JVC,963001
234,890,2025-12-08 22:27:36.779001,view,Downtown Dubai,1523920
234,660,2025-12-10 22:27:33.183792,view,Marina,757354
234,14,2025-12-14 22:27:32.094821,view,JVC,1948763
234,611,2025-12-14 22:27:34.066676,view,Downtown Dubai,1306564
234,14,2025-12-22 22:27:33.971918,view,JVC,1948763
234,785,2025-12-22 22:27:36.308994,view,Business Bay,1128889
234,712,2025-12-23 22:27:33.628134,view,Business Bay,1312283
234,802,2025-12-24 22:27:36.526439,view,JVC,1301955
234,803,2025-12-25 22:27:37.803964,view,JVC,1611009
234,583,2025-12-27 22:27:35.665778,view,Palm Jumeirah,618581
235,982,2025-11-29 22:27:34.248404,view,Business Bay,1237090
235,150,2025-12-02 22:27:34.225051,view,Palm Jumeirah,595028
235,99,2025-12-03 22:27:35.961151,view,Business Bay,943316
235,439,2025-12-04 22:27:33.477385,contact_agent,Palm Jumeirah,717770
235,429,2025-12-06 22:27:34.974549,view,Business Bay,1135719
235,177,2025-12-06 22:27:36.731523,view,Business Bay,1255111
235,920,2025-12-06 22:27:37.803964,contact_agent,Palm Jumeirah,1084010
235,960,2025-12-07 22:27:33.081318,view,Business Bay,1594409
235,177,2025-12-07 22:27:35.069159,view,Business Bay,1255111
235,556,2025-12-08 22:27:33.987977,view,Business Bay,785622
235,905,2025-12-08 22:27:34.647560,view,Palm Jumeirah,1875607
235,991,2025-12-08 22:27:36.151287,view,Downtown Dubai,780833
235,378,2025-12-09 22:27:32.137003,view,Palm Jumeirah,1062060
235,36,2025-12-09 22:27:37.851374,view,Downtown Dubai,1916207
235,445,2025-12-10 22:27:37.630182,view,Palm Jumeirah,1838530
235,560,2025-12-11 22:27:32.892157,view,Marina,1896436
235,920,2025-12-19 22:27:36.700206,shortlist,Palm Jumeirah,1084010
235,597,2025-12-19 22:27:36.857851,view,Palm Jumeirah,1858311
235,853,2025-12-20 22:27:32.341942,contact_agent,Marina,1284192
235,250,2025-12-21 22:27:37.199358,view,Palm Jumeirah,1147341
235,728,2025-12-23 22:27:37.462109,view,Palm Jumeirah,1426215
235,788,2025-12-25 22:27:33.160814,view,Downtown Dubai,1425779
235,331,2025-12-26 22:27:35.555661,view,Palm Jumeirah,1115863
235,826,2025-12-26 22:27:36.088299,view,JVC,1895796
235,25,2025-12-27 22:27:35.318583,view,Downtown Dubai,1275158
236,902,2025-11-28 22:27:32.363700,view,Downtown Dubai,625355
236,487,2025-12-01 22:27:32.611737,view,Marina,1251518
236,356,2025-12-01 22:27:35.413489,contact_agent,Marina,935477
236,701,2025-12-06 22:27:34.600305,view,Business Bay,1484156
236,686,2025-12-07 22:27:37.451241,view,Marina,624932
236,323,2025-12-08 22:27:36.277680,view,JVC,517297
236,916,2025-12-10 22:27:35.850785,shortlist,JVC,631184
236,130,2025-12-11 22:27:32.876025,view,JVC,739017
236,854,2025-12-14 22:27:34.177072,view,Business Bay,1420114
236,969,2025-12-19 22:27:37.215116,view,Marina,1511930
236,157,2025-12-19 22:27:37.772602,view,Palm Jumeirah,1825569
236,158,2025-12-23 22:27:36.024976,view,JVC,1916828
236,998,2025-12-23 22:27:37.756564,view,Marina,1389493
237,421,2025-11-28 22:27:34.411577,view,JVC,914299
237,177,2025-11-29 22:27:33.767085,view,Business Bay,1255111
237,197,2025-11-29 22:27:34.442915,view,Business Bay,862455
237,495,2025-11-30 22:27:34.003657,view,Business Bay,1154224
237,320,2025-11-30 22:27:36.637455,view,JVC,1248736
237,957,2025-12-02 22:27:33.148267,shortlist,Business Bay,1243088
237,343,2025-12-05 22:27:37.921927,view,JVC,1282877
237,982,2025-12-06 22:27:32.986864,view,Business Bay,1237090
237,472,2025-12-10 22:27:37.851374,shortlist,JVC,718401
237,530,2025-12-14 22:27:36.931724,view,Business Bay,1234983
237,667,2025-12-15 22:27:33.187991,view,JVC,1264265
237,368,2025-12-15 22:27:35.037839,view,Business Bay,626060
237,627,2025-12-21 22:27:37.341247,view,JVC,1415113
237,741,2025-12-22 22:27:34.051015,contact_agent,JVC,781854
237,324,2025-12-22 22:27:37.567539,view,JVC,1288443
237,658,2025-12-25 22:27:34.568462,view,Business Bay,642980
238,194,2025-11-28 22:27:36.510741,view,Business Bay,3545915
238,41,2025-11-29 22:27:33.595096,view,Downtown Dubai,4727995
238,859,2025-11-29 22:27:35.603000,view,Downtown Dubai,3844250
238,72,2025-11-30 22:27:34.785732,view,Business Bay,3847769
238,161,2025-12-03 22:27:33.344050,view,Business Bay,4125654
238,515,2025-12-03 22:27:34.003657,view,Marina,3992099
238,958,2025-12-03 22:27:35.382062,view,Downtown Dubai,3095834
238,5,2025-12-03 22:27:37.465108,view,Business Bay,3255063
238,549,2025-12-06 22:27:33.675182,view,JVC,3825495
238,136,2025-12-07 22:27:32.458215,view,Downtown Dubai,3038568
238,252,2025-12-08 22:27:33.142523,view,Marina,3829693
238,579,2025-12-12 22:27:32.393203,view,Palm Jumeirah,3672382
238,591,2025-12-12 22:27:37.756564,view,Palm Jumeirah,3610691
238,943,2025-12-13 22:27:33.105014,view,Marina,4945975
238,308,2025-12-13 22:27:33.439002,view,JVC,3038143
238,264,2025-12-13 22:27:35.476419,view,Downtown Dubai,3485696
238,405,2025-12-18 22:27:34.726781,view,Marina,3570771
238,490,2025-12-20 22:27:35.913508,view,Palm Jumeirah,3714215
238,962,2025-12-21 22:27:34.817087,view,JVC,4604399
238,337,2025-12-26 22:27:35.476419,view,Business Bay,4895564
239,967,2025-11-29 22:27:35.460757,shortlist,JVC,1022154
239,828,2025-12-03 22:27:37.042084,view,Business Bay,708859
239,627,2025-12-03 22:27:37.414603,view,JVC,1415113
239,983,2025-12-05 22:27:34.066676,view,Business Bay,1414565
239,678,2025-12-05 22:27:34.348710,view,JVC,1056718
239,854,2025-12-05 22:27:36.040977,view,Business Bay,1420114
239,801,2025-12-05 22:27:36.574102,view,Business Bay,1186268
239,132,2025-12-06 22:27:35.021784,view,Business Bay,1441768
239,855,2025-12-06 22:27:36.214007,view,JVC,1101891
239,46,2025-12-07 22:27:36.261867,view,JVC,788963
239,802,2025-12-11 22:27:36.574102,view,JVC,1301955
239,421,2025-12-13 22:27:32.812910,view,JVC,914299
239,741,2025-12-14 22:27:36.368381,view,JVC,781854
239,919,2025-12-15 22:27:34.974549,view,Business Bay,745300
239,658,2025-12-15 22:27:37.835300,view,Business Bay,642980
239,135,2025-12-17 22:27:37.567539,view,JVC,965982
239,769,2025-12-18 22:27:32.458215,view,JVC,1301849
239,7,2025-12-19 22:27:37.372983,view,Business Bay,622775
239,123,2025-12-23 22:27:32.168665,view,JVC,963001
239,670,2025-12-23 22:27:35.681524,view,JVC,1244748
239,177,2025-12-24 22:27:35.850785,view,Business Bay,1255111
239,472,2025-12-25 22:27:32.015066,view,JVC,718401
239,785,2025-12-25 22:27:35.523435,shortlist,Business Bay,1128889
239,957,2025-12-27 22:27:36.463705,view,Business Bay,1243088
240,778,2025-11-29 22:27:33.234147,view,Palm Jumeirah,1706184
240,362,2025-11-30 22:27:33.940169,view,Marina,1286261
240,556,2025-12-01 22:27:36.887988,view,Business Bay,785622
240,950,2025-12-02 22:27:32.265182,view,Marina,595556
240,16,2025-12-03 22:27:33.281284,view,Marina,1756715
240,960,2025-12-03 22:27:36.684542,view,Business Bay,1594409
240,634,2025-12-05 22:27:34.253885,view,JVC,529336
240,925,2025-12-07 22:27:34.759551,view,Downtown Dubai,1690456
240,7,2025-12-07 22:27:37.073407,contact_agent,Business Bay,622775
240,350,2025-12-08 22:27:36.715861,view,Marina,1836092
240,525,2025-12-09 22:27:37.414603,view,Marina,941904
240,870,2025-12-11 22:27:33.423343,view,Palm Jumeirah,542291
240,323,2025-12-14 22:27:33.861224,view,JVC,517297
240,45,2025-12-20 22:27:31.792106,view,JVC,739968
240,429,2025-12-24 22:27:35.834645,view,Business Bay,1135719
240,742,2025-12-24 22:27:35.929596,view,Marina,1160327
241,29,2025-11-28 22:27:35.810089,view,Downtown Dubai,779215
241,419,2025-11-30 22:27:33.081318,view,Downtown Dubai,1662189
241,229,2025-12-03 22:27:35.397725,view,Palm Jumeirah,985757
241,25,2025-12-05 22:27:33.612454,view,Downtown Dubai,1275158
241,808,2025-12-06 22:27:33.782751,view,Palm Jumeirah,647745
241,954,2025-12-07 22:27:33.234147,view,Downtown Dubai,1152755
241,474,2025-12-07 22:27:34.129738,view,JVC,659292
241,99,2025-12-10 22:27:36.324648,shortlist,Business Bay,943316
241,916,2025-12-13 22:27:34.097995,view,JVC,631184
241,774,2025-12-16 22:27:33.234147,view,Marina,923177
241,320,2025-12-17 22:27:36.994837,view,JVC,1248736
241,709,2025-12-17 22:27:37.646283,view,Palm Jumeirah,1656618
241,70,2025-12-18 22:27:34.145735,view,Business Bay,1345474
241,479,2025-12-19 22:27:32.094821,view,Marina,1692097
241,592,2025-12-22 22:27:34.568462,view,Business Bay,1858097
241,7,2025-12-22 22:27:35.882131,view,Business Bay,622775
241,585,2025-12-22 22:27:36.684542,view,JVC,838540
241,148,2025-12-23 22:27:32.655167,view,Downtown Dubai,1857453
241,775,2025-12-25 22:27:35.366371,view,Palm Jumeirah,1142762
241,727,2025-12-25 22:27:36.166955,view,JVC,1598657
241,287,2025-12-26 22:27:33.218442,view,Palm Jumeirah,1010370
241,6,2025-12-26 22:27:34.832773,view,JVC,1728807
241,323,2025-12-26 22:27:35.211244,view,JVC,517297
241,735,2025-12-27 22:27:37.725098,view,Business Bay,1112181
242,50,2025-11-30 22:27:35.571323,view,Marina,1019165
242,70,2025-12-02 22:27:32.206174,view,Business Bay,1345474
242,148,2025-12-02 22:27:36.384326,view,Downtown Dubai,1857453
242,309,2025-12-03 22:27:34.769822,view,Palm Jumeirah,837913
242,157,2025-12-04 22:27:35.147694,view,Palm Jumeirah,1825569
242,680,2025-12-04 22:27:36.277680,contact_agent,Downtown Dubai,852414
242,274,2025-12-05 22:27:34.537135,view,Palm Jumeirah,1361069
242,416,2025-12-05 22:27:35.274920,view,Downtown Dubai,1092632
242,890,2025-12-05 22:27:36.994837,view,Downtown Dubai,1523920
242,598,2025-12-06 22:27:36.916072,contact_agent,Marina,1789467
242,131,2025-12-14 22:27:36.896251,view,Marina,914994
242,687,2025-12-17 22:27:37.533249,view,Marina,768083
242,846,2025-12-23 22:27:34.097995,shortlist,Business Bay,1920858
242,501,2025-12-23 22:27:36.589762,view,Palm Jumeirah,1972542
242,950,2025-12-24 22:27:35.571323,view,Marina,595556
242,950,2025-12-26 22:27:34.943153,view,Marina,595556
243,197,2025-11-28 22:27:34.801395,view,Business Bay,862455
243,667,2025-11-29 22:27:35.274920,view,JVC,1264265
243,967,2025-11-29 22:27:36.341364,view,JVC,1022154
243,615,2025-11-29 22:27:37.432995,contact_agent,JVC,1237954
243,343,2025-12-04 22:27:33.249970,view,JVC,1282877
243,916,2025-12-04 22:27:36.009292,view,JVC,631184
243,177,2025-12-05 22:27:33.940169,view,Business Bay,1255111
243,982,2025-12-06 22:27:35.037839,view,Business Bay,1237090
243,530,2025-12-06 22:27:35.084845,view,Business Bay,1234983
243,712,2025-12-06 22:27:37.073407,shortlist,Business Bay,1312283
243,386,2025-12-07 22:27:35.977057,view,Business Bay,1102276
243,421,2025-12-09 22:27:32.828631,view,JVC,914299
243,651,2025-12-11 22:27:35.634416,view,JVC,1278883
243,773,2025-12-12 22:27:34.647560,view,JVC,1253494
243,7,2025-12-14 22:27:36.510741,view,Business Bay,622775
243,551,2025-12-16 22:27:33.643839,contact_agent,JVC,1255612
243,474,2025-12-17 22:27:32.733847,view,JVC,659292
243,421,2025-12-17 22:27:33.533259,view,JVC,914299
243,324,2025-12-18 22:27:35.258429,view,JVC,1288443
243,658,2025-12-19 22:27:35.397725,view,Business Bay,642980
243,982,2025-12-20 22:27:36.229728,view,Business Bay,1237090
243,197,2025-12-23 22:27:32.955285,view,Business Bay,862455
243,785,2025-12-23 22:27:36.103957,view,Business Bay,1128889
243,70,2025-12-25 22:27:32.812910,contact_agent,Business Bay,1345474
243,982,2025-12-25 22:27:32.986864,view,Business Bay,1237090
243,324,2025-12-25 22:27:33.423343,view,JVC,1288443
243,301,2025-12-27 22:27:32.406954,view,JVC,1173218
244,920,2025-12-02 22:27:33.467903,view,Palm Jumeirah,1084010
244,135,2025-12-03 22:27:34.364408,view,JVC,965982
244,802,2025-12-04 22:27:34.584161,view,JVC,1301955
244,803,2025-12-05 22:27:36.495041,view,JVC,1611009
244,37,2025-12-05 22:27:36.653111,view,Palm Jumeirah,1078688
244,644,2025-12-06 22:27:34.552797,view,JVC,1176296
244,745,2025-12-10 22:27:37.167880,view,Downtown Dubai,1985255
244,322,2025-12-15 22:27:35.116356,view,Downtown Dubai,745404
244,808,2025-12-16 22:27:32.765914,view,Palm Jumeirah,647745
244,879,2025-12-16 22:27:33.798437,view,Marina,796063
244,808,2025-12-18 22:27:34.051015,view,Palm Jumeirah,647745
244,453,2025-12-18 22:27:37.564648,view,Marina,1538336
244,833,2025-12-19 22:27:37.894581,view,JVC,1599577
244,934,2025-12-26 22:27:32.717827,view,Marina,1888509
245,738,2025-12-01 22:27:37.089117,view,JVC,639227
245,338,2025-12-03 22:27:33.328368,view,JVC,876794
245,66,2025-12-05 22:27:35.163349,view,Marina,690237
245,670,2025-12-10 22:27:36.277680,view,JVC,1244748
245,445,2025-12-12 22:27:34.817087,view,Palm Jumeirah,1838530
245,37,2025-12-13 22:27:32.907836,view,Palm Jumeirah,1078688
245,98,2025-12-13 22:27:34.521303,view,JVC,1127220
245,439,2025-12-15 22:27:35.397725,view,Palm Jumeirah,717770
245,597,2025-12-16 22:27:31.806921,view,Palm Jumeirah,1858311
245,587,2025-12-16 22:27:32.859951,view,Marina,1918412
245,941,2025-12-17 22:27:32.907836,shortlist,JVC,1047219
245,870,2025-12-18 22:27:32.781570,view,Palm Jumeirah,542291
245,597,2025-12-18 22:27:33.105014,view,Palm Jumeirah,1858311
245,788,2025-12-19 22:27:32.156917,view,Downtown Dubai,1425779
245,67,2025-12-21 22:27:37.646283,view,Palm Jumeirah,1356047
245,368,2025-12-23 22:27:32.685978,view,Business Bay,626060
245,921,2025-12-23 22:27:34.145735,view,Downtown Dubai,592036
245,280,2025-12-24 22:27:32.031021,view,Downtown Dubai,970529
245,132,2025-12-27 22:27:34.943153,view,Business Bay,1441768
245,536,2025-12-27 22:27:37.509594,view,JVC,1916842
246,957,2025-11-29 22:27:32.621746,view,Business Bay,1243088
246,969,2025-12-01 22:27:32.141399,view,Marina,1511930
246,633,2025-12-02 22:27:34.035360,view,Palm Jumeirah,1959700
246,749,2025-12-03 22:27:33.109017,view,Marina,979083
246,171,2025-12-04 22:27:35.897847,view,Marina,901067
246,905,2025-12-06 22:27:33.144264,view,Palm Jumeirah,1875607
246,862,2025-12-06 22:27:36.731523,shortlist,Business Bay,1037977
246,434,2025-12-10 22:27:34.192729,view,JVC,681948
246,297,2025-12-10 22:27:35.977057,view,Marina,1697162
246,267,2025-12-11 22:27:34.600305,view,Palm Jumeirah,1872070
246,479,2025-12-11 22:27:35.993182,view,Marina,1692097
246,508,2025-12-12 22:27:34.880092,view,JVC,1711569
246,973,2025-12-13 22:27:36.589762,view,Downtown Dubai,1660117
246,966,2025-12-14 22:27:33.477385,shortlist,Downtown Dubai,1898949
246,959,2025-12-16 22:27:34.114079,contact_agent,Downtown Dubai,559778
246,545,2025-12-16 22:27:36.769160,view,JVC,1460652
246,896,2025-12-19 22:27:35.650122,view,Marina,1208175
246,459,2025-12-19 22:27:36.463705,view,Marina,1437635
246,618,2025-12-20 22:27:37.819617,view,Palm Jumeirah,1179447
246,705,2025-12-21 22:27:36.447880,view,Business Bay,1703920
246,56,2025-12-22 22:27:35.116356,shortlist,Palm Jumeirah,1527557
246,473,2025-12-22 22:27:37.646283,view,Downtown Dubai,1485132
246,870,2025-12-23 22:27:32.446465,view,Palm Jumeirah,542291
246,250,2025-12-23 22:27:32.670306,shortlist,Palm Jumeirah,1147341
246,999,2025-12-24 22:27:32.469964,view,Marina,1278799
247,267,2025-11-28 22:27:32.588238,view,Palm Jumeirah,1872070
247,745,2025-11-28 22:27:35.211244,view,Downtown Dubai,1985255
247,437,2025-11-28 22:27:37.104894,view,JVC,1706751
247,774,2025-11-29 22:27:35.555661,view,Marina,923177
247,274,2025-11-30 22:27:32.292944,view,Palm Jumeirah,1361069
247,399,2025-12-02 22:27:32.859951,view,Downtown Dubai,1090381
247,394,2025-12-04 22:27:35.037839,view,Marina,1288140
247,213,2025-12-05 22:27:36.747180,contact_agent,Business Bay,1853324
247,468,2025-12-06 22:27:37.262377,view,Downtown Dubai,1797991
247,658,2025-12-06 22:27:37.472198,view,Business Bay,642980
247,615,2025-12-08 22:27:33.375807,view,JVC,1237954
247,798,2025-12-08 22:27:37.486564,view,JVC,1924663
247,416,2025-12-09 22:27:36.368381,view,Downtown Dubai,1092632
247,318,2025-12-10 22:27:34.177072,view,Palm Jumeirah,568803
247,529,2025-12-10 22:27:35.760271,view,Palm Jumeirah,1314422
247,448,2025-12-11 22:27:32.939586,view,Palm Jumeirah,1978768
247,186,2025-12-11 22:27:35.476419,view,Business Bay,588668
247,429,2025-12-12 22:27:33.720913,view,Business Bay,1135719
247,113,2025-12-13 22:27:31.792106,view,Palm Jumeirah,1309178
247,501,2025-12-13 22:27:32.172669,view,Palm Jumeirah,1972542
247,28,2025-12-14 22:27:32.418964,view,Marina,1416383
247,581,2025-12-16 22:27:32.651070,view,Downtown Dubai,791464
247,64,2025-12-18 22:27:32.907836,view,Marina,1033634
247,978,2025-12-23 22:27:34.395899,view,Downtown Dubai,789134
247,62,2025-12-24 22:27:36.994837,view,Marina,808449
247,381,2025-12-25 22:27:32.765914,view,Palm Jumeirah,1692931
247,412,2025-12-26 22:27:37.136251,shortlist,Palm Jumeirah,1409245
248,258,2025-11-29 22:27:33.002524,view,JVC,4908285
248,864,2025-11-29 22:27:37.215116,view,JVC,4203292
248,512,2025-11-30 22:27:31.806921,view,Business Bay,4398190
248,53,2025-11-30 22:27:34.238146,view,JVC,4378363
248,424,2025-11-30 22:27:37.851374,view,Business Bay,4661900
248,190,2025-12-03 22:27:32.892157,view,Palm Jumeirah,4510162
248,372,2025-12-05 22:27:34.192729,view,JVC,3344180
248,576,2025-12-07 22:27:37.430805,view,JVC,4486280
248,366,2025-12-08 22:27:35.835614,view,Palm Jumeirah,3579042
248,97,2025-12-11 22:27:31.983449,view,JVC,4807086
248,188,2025-12-11 22:27:33.218442,view,Business Bay,4119348
248,813,2025-12-15 22:27:34.848462,view,JVC,4651923
248,375,2025-12-16 22:27:33.987977,view,Business Bay,4593886
248,887,2025-12-17 22:27:32.638588,view,Business Bay,3070115
248,127,2025-12-17 22:27:33.439002,view,Palm Jumeirah,3322136
248,58,2025-12-17 22:27:37.357047,view,JVC,4388577
248,187,2025-12-17 22:27:37.803964,view,Downtown Dubai,3334837
248,49,2025-12-19 22:27:34.427263,view,Marina,3801017
248,107,2025-12-20 22:27:34.895998,view,Marina,4461676
248,116,2025-12-25 22:27:35.318583,contact_agent,Palm Jumeirah,3732244
248,582,2025-12-27 22:27:37.104894,contact_agent,Palm Jumeirah,3173829
248,539,2025-12-27 22:27:37.167880,view,JVC,4896650
249,506,2025-11-29 22:27:34.711013,view,Business Bay,4694463
249,761,2025-12-01 22:27:35.005977,view,Marina,4583290
249,601,2025-12-03 22:27:37.215116,view,Marina,4155180
249,637,2025-12-06 22:27:32.812910,view,Downtown Dubai,3107622
249,127,2025-12-06 22:27:33.112759,view,Palm Jumeirah,3322136
249,217,2025-12-06 22:27:35.053501,view,Palm Jumeirah,4896720
249,729,2025-12-07 22:27:35.274920,contact_agent,Business Bay,3533449
249,736,2025-12-08 22:27:33.533259,view,Palm Jumeirah,4145525
249,194,2025-12-09 22:27:34.192729,view,Business Bay,3545915
249,710,2025-12-09 22:27:36.103957,view,JVC,4411147
249,628,2025-12-10 22:27:34.679502,view,Downtown Dubai,3192794
249,114,2025-12-10 22:27:36.765154,view,Palm Jumeirah,3062605
249,724,2025-12-11 22:27:34.364408,contact_agent,Marina,4990512
249,843,2025-12-11 22:27:37.445965,view,Marina,3150324
249,263,2025-12-12 22:27:33.612454,view,Downtown Dubai,3744967
249,176,2025-12-12 22:27:37.772602,view,JVC,3677902
249,955,2025-12-13 22:27:36.916072,view,Business Bay,4166344
249,325,2025-12-15 22:27:37.400934,view,Palm Jumeirah,4155074
249,316,2025-12-16 22:27:31.768821,view,Downtown Dubai,4127447
249,513,2025-12-16 22:27:33.359702,view,Palm Jumeirah,3888445
249,793,2025-12-16 22:27:34.411577,view,Business Bay,4132632
249,346,2025-12-17 22:27:34.679502,view,Palm Jumeirah,3799973
249,353,2025-12-21 22:27:34.817087,view,JVC,3705228
249,656,2025-12-22 22:27:36.308994,contact_agent,JVC,3757945
249,584,2025-12-23 22:27:32.828631,view,Marina,4352256
250,738,2025-11-28 22:27:32.078176,view,JVC,639227
250,135,2025-11-29 22:27:31.999113,view,JVC,965982
250,670,2025-12-01 22:27:36.994837,view,JVC,1244748
250,632,2025-12-05 22:27:33.735638,view,Business Bay,792575
250,135,2025-12-07 22:27:34.395899,view,JVC,965982
250,368,2025-12-07 22:27:34.743408,view,Business Bay,626060
250,334,2025-12-08 22:27:32.107759,view,JVC,1328791
250,222,2025-12-10 22:27:33.580484,contact_agent,Business Bay,1249971
250,828,2025-12-10 22:27:33.612454,view,Business Bay,708859
250,186,2025-12-11 22:27:37.921927,view,Business Bay,588668
250,941,2025-12-12 22:27:36.668888,view,JVC,1047219
250,42,2025-12-13 22:27:32.765914,contact_agent,JVC,1032726
250,551,2025-12-13 22:27:33.956201,shortlist,JVC,1255612
250,301,2025-12-16 22:27:34.521303,view,JVC,1173218
250,222,2025-12-19 22:27:32.031021,view,Business Bay,1249971
250,802,2025-12-19 22:27:35.697261,contact_agent,JVC,1301955
250,904,2025-12-20 22:27:33.152270,view,JVC,1115937
250,701,2025-12-20 22:27:35.413489,view,Business Bay,1484156
250,914,2025-12-20 22:27:36.384326,view,Business Bay,1323759
250,927,2025-12-24 22:27:36.358109,view,Business Bay,1490029
251,586,2025-11-30 22:27:31.872672,view,Downtown Dubai,1001590
251,503,2025-11-30 22:27:34.864304,view,Marina,1062621
251,774,2025-12-05 22:27:37.104894,shortlist,Marina,923177
251,197,2025-12-06 22:27:33.845565,view,Business Bay,862455
251,294,2025-12-09 22:27:36.637455,view,Business Bay,1861303
251,808,2025-12-11 22:27:32.122325,view,Palm Jumeirah,647745
251,298,2025-12-11 22:27:33.477385,view,Downtown Dubai,1546161
251,768,2025-12-12 22:27:37.026214,view,JVC,1206673
251,978,2025-12-13 22:27:32.385457,contact_agent,Downtown Dubai,789134
251,392,2025-12-13 22:27:34.801395,view,JVC,739779
251,500,2025-12-14 22:27:32.046730,view,Business Bay,954418
251,677,2025-12-14 22:27:37.851374,view,Downtown Dubai,1098506
251,331,2025-12-15 22:27:33.344050,view,Palm Jumeirah,1115863
251,292,2025-12-15 22:27:33.548940,view,Palm Jumeirah,708944
251,445,2025-12-16 22:27:35.961151,view,Palm Jumeirah,1838530
251,42,2025-12-18 22:27:33.861224,shortlist,JVC,1032726
251,135,2025-12-18 22:27:36.056661,view,JVC,965982
251,412,2025-12-20 22:27:34.990265,view,Palm Jumeirah,1409245
251,155,2025-12-22 22:27:33.782751,view,Downtown Dubai,1729787
251,78,2025-12-25 22:27:32.257436,view,JVC,794746
252,879,2025-11-30 22:27:32.702049,view,Marina,796063
252,354,2025-12-08 22:27:32.094821,view,Business Bay,667647
252,631,2025-12-16 22:27:34.711013,view,Downtown Dubai,923332
252,906,2025-12-16 22:27:35.977057,view,Business Bay,519477
252,798,2025-12-18 22:27:34.505647,view,JVC,1924663
252,966,2025-12-19 22:27:36.151287,view,Downtown Dubai,1898949
252,934,2025-12-20 22:27:32.223928,contact_agent,Marina,1888509
252,886,2025-12-23 22:27:34.458603,view,JVC,1192924
252,456,2025-12-24 22:27:36.024976,view,Downtown Dubai,1949087
252,354,2025-12-25 22:27:36.119817,view,Business Bay,667647
252,899,2025-12-25 22:27:37.429354,view,Downtown Dubai,763625
252,899,2025-12-26 22:27:36.368381,view,Downtown Dubai,763625
253,677,2025-11-30 22:27:31.856924,contact_agent,Downtown Dubai,1098506
253,445,2025-12-05 22:27:36.653111,view,Palm Jumeirah,1838530
253,292,2025-12-09 22:27:34.489983,view,Palm Jumeirah,708944
253,66,2025-12-09 22:27:34.848462,view,Marina,690237
253,745,2025-12-11 22:27:37.788279,shortlist,Downtown Dubai,1985255
253,617,2025-12-13 22:27:33.517603,view,Business Bay,1207173
253,451,2025-12-13 22:27:36.947409,view,Business Bay,1188152
253,686,2025-12-14 22:27:36.182615,view,Marina,624932
253,615,2025-12-18 22:27:34.679502,view,JVC,1237954
253,781,2025-12-19 22:27:34.911693,view,Downtown Dubai,546002
253,62,2025-12-19 22:27:35.760271,view,Marina,808449
253,487,2025-12-25 22:27:32.670306,view,Marina,1251518
253,772,2025-12-25 22:27:32.907836,view,Business Bay,1535891
253,510,2025-12-26 22:27:35.476419,view,Marina,1656083
253,32,2025-12-26 22:27:36.653111,view,Downtown Dubai,773349
253,17,2025-12-27 22:27:32.892157,view,Marina,580257
254,960,2025-11-29 22:27:33.065626,view,Business Bay,1594409
254,597,2025-12-02 22:27:34.832773,view,Palm Jumeirah,1858311
254,240,2025-12-03 22:27:34.726781,view,Business Bay,692512
254,771,2025-12-03 22:27:36.857851,view,Downtown Dubai,1661068
254,587,2025-12-04 22:27:31.888534,contact_agent,Marina,1918412
254,298,2025-12-04 22:27:34.269269,shortlist,Downtown Dubai,1546161
254,990,2025-12-07 22:27:35.195138,view,Downtown Dubai,551707
254,846,2025-12-11 22:27:36.400390,view,Business Bay,1920858
254,287,2025-12-12 22:27:36.088299,contact_agent,Palm Jumeirah,1010370
254,412,2025-12-13 22:27:31.967677,view,Palm Jumeirah,1409245
254,265,2025-12-16 22:27:32.670306,view,Downtown Dubai,937625
254,771,2025-12-17 22:27:32.141399,view,Downtown Dubai,1661068
254,585,2025-12-19 22:27:32.574488,view,JVC,838540
254,896,2025-12-19 22:27:37.899051,view,Marina,1208175
254,923,2025-12-24 22:27:36.432216,contact_agent,Palm Jumeirah,781696
254,693,2025-12-26 22:27:33.134516,view,Palm Jumeirah,789220
254,14,2025-12-27 22:27:32.436457,view,JVC,1948763
255,28,2025-11-28 22:27:34.301091,contact_agent,Marina,1416383
255,421,2025-11-28 22:27:36.166955,view,JVC,914299
255,452,2025-11-29 22:27:37.614489,view,Downtown Dubai,902980
255,778,2025-11-30 22:27:35.571323,view,Palm Jumeirah,1706184
255,904,2025-12-01 22:27:33.265626,contact_agent,JVC,1115937
255,603,2025-12-03 22:27:34.927497,view,Downtown Dubai,1290645
255,916,2025-12-04 22:27:34.817087,view,JVC,631184
255,693,2025-12-08 22:27:33.564660,view,Palm Jumeirah,789220
255,99,2025-12-08 22:27:33.675182,view,Business Bay,943316
255,660,2025-12-08 22:27:37.026214,view,Marina,757354
255,765,2025-12-08 22:27:37.914560,view,Downtown Dubai,1594316
255,644,2025-12-09 22:27:32.221926,view,JVC,1176296
255,174,2025-12-10 22:27:37.448068,view,Palm Jumeirah,812023
255,617,2025-12-14 22:27:36.324648,view,Business Bay,1207173
255,985,2025-12-14 22:27:37.372983,view,Marina,1552425
255,896,2025-12-17 22:27:35.318583,view,Marina,1208175
255,350,2025-12-18 22:27:37.883158,contact_agent,Marina,1836092
255,776,2025-12-19 22:27:31.759195,view,Downtown Dubai,1267876
255,900,2025-12-19 22:27:34.442915,view,Palm Jumeirah,1342840
255,148,2025-12-20 22:27:37.646283,view,Downtown Dubai,1857453
255,990,2025-12-21 22:27:33.187991,view,Downtown Dubai,551707
255,394,2025-12-22 22:27:35.258429,view,Marina,1288140
255,875,2025-12-24 22:27:32.322447,view,Downtown Dubai,837369
255,727,2025-12-24 22:27:32.404952,view,JVC,1598657
255,509,2025-12-26 22:27:32.371706,view,Downtown Dubai,1695885
255,163,2025-12-26 22:27:32.923922,view,JVC,1623389
255,699,2025-12-26 22:27:34.082338,view,Business Bay,1906978
256,358,2025-11-29 22:27:33.136518,view,Palm Jumeirah,4696656
256,396,2025-12-06 22:27:32.781570,view,Downtown Dubai,4246037
256,685,2025-12-07 22:27:37.339480,view,Palm Jumeirah,4448401
256,52,2025-12-08 22:27:35.587005,view,Downtown Dubai,3940866
256,666,2025-12-08 22:27:35.760271,view,Business Bay,3050982
256,370,2025-12-10 22:27:32.243686,view,Business Bay,3296461
256,469,2025-12-18 22:27:32.540980,view,Downtown Dubai,4231404
256,366,2025-12-24 22:27:32.685978,view,Palm Jumeirah,3579042
256,176,2025-12-25 22:27:32.277192,view,JVC,3677902
256,117,2025-12-26 22:27:31.888534,view,Business Bay,3299250
256,266,2025-12-26 22:27:36.308994,shortlist,Palm Jumeirah,3801106
257,647,2025-11-28 22:27:33.134516,view,Downtown Dubai,3411190
257,142,2025-11-28 22:27:33.924257,view,Downtown Dubai,4070599
257,107,2025-12-04 22:27:32.176672,view,Marina,4461676
257,582,2025-12-04 22:27:36.779001,view,Palm Jumeirah,3173829
257,478,2025-12-09 22:27:33.987977,view,Business Bay,3181206
257,35,2025-12-10 22:27:34.505647,view,Marina,4233003
257,435,2025-12-15 22:27:33.643839,view,Downtown Dubai,3082814
257,528,2025-12-15 22:27:35.945263,view,Downtown Dubai,3845503
257,861,2025-12-15 22:27:37.309782,view,Business Bay,4523278
257,852,2025-12-16 22:27:32.923922,view,Downtown Dubai,4595077
257,601,2025-12-16 22:27:33.049967,view,Marina,4155180
257,247,2025-12-16 22:27:33.328368,view,Business Bay,4400379
257,214,2025-12-16 22:27:33.458683,view,Palm Jumeirah,3872455
257,291,2025-12-16 22:27:34.208482,view,Palm Jumeirah,3808505
257,885,2025-12-19 22:27:34.911693,view,Business Bay,3409984
257,720,2025-12-25 22:27:37.294126,view,Downtown Dubai,3545529
257,866,2025-12-26 22:27:32.180675,view,Business Bay,4168280
258,132,2025-11-28 22:27:32.907836,view,Business Bay,1441768
258,78,2025-11-28 22:27:34.161387,view,JVC,794746
258,474,2025-11-30 22:27:35.897847,view,JVC,659292
258,45,2025-12-02 22:27:33.956201,view,JVC,739968
258,919,2025-12-02 22:27:35.618659,view,Business Bay,745300
258,99,2025-12-04 22:27:32.647988,view,Business Bay,943316
258,70,2025-12-07 22:27:33.628134,view,Business Bay,1345474
258,957,2025-12-09 22:27:31.843421,view,Business Bay,1243088
258,701,2025-12-09 22:27:37.120546,view,Business Bay,1484156
258,186,2025-12-16 22:27:32.202171,view,Business Bay,588668
258,324,2025-12-18 22:27:36.088299,view,JVC,1288443
258,277,2025-12-19 22:27:35.318583,view,Business Bay,606022
258,906,2025-12-21 22:27:33.782751,view,Business Bay,519477
258,545,2025-12-23 22:27:33.971918,view,JVC,1460652
258,670,2025-12-24 22:27:34.616250,shortlist,JVC,1244748
258,982,2025-12-24 22:27:34.958835,shortlist,Business Bay,1237090
259,354,2025-11-28 22:27:33.049967,view,Business Bay,667647
259,957,2025-11-28 22:27:37.630182,view,Business Bay,1243088
259,474,2025-11-30 22:27:32.892157,view,JVC,659292
259,960,2025-11-30 22:27:36.947409,view,Business Bay,1594409
259,455,2025-12-02 22:27:36.245845,view,Business Bay,1668932
259,792,2025-12-05 22:27:37.136251,view,Marina,691387
259,998,2025-12-09 22:27:37.582497,contact_agent,Marina,1389493
259,808,2025-12-12 22:27:36.605705,view,Palm Jumeirah,647745
259,311,2025-12-14 22:27:33.956201,view,Palm Jumeirah,828821
259,709,2025-12-16 22:27:35.302649,view,Palm Jumeirah,1656618
259,138,2025-12-18 22:27:35.429279,view,Downtown Dubai,1664795
259,977,2025-12-20 22:27:36.324648,view,Palm Jumeirah,1781506
259,488,2025-12-20 22:27:36.589762,view,Downtown Dubai,1013313
259,468,2025-12-26 22:27:33.675182,view,Downtown Dubai,1797991
259,633,2025-12-27 22:27:35.882131,view,Palm Jumeirah,1959700
260,581,2025-11-29 22:27:36.947409,view,Downtown Dubai,791464
260,301,2025-11-30 22:27:33.564660,view,JVC,1173218
260,646,2025-11-30 22:27:35.005977,view,Marina,1028714
260,782,2025-12-01 22:27:34.474315,shortlist,Palm Jumeirah,1215339
260,319,2025-12-02 22:27:31.888534,view,Business Bay,1307744
260,983,2025-12-02 22:27:35.147694,view,Business Bay,1414565
260,775,2025-12-04 22:27:32.233678,view,Palm Jumeirah,1142762
260,157,2025-12-04 22:27:32.460217,view,Palm Jumeirah,1825569
260,411,2025-12-04 22:27:33.312669,view,Palm Jumeirah,921280
260,848,2025-12-07 22:27:33.659495,view,JVC,1945065
260,708,2025-12-10 22:27:37.372983,shortlist,Downtown Dubai,1247852
260,164,2025-12-11 22:27:34.537135,view,Marina,1075919
260,439,2025-12-15 22:27:34.785732,view,Palm Jumeirah,717770
260,771,2025-12-16 22:27:33.359702,view,Downtown Dubai,1661068
260,846,2025-12-19 22:27:35.274920,view,Business Bay,1920858
260,37,2025-12-20 22:27:37.740841,shortlist,Palm Jumeirah,1078688
261,916,2025-11-30 22:27:34.631909,contact_agent,JVC,631184
261,703,2025-12-02 22:27:32.970954,view,Marina,1363659
261,324,2025-12-02 22:27:33.720913,view,JVC,1288443
261,222,2025-12-06 22:27:37.486564,view,Business Bay,1249971
261,954,2025-12-07 22:27:32.685978,view,Downtown Dubai,1152755
261,711,2025-12-09 22:27:32.015066,view,Marina,1607810
261,991,2025-12-09 22:27:37.646283,view,Downtown Dubai,780833
261,774,2025-12-10 22:27:33.876909,view,Marina,923177
261,586,2025-12-11 22:27:35.132012,view,Downtown Dubai,1001590
261,660,2025-12-12 22:27:32.655167,view,Marina,757354
261,738,2025-12-12 22:27:32.970954,view,JVC,639227
261,274,2025-12-13 22:27:34.521303,view,Palm Jumeirah,1361069
261,617,2025-12-13 22:27:37.921927,view,Business Bay,1207173
261,321,2025-12-14 22:27:33.407634,view,Downtown Dubai,1199539
261,939,2025-12-14 22:27:34.458603,view,Downtown Dubai,983455
261,45,2025-12-15 22:27:35.897847,view,JVC,739968
261,25,2025-12-15 22:27:37.440051,view,Downtown Dubai,1275158
261,833,2025-12-18 22:27:34.019313,view,JVC,1599577
261,678,2025-12-20 22:27:36.842168,view,JVC,1056718
261,434,2025-12-22 22:27:35.195138,view,JVC,681948
261,686,2025-12-22 22:27:35.665778,view,Marina,624932
261,350,2025-12-23 22:27:33.533259,view,Marina,1836092
261,240,2025-12-24 22:27:33.643839,view,Business Bay,692512
261,508,2025-12-24 22:27:37.151904,view,JVC,1711569
261,727,2025-12-26 22:27:33.892633,view,JVC,1598657
261,351,2025-12-26 22:27:34.114079,view,Palm Jumeirah,1350350
261,742,2025-12-27 22:27:31.779760,view,Marina,1160327
262,586,2025-11-29 22:27:34.208482,view,Downtown Dubai,1001590
262,331,2025-11-29 22:27:35.808606,view,Palm Jumeirah,1115863
262,762,2025-11-29 22:27:37.026214,view,Palm Jumeirah,1175673
262,928,2025-11-29 22:27:37.262377,view,Marina,654692
262,298,2025-12-02 22:27:34.285406,view,Downtown Dubai,1546161
262,338,2025-12-02 22:27:35.634416,view,JVC,876794
262,321,2025-12-02 22:27:37.513593,view,Downtown Dubai,1199539
262,481,2025-12-03 22:27:34.537135,view,Palm Jumeirah,737199
262,741,2025-12-03 22:27:34.584161,view,JVC,781854
262,297,2025-12-04 22:27:35.929596,view,Marina,1697162
262,118,2025-12-07 22:27:35.449245,view,Business Bay,1521469
262,776,2025-12-07 22:27:35.961151,view,Downtown Dubai,1267876
262,830,2025-12-07 22:27:36.293332,view,Business Bay,545475
262,474,2025-12-09 22:27:36.916072,view,JVC,659292
262,587,2025-12-12 22:27:33.659495,view,Marina,1918412
262,830,2025-12-12 22:27:35.507778,view,Business Bay,545475
262,523,2025-12-18 22:27:32.655167,view,Downtown Dubai,769160
262,254,2025-12-18 22:27:35.866469,view,JVC,1701838
262,530,2025-12-19 22:27:35.476419,view,Business Bay,1234983
262,782,2025-12-25 22:27:37.262377,view,Palm Jumeirah,1215339
262,425,2025-12-25 22:27:37.582497,view,Marina,625438
262,213,2025-12-26 22:27:37.709313,view,Business Bay,1853324
262,618,2025-12-27 22:27:35.382062,view,Palm Jumeirah,1179447
263,164,2025-11-28 22:27:33.150269,view,Marina,1075919
263,343,2025-11-28 22:27:37.104894,view,JVC,1282877
263,468,2025-12-04 22:27:34.208482,view,Downtown Dubai,1797991
263,875,2025-12-05 22:27:35.665778,view,Downtown Dubai,837369
263,811,2025-12-06 22:27:37.548923,shortlist,Marina,637686
263,7,2025-12-09 22:27:34.332736,view,Business Bay,622775
263,833,2025-12-10 22:27:34.348710,view,JVC,1599577
263,287,2025-12-11 22:27:35.587005,view,Palm Jumeirah,1010370
263,213,2025-12-11 22:27:35.977057,view,Business Bay,1853324
263,895,2025-12-13 22:27:32.603992,view,Marina,797675
263,977,2025-12-23 22:27:36.947409,view,Palm Jumeirah,1781506
263,438,2025-12-24 22:27:37.661947,view,Palm Jumeirah,1453692
263,303,2025-12-27 22:27:33.548940,view,Downtown Dubai,1103291
264,399,2025-11-30 22:27:37.517103,view,Downtown Dubai,1090381
264,134,2025-12-01 22:27:33.845565,view,JVC,1576941
264,439,2025-12-02 22:27:32.797257,view,Palm Jumeirah,717770
264,619,2025-12-03 22:27:33.144264,view,Marina,1561404
264,985,2025-12-03 22:27:34.505647,view,Marina,1552425
264,798,2025-12-04 22:27:33.767085,view,JVC,1924663
264,525,2025-12-05 22:27:35.650122,view,Marina,941904
264,134,2025-12-05 22:27:35.850785,view,JVC,1576941
264,530,2025-12-07 22:27:31.872672,view,Business Bay,1234983
264,118,2025-12-07 22:27:34.616250,view,Business Bay,1521469
264,19,2025-12-08 22:27:35.539550,view,Palm Jumeirah,1324143
264,488,2025-12-09 22:27:32.717827,view,Downtown Dubai,1013313
264,645,2025-12-09 22:27:35.350476,view,Marina,879039
264,222,2025-12-10 22:27:34.380201,view,Business Bay,1249971
264,137,2025-12-12 22:27:36.324648,view,JVC,773146
264,501,2025-12-12 22:27:37.089117,view,Palm Jumeirah,1972542
264,148,2025-12-14 22:27:34.974549,contact_agent,Downtown Dubai,1857453
264,163,2025-12-14 22:27:37.183700,view,JVC,1623389
264,229,2025-12-15 22:27:35.299557,view,Palm Jumeirah,985757
264,917,2025-12-17 22:27:35.681524,view,JVC,1635627
264,328,2025-12-18 22:27:35.882131,view,Marina,1727146
264,608,2025-12-20 22:27:32.892157,view,JVC,1605710
264,70,2025-12-22 22:27:33.477385,view,Business Bay,1345474
264,991,2025-12-23 22:27:33.391650,view,Downtown Dubai,780833
264,274,2025-12-26 22:27:35.791868,view,Palm Jumeirah,1361069
265,59,2025-11-28 22:27:34.097995,view,Business Bay,1706123
265,516,2025-11-29 22:27:33.598604,view,Business Bay,1779180
265,921,2025-11-29 22:27:33.940169,view,Downtown Dubai,592036
265,468,2025-11-29 22:27:37.772602,shortlist,Downtown Dubai,1797991
265,607,2025-11-29 22:27:37.851374,view,Downtown Dubai,562507
265,998,2025-11-30 22:27:34.177072,view,Marina,1389493
265,618,2025-11-30 22:27:36.775167,view,Palm Jumeirah,1179447
265,350,2025-12-01 22:27:33.407634,view,Marina,1836092
265,986,2025-12-07 22:27:32.781570,view,Marina,1277567
265,592,2025-12-07 22:27:34.145735,view,Business Bay,1858097
265,565,2025-12-07 22:27:35.449245,view,Business Bay,1904355
265,741,2025-12-09 22:27:36.510741,view,JVC,781854
265,227,2025-12-09 22:27:36.963350,view,Downtown Dubai,1842057
265,583,2025-12-11 22:27:35.913508,view,Palm Jumeirah,618581
265,618,2025-12-12 22:27:33.281284,view,Palm Jumeirah,1179447
265,667,2025-12-14 22:27:32.615741,shortlist,JVC,1264265
265,973,2025-12-14 22:27:35.005977,view,Downtown Dubai,1660117
265,42,2025-12-15 22:27:36.277680,view,JVC,1032726
265,957,2025-12-20 22:27:32.685978,view,Business Bay,1243088
265,839,2025-12-20 22:27:33.249970,view,Palm Jumeirah,727189
265,833,2025-12-20 22:27:34.129738,view,JVC,1599577
265,619,2025-12-21 22:27:33.798437,view,Marina,1561404
265,177,2025-12-21 22:27:34.584161,view,Business Bay,1255111
265,775,2025-12-21 22:27:35.618659,view,Palm Jumeirah,1142762
265,437,2025-12-22 22:27:37.788279,view,JVC,1706751
266,529,2025-11-28 22:27:37.482691,view,Palm Jumeirah,1314422
266,917,2025-12-01 22:27:34.711013,view,JVC,1635627
266,648,2025-12-03 22:27:32.365701,view,Marina,1052439
266,406,2025-12-04 22:27:32.781570,view,Marina,1643647
266,899,2025-12-04 22:27:33.265626,view,Downtown Dubai,763625
266,330,2025-12-04 22:27:33.798437,view,JVC,1833572
266,399,2025-12-04 22:27:34.411577,view,Downtown Dubai,1090381
266,16,2025-12-06 22:27:35.226970,view,Marina,1756715
266,611,2025-12-07 22:27:37.294126,view,Downtown Dubai,1306564
266,381,2025-12-09 22:27:33.423343,view,Palm Jumeirah,1692931
266,62,2025-12-09 22:27:37.441051,view,Marina,808449
266,648,2025-12-10 22:27:32.389199,view,Marina,1052439
266,99,2025-12-10 22:27:35.037839,shortlist,Business Bay,943316
266,408,2025-12-11 22:27:31.843421,view,Marina,1916953
266,416,2025-12-12 22:27:36.605705,view,Downtown Dubai,1092632
266,172,2025-12-13 22:27:31.935927,view,Marina,960796
266,331,2025-12-13 22:27:35.697261,view,Palm Jumeirah,1115863
266,997,2025-12-16 22:27:36.994837,view,Marina,1334874
266,646,2025-12-17 22:27:32.359696,view,Marina,1028714
266,45,2025-12-17 22:27:34.066676,view,JVC,739968
266,585,2025-12-17 22:27:36.994837,view,JVC,838540
266,6,2025-12-23 22:27:33.971918,view,JVC,1728807
266,668,2025-12-24 22:27:35.069159,view,Marina,808617
266,399,2025-12-26 22:27:35.697261,view,Downtown Dubai,1090381
267,459,2025-12-01 22:27:37.167880,view,Marina,1437635
267,527,2025-12-02 22:27:32.702049,view,Downtown Dubai,1337393
267,510,2025-12-02 22:27:33.328368,contact_agent,Marina,1656083
267,62,2025-12-04 22:27:35.334447,view,Marina,808449
267,173,2025-12-05 22:27:36.637455,contact_agent,Palm Jumeirah,1504001
267,468,2025-12-06 22:27:35.069159,view,Downtown Dubai,1797991
267,153,2025-12-06 22:27:37.427259,contact_agent,Marina,663834
267,775,2025-12-08 22:27:34.019313,view,Palm Jumeirah,1142762
267,611,2025-12-12 22:27:36.963350,view,Downtown Dubai,1306564
267,634,2025-12-13 22:27:32.797257,contact_agent,JVC,529336
267,394,2025-12-14 22:27:36.574102,view,Marina,1288140
267,906,2025-12-15 22:27:33.711462,view,Business Bay,519477
267,406,2025-12-16 22:27:34.552797,view,Marina,1643647
267,134,2025-12-16 22:27:34.817087,view,JVC,1576941
267,999,2025-12-17 22:27:32.655167,view,Marina,1278799
267,703,2025-12-18 22:27:33.548940,view,Marina,1363659
267,781,2025-12-19 22:27:32.292944,view,Downtown Dubai,546002
267,9,2025-12-20 22:27:32.416962,view,JVC,914600
267,923,2025-12-20 22:27:36.751635,view,Palm Jumeirah,781696
267,808,2025-12-22 22:27:31.935927,view,Palm Jumeirah,647745
267,632,2025-12-23 22:27:35.507778,shortlist,Business Bay,792575
267,476,2025-12-24 22:27:34.380201,view,Palm Jumeirah,963937
267,735,2025-12-25 22:27:36.715861,view,Business Bay,1112181
267,670,2025-12-27 22:27:34.225051,view,JVC,1244748
268,986,2025-11-28 22:27:34.145735,view,Marina,1277567
268,516,2025-12-01 22:27:33.391650,contact_agent,Business Bay,1779180
268,267,2025-12-01 22:27:33.924257,view,Palm Jumeirah,1872070
268,134,2025-12-01 22:27:35.507778,view,JVC,1576941
268,455,2025-12-01 22:27:35.882131,view,Business Bay,1668932
268,59,2025-12-03 22:27:37.725098,view,Business Bay,1706123
268,597,2025-12-04 22:27:33.987977,view,Palm Jumeirah,1858311
268,132,2025-12-05 22:27:34.864304,view,Business Bay,1441768
268,91,2025-12-07 22:27:32.436457,view,Downtown Dubai,1804766
268,643,2025-12-15 22:27:35.291343,view,Downtown Dubai,1998339
268,833,2025-12-17 22:27:34.726781,view,JVC,1599577
268,148,2025-12-18 22:27:34.647560,view,Downtown Dubai,1857453
268,503,2025-12-23 22:27:32.580232,view,Marina,1062621
268,618,2025-12-25 22:27:34.801395,view,Palm Jumeirah,1179447
268,229,2025-12-25 22:27:37.411352,view,Palm Jumeirah,985757
268,640,2025-12-26 22:27:33.265626,view,Business Bay,1947947
269,229,2025-11-28 22:27:33.593095,view,Palm Jumeirah,985757
269,973,2025-11-29 22:27:36.009292,view,Downtown Dubai,1660117
269,132,2025-11-30 22:27:32.223928,view,Business Bay,1441768
269,880,2025-12-01 22:27:36.198305,view,JVC,1883875
269,611,2025-12-02 22:27:33.466164,view,Downtown Dubai,1306564
269,16,2025-12-03 22:27:37.151904,contact_agent,Marina,1756715
269,529,2025-12-05 22:27:32.615741,view,Palm Jumeirah,1314422
269,459,2025-12-05 22:27:35.728604,view,Marina,1437635
269,605,2025-12-07 22:27:33.628134,view,Downtown Dubai,1517481
269,174,2025-12-09 22:27:36.308994,view,Palm Jumeirah,812023
269,431,2025-12-12 22:27:36.979040,view,Downtown Dubai,1308258
269,922,2025-12-13 22:27:33.081318,view,JVC,1353392
269,434,2025-12-14 22:27:32.257436,shortlist,JVC,681948
269,870,2025-12-14 22:27:37.278440,view,Palm Jumeirah,542291
269,195,2025-12-17 22:27:33.359702,view,Marina,770914
269,607,2025-12-20 22:27:34.663539,view,Downtown Dubai,562507
269,171,2025-12-26 22:27:36.416141,view,Marina,901067
270,605,2025-11-30 22:27:32.116038,contact_agent,Downtown Dubai,1517481
270,301,2025-12-03 22:27:35.571323,contact_agent,JVC,1173218
270,91,2025-12-08 22:27:33.296938,view,Downtown Dubai,1804766
270,853,2025-12-11 22:27:33.861224,view,Marina,1284192
270,429,2025-12-14 22:27:33.533259,view,Business Bay,1135719
270,309,2025-12-14 22:27:36.495041,view,Palm Jumeirah,837913
270,875,2025-12-15 22:27:32.797257,view,Downtown Dubai,837369
270,64,2025-12-17 22:27:32.436457,view,Marina,1033634
270,846,2025-12-20 22:27:35.147694,view,Business Bay,1920858
270,294,2025-12-22 22:27:34.082338,view,Business Bay,1861303
270,455,2025-12-23 22:27:34.301091,view,Business Bay,1668932
270,677,2025-12-25 22:27:34.600305,view,Downtown Dubai,1098506
270,456,2025-12-25 22:27:37.614489,view,Downtown Dubai,1949087
271,862,2025-11-30 22:27:32.859951,view,Business Bay,1037977
271,9,2025-11-30 22:27:34.695292,view,JVC,914600
271,421,2025-12-01 22:27:33.591093,view,JVC,914299
271,627,2025-12-01 22:27:35.929596,contact_agent,JVC,1415113
271,123,2025-12-02 22:27:34.726781,view,JVC,963001
271,123,2025-12-03 22:27:32.109824,view,JVC,963001
271,828,2025-12-04 22:27:35.993182,view,Business Bay,708859
271,123,2025-12-05 22:27:34.364408,view,JVC,963001
271,615,2025-12-06 22:27:36.416141,view,JVC,1237954
271,735,2025-12-06 22:27:37.582497,view,Business Bay,1112181
271,99,2025-12-08 22:27:31.845489,view,Business Bay,943316
271,500,2025-12-09 22:27:36.166955,view,Business Bay,954418
271,343,2025-12-10 22:27:36.574102,view,JVC,1282877
271,617,2025-12-12 22:27:31.888534,view,Business Bay,1207173
271,922,2025-12-13 22:27:35.744617,view,JVC,1353392
271,386,2025-12-16 22:27:35.603000,view,Business Bay,1102276
271,768,2025-12-17 22:27:32.062391,view,JVC,1206673
271,919,2025-12-17 22:27:34.631909,view,Business Bay,745300
271,222,2025-12-18 22:27:32.192424,view,Business Bay,1249971
271,632,2025-12-20 22:27:33.517603,shortlist,Business Bay,792575
271,45,2025-12-22 22:27:34.114079,view,JVC,739968
271,785,2025-12-22 22:27:34.990265,view,Business Bay,1128889
271,983,2025-12-22 22:27:35.587005,shortlist,Business Bay,1414565
271,500,2025-12-22 22:27:36.135475,view,Business Bay,954418
271,862,2025-12-23 22:27:35.132012,view,Business Bay,1037977
271,919,2025-12-24 22:27:32.511477,view,Business Bay,745300
271,916,2025-12-25 22:27:32.828631,view,JVC,631184
271,712,2025-12-25 22:27:33.643839,view,Business Bay,1312283
271,42,2025-12-25 22:27:35.791868,view,JVC,1032726
271,828,2025-12-25 22:27:36.308994,shortlist,Business Bay,708859
271,222,2025-12-26 22:27:35.382062,view,Business Bay,1249971
271,277,2025-12-26 22:27:36.324648,view,Business Bay,606022
271,421,2025-12-27 22:27:32.105685,view,JVC,914299
272,99,2025-11-30 22:27:31.765176,view,Business Bay,943316
272,3,2025-12-05 22:27:32.702049,view,Downtown Dubai,1450162
272,115,2025-12-05 22:27:36.558079,view,Downtown Dubai,1221037
272,678,2025-12-06 22:27:34.647560,view,JVC,1056718
272,19,2025-12-07 22:27:33.971918,view,Palm Jumeirah,1324143
272,36,2025-12-07 22:27:34.911693,view,Downtown Dubai,1916207
272,651,2025-12-09 22:27:35.460757,view,JVC,1278883
272,17,2025-12-10 22:27:34.129738,shortlist,Marina,580257
272,130,2025-12-11 22:27:34.895998,view,JVC,739017
272,174,2025-12-12 22:27:32.467962,view,Palm Jumeirah,812023
272,421,2025-12-16 22:27:33.971918,view,JVC,914299
272,670,2025-12-19 22:27:33.002524,view,JVC,1244748
272,459,2025-12-19 22:27:37.534493,view,Marina,1437635
272,70,2025-12-22 22:27:33.612454,view,Business Bay,1345474
272,510,2025-12-23 22:27:37.819617,view,Marina,1656083
272,977,2025-12-26 22:27:37.120546,view,Palm Jumeirah,1781506
272,135,2025-12-26 22:27:37.756564,view,JVC,965982
272,14,2025-12-27 22:27:37.550917,view,JVC,1948763
273,139,2025-12-01 22:27:35.897847,view,Business Bay,1889330
273,941,2025-12-03 22:27:36.214007,view,JVC,1047219
273,895,2025-12-04 22:27:36.198305,contact_agent,Marina,797675
273,216,2025-12-07 22:27:36.479360,view,Palm Jumeirah,1369807
273,985,2025-12-09 22:27:34.552797,view,Marina,1552425
273,561,2025-12-11 22:27:33.477385,view,JVC,1167540
273,318,2025-12-11 22:27:35.492085,view,Palm Jumeirah,568803
273,921,2025-12-14 22:27:37.525679,view,Downtown Dubai,592036
273,62,2025-12-15 22:27:34.911693,view,Marina,808449
273,3,2025-12-16 22:27:32.312439,contact_agent,Downtown Dubai,1450162
273,138,2025-12-17 22:27:36.135475,view,Downtown Dubai,1664795
273,69,2025-12-18 22:27:36.214007,view,Marina,1906368
273,631,2025-12-18 22:27:37.693311,view,Downtown Dubai,923332
273,115,2025-12-20 22:27:35.697261,view,Downtown Dubai,1221037
273,928,2025-12-21 22:27:31.872672,view,Marina,654692
273,328,2025-12-21 22:27:36.198305,view,Marina,1727146
273,934,2025-12-27 22:27:34.631909,view,Marina,1888509
274,38,2025-11-30 22:27:37.883158,view,Downtown Dubai,4726156
274,522,2025-12-03 22:27:32.626522,view,Palm Jumeirah,4874142
274,450,2025-12-06 22:27:34.864304,view,Marina,3263398
274,623,2025-12-08 22:27:31.872672,view,Business Bay,3035232
274,430,2025-12-08 22:27:37.120546,view,Downtown Dubai,3301445
274,464,2025-12-13 22:27:37.073407,view,Downtown Dubai,3346230
274,975,2025-12-17 22:27:32.641820,view,Downtown Dubai,4756146
274,996,2025-12-17 22:27:37.089117,shortlist,Business Bay,4494420
274,396,2025-12-18 22:27:31.983449,view,Downtown Dubai,4246037
274,623,2025-12-22 22:27:33.312669,view,Business Bay,3035232
274,352,2025-12-22 22:27:35.366371,view,Palm Jumeirah,3979027
274,656,2025-12-22 22:27:36.775167,shortlist,JVC,3757945
274,93,2025-12-23 22:27:32.844287,view,Business Bay,3898147
274,450,2025-12-23 22:27:37.388784,view,Marina,3263398
274,935,2025-12-25 22:27:34.880092,view,Business Bay,4254542
274,82,2025-12-25 22:27:35.084845,view,Business Bay,4302177
274,821,2025-12-26 22:27:36.668888,view,Downtown Dubai,4905813
275,118,2025-11-29 22:27:34.114079,view,Business Bay,1521469
275,586,2025-11-30 22:27:31.844454,view,Downtown Dubai,1001590
275,551,2025-12-04 22:27:36.761646,view,JVC,1255612
275,59,2025-12-13 22:27:34.208482,view,Business Bay,1706123
275,834,2025-12-13 22:27:37.199358,view,Marina,1344081
275,334,2025-12-14 22:27:37.026214,view,JVC,1328791
275,728,2025-12-15 22:27:33.940169,view,Palm Jumeirah,1426215
275,998,2025-12-16 22:27:34.832773,view,Marina,1389493
275,742,2025-12-16 22:27:36.308994,view,Marina,1160327
275,598,2025-12-20 22:27:33.691849,view,Marina,1789467
275,69,2025-12-26 22:27:34.035360,view,Marina,1906368
276,7,2025-11-30 22:27:32.499467,view,Business Bay,622775
276,750,2025-12-01 22:27:33.751414,view,Palm Jumeirah,1894316
276,594,2025-12-01 22:27:36.767157,view,Downtown Dubai,1794315
276,919,2025-12-07 22:27:33.956201,view,Business Bay,745300
276,406,2025-12-09 22:27:37.026214,view,Marina,1643647
276,749,2025-12-11 22:27:32.109824,view,Marina,979083
276,298,2025-12-14 22:27:33.720913,shortlist,Downtown Dubai,1546161
276,745,2025-12-16 22:27:36.151287,view,Downtown Dubai,1985255
276,425,2025-12-17 22:27:34.743408,view,Marina,625438
276,795,2025-12-19 22:27:34.442915,view,JVC,1874073
276,655,2025-12-20 22:27:35.132012,view,Palm Jumeirah,1262371
276,368,2025-12-22 22:27:34.817087,view,Business Bay,626060
276,811,2025-12-25 22:27:33.829898,view,Marina,637686
276,526,2025-12-26 22:27:33.018245,view,JVC,1078526
276,221,2025-12-27 22:27:36.024976,view,Business Bay,1869277
277,22,2025-11-29 22:27:37.661947,view,Downtown Dubai,871616
277,282,2025-11-30 22:27:35.350476,view,JVC,661445
277,879,2025-12-02 22:27:34.958835,view,Marina,796063
277,138,2025-12-04 22:27:34.726781,view,Downtown Dubai,1664795
277,138,2025-12-05 22:27:32.812910,view,Downtown Dubai,1664795
277,959,2025-12-05 22:27:36.040977,view,Downtown Dubai,559778
277,186,2025-12-12 22:27:33.798437,view,Business Bay,588668
277,999,2025-12-13 22:27:34.695292,contact_agent,Marina,1278799
277,419,2025-12-13 22:27:35.429279,view,Downtown Dubai,1662189
277,158,2025-12-14 22:27:33.675182,view,JVC,1916828
277,66,2025-12-15 22:27:36.558079,view,Marina,690237
277,330,2025-12-17 22:27:34.911693,view,JVC,1833572
277,711,2025-12-20 22:27:35.492085,view,Marina,1607810
277,941,2025-12-23 22:27:33.391650,view,JVC,1047219
277,853,2025-12-26 22:27:36.916072,view,Marina,1284192
278,991,2025-11-28 22:27:35.882131,view,Downtown Dubai,780833
278,782,2025-11-29 22:27:33.439002,view,Palm Jumeirah,1215339
278,311,2025-11-30 22:27:35.897847,view,Palm Jumeirah,828821
278,848,2025-12-04 22:27:36.214007,view,JVC,1945065
278,660,2025-12-05 22:27:31.872672,view,Marina,757354
278,768,2025-12-05 22:27:33.612454,view,JVC,1206673
278,229,2025-12-05 22:27:34.066676,view,Palm Jumeirah,985757
278,561,2025-12-09 22:27:32.462218,view,JVC,1167540
278,788,2025-12-09 22:27:34.114079,view,Downtown Dubai,1425779
278,414,2025-12-10 22:27:33.767085,view,Palm Jumeirah,1730746
278,904,2025-12-10 22:27:34.285406,view,JVC,1115937
278,177,2025-12-13 22:27:33.281284,view,Business Bay,1255111
278,321,2025-12-13 22:27:35.318583,view,Downtown Dubai,1199539
278,703,2025-12-14 22:27:34.489983,view,Marina,1363659
278,445,2025-12-14 22:27:36.277680,shortlist,Palm Jumeirah,1838530
278,221,2025-12-15 22:27:34.145735,view,Business Bay,1869277
278,309,2025-12-18 22:27:35.069159,view,Palm Jumeirah,837913
278,738,2025-12-18 22:27:36.947409,shortlist,JVC,639227
278,421,2025-12-20 22:27:33.940169,view,JVC,914299
278,646,2025-12-21 22:27:34.785732,view,Marina,1028714
278,311,2025-12-24 22:27:32.733847,view,Palm Jumeirah,828821
278,556,2025-12-26 22:27:36.621360,view,Business Bay,785622
279,368,2025-11-29 22:27:33.281284,view,Business Bay,626060
279,768,2025-11-29 22:27:35.776109,contact_agent,JVC,1206673
279,240,2025-12-01 22:27:31.999113,view,Business Bay,692512
279,922,2025-12-03 22:27:34.082338,contact_agent,JVC,1353392
279,627,2025-12-03 22:27:35.507778,view,JVC,1415113
279,137,2025-12-04 22:27:34.537135,view,JVC,773146
279,130,2025-12-05 22:27:33.265626,view,JVC,739017
279,413,2025-12-06 22:27:34.801395,view,Business Bay,841207
279,735,2025-12-06 22:27:37.309782,view,Business Bay,1112181
279,429,2025-12-07 22:27:37.294126,view,Business Bay,1135719
279,323,2025-12-08 22:27:37.835300,view,JVC,517297
279,240,2025-12-10 22:27:36.574102,view,Business Bay,692512
279,526,2025-12-11 22:27:33.344050,view,JVC,1078526
279,434,2025-12-13 22:27:37.057747,view,JVC,681948
279,551,2025-12-15 22:27:35.226970,view,JVC,1255612
279,919,2025-12-18 22:27:34.911693,view,Business Bay,745300
279,338,2025-12-19 22:27:33.876909,view,JVC,876794
279,354,2025-12-19 22:27:35.744617,view,Business Bay,667647
279,286,2025-12-20 22:27:31.789184,view,Business Bay,1184029
279,615,2025-12-22 22:27:31.999113,view,JVC,1237954
279,738,2025-12-24 22:27:34.911693,view,JVC,639227
279,99,2025-12-25 22:27:37.215116,view,Business Bay,943316
280,107,2025-11-28 22:27:37.042084,view,Marina,4461676
280,333,2025-11-29 22:27:35.163349,view,Downtown Dubai,3825315
280,218,2025-11-30 22:27:36.542092,view,JVC,4570028
280,656,2025-12-01 22:27:35.274920,shortlist,JVC,3757945
280,366,2025-12-03 22:27:34.726781,view,Palm Jumeirah,3579042
280,49,2025-12-03 22:27:37.329450,view,Marina,3801017
280,860,2025-12-07 22:27:36.245845,view,Marina,3866085
280,407,2025-12-09 22:27:33.126771,view,Palm Jumeirah,4111646
280,344,2025-12-10 22:27:32.381454,view,Marina,4385180
280,642,2025-12-12 22:27:34.458603,contact_agent,Marina,4356756
280,124,2025-12-15 22:27:35.069159,view,Marina,3680246
280,964,2025-12-15 22:27:36.214007,view,Palm Jumeirah,3842103
280,246,2025-12-15 22:27:36.668888,view,Palm Jumeirah,3845647
280,31,2025-12-15 22:27:37.567539,view,Palm Jumeirah,4237859
280,43,2025-12-16 22:27:34.458603,view,JVC,4452255
280,100,2025-12-21 22:27:33.892633,view,Marina,4017741
280,211,2025-12-22 22:27:34.769822,view,JVC,4330121
280,49,2025-12-24 22:27:34.600305,view,Marina,3801017
280,576,2025-12-25 22:27:33.876909,view,JVC,4486280
280,569,2025-12-25 22:27:37.772602,view,Palm Jumeirah,3401092
281,904,2025-12-01 22:27:34.019313,view,JVC,1115937
281,993,2025-12-01 22:27:36.931724,view,JVC,1588963
281,839,2025-12-02 22:27:34.269269,view,Palm Jumeirah,727189
281,890,2025-12-04 22:27:35.366371,contact_agent,Downtown Dubai,1523920
281,970,2025-12-04 22:27:36.931724,view,Palm Jumeirah,1579525
281,461,2025-12-05 22:27:35.179400,view,Palm Jumeirah,1886689
281,801,2025-12-08 22:27:32.314440,view,Business Bay,1186268
281,138,2025-12-09 22:27:32.955285,contact_agent,Downtown Dubai,1664795
281,25,2025-12-10 22:27:33.940169,view,Downtown Dubai,1275158
281,362,2025-12-10 22:27:35.826425,view,Marina,1286261
281,434,2025-12-11 22:27:34.927497,view,JVC,681948
281,62,2025-12-11 22:27:35.226970,view,Marina,808449
281,86,2025-12-11 22:27:36.341364,view,Marina,1653224
281,501,2025-12-14 22:27:33.691849,view,Palm Jumeirah,1972542
281,862,2025-12-14 22:27:34.097995,view,Business Bay,1037977
281,495,2025-12-15 22:27:31.792106,view,Business Bay,1154224
281,674,2025-12-15 22:27:36.731523,view,Downtown Dubai,1234275
281,487,2025-12-16 22:27:31.999113,view,Marina,1251518
281,802,2025-12-16 22:27:32.186419,view,JVC,1301955
281,418,2025-12-17 22:27:32.626180,view,JVC,1972178
281,128,2025-12-17 22:27:34.285406,view,Palm Jumeirah,1015693
281,977,2025-12-19 22:27:36.463705,view,Palm Jumeirah,1781506
281,950,2025-12-20 22:27:33.814098,view,Marina,595556
281,115,2025-12-20 22:27:37.199358,view,Downtown Dubai,1221037
281,927,2025-12-22 22:27:36.324648,view,Business Bay,1490029
281,785,2025-12-23 22:27:32.717827,view,Business Bay,1128889
281,91,2025-12-23 22:27:34.285406,view,Downtown Dubai,1804766
281,172,2025-12-24 22:27:32.221926,view,Marina,960796
281,113,2025-12-24 22:27:34.003657,view,Palm Jumeirah,1309178
281,727,2025-12-24 22:27:35.760271,view,JVC,1598657
281,914,2025-12-25 22:27:36.542092,view,Business Bay,1323759
281,788,2025-12-27 22:27:35.993182,view,Downtown Dubai,1425779
282,350,2025-11-29 22:27:37.788279,view,Marina,1836092
282,993,2025-11-30 22:27:36.056661,view,JVC,1588963
282,455,2025-12-02 22:27:35.147694,view,Business Bay,1668932
282,675,2025-12-03 22:27:34.616250,view,Business Bay,1797819
282,712,2025-12-06 22:27:33.081318,view,Business Bay,1312283
282,46,2025-12-08 22:27:31.999113,view,JVC,788963
282,14,2025-12-08 22:27:32.685978,view,JVC,1948763
282,267,2025-12-09 22:27:37.341247,contact_agent,Palm Jumeirah,1872070
282,62,2025-12-10 22:27:31.919915,view,Marina,808449
282,392,2025-12-10 22:27:36.526439,view,JVC,739779
282,633,2025-12-11 22:27:37.026214,view,Palm Jumeirah,1959700
282,418,2025-12-12 22:27:31.792106,view,JVC,1972178
282,896,2025-12-12 22:27:36.056661,view,Marina,1208175
282,309,2025-12-13 22:27:34.161387,view,Palm Jumeirah,837913
282,771,2025-12-13 22:27:37.120546,view,Downtown Dubai,1661068
282,298,2025-12-14 22:27:33.861224,view,Downtown Dubai,1546161
282,473,2025-12-14 22:27:35.350476,view,Downtown Dubai,1485132
282,438,2025-12-18 22:27:32.151408,view,Palm Jumeirah,1453692
282,115,2025-12-23 22:27:34.051015,view,Downtown Dubai,1221037
282,741,2025-12-23 22:27:35.163349,view,JVC,781854
282,171,2025-12-23 22:27:35.539550,view,Marina,901067
282,615,2025-12-27 22:27:32.078176,view,JVC,1237954
283,307,2025-11-28 22:27:36.072321,view,Marina,1219407
283,774,2025-11-28 22:27:37.183700,view,Marina,923177
283,957,2025-11-30 22:27:35.037839,view,Business Bay,1243088
283,986,2025-11-30 22:27:37.835300,view,Marina,1277567
283,592,2025-12-01 22:27:33.439002,shortlist,Business Bay,1858097
283,98,2025-12-03 22:27:33.065626,view,JVC,1127220
283,488,2025-12-04 22:27:33.798437,view,Downtown Dubai,1013313
283,137,2025-12-07 22:27:32.231676,contact_agent,JVC,773146
283,561,2025-12-09 22:27:34.600305,view,JVC,1167540
283,583,2025-12-09 22:27:35.476419,view,Palm Jumeirah,618581
283,418,2025-12-13 22:27:33.312669,view,JVC,1972178
283,675,2025-12-13 22:27:34.679502,shortlist,Business Bay,1797819
283,455,2025-12-13 22:27:37.921927,view,Business Bay,1668932
283,848,2025-12-14 22:27:34.458603,view,JVC,1945065
283,155,2025-12-16 22:27:33.202628,view,Downtown Dubai,1729787
283,928,2025-12-17 22:27:33.485903,view,Marina,654692
283,771,2025-12-18 22:27:37.525679,view,Downtown Dubai,1661068
283,199,2025-12-19 22:27:35.293396,view,Marina,1534586
283,811,2025-12-26 22:27:36.088299,view,Marina,637686
283,523,2025-12-27 22:27:32.263180,view,Downtown Dubai,769160
284,421,2025-12-02 22:27:35.571323,view,JVC,914299
284,982,2025-12-02 22:27:36.901425,view,Business Bay,1237090
284,132,2025-12-03 22:27:34.552797,view,Business Bay,1441768
284,801,2025-12-05 22:27:37.646283,view,Business Bay,1186268
284,773,2025-12-06 22:27:32.296686,view,JVC,1253494
284,957,2025-12-06 22:27:34.832773,view,Business Bay,1243088
284,854,2025-12-06 22:27:35.397725,view,Business Bay,1420114
284,644,2025-12-07 22:27:37.598447,view,JVC,1176296
284,186,2025-12-09 22:27:35.913508,shortlist,Business Bay,588668
284,634,2025-12-10 22:27:32.145402,view,JVC,529336
284,434,2025-12-10 22:27:33.178658,view,JVC,681948
284,712,2025-12-12 22:27:35.350476,view,Business Bay,1312283
284,967,2025-12-15 22:27:35.791868,view,JVC,1022154
284,967,2025-12-17 22:27:35.507778,view,JVC,1022154
284,338,2025-12-18 22:27:34.145735,view,JVC,876794
284,78,2025-12-21 22:27:31.904226,view,JVC,794746
284,585,2025-12-21 22:27:33.485903,view,JVC,838540
284,277,2025-12-22 22:27:32.670306,view,Business Bay,606022
284,530,2025-12-22 22:27:34.301091,view,Business Bay,1234983
284,320,2025-12-25 22:27:34.051015,shortlist,JVC,1248736
284,222,2025-12-26 22:27:32.340201,view,Business Bay,1249971
285,967,2025-11-28 22:27:34.474315,view,JVC,1022154
285,155,2025-11-29 22:27:34.695292,view,Downtown Dubai,1729787
285,22,2025-11-29 22:27:35.350476,view,Downtown Dubai,871616
285,660,2025-12-01 22:27:34.505647,view,Marina,757354
285,14,2025-12-03 22:27:32.094821,view,JVC,1948763
285,19,2025-12-03 22:27:32.859951,view,Palm Jumeirah,1324143
285,128,2025-12-06 22:27:34.129738,contact_agent,Palm Jumeirah,1015693
285,841,2025-12-06 22:27:35.005977,view,Marina,1968919
285,25,2025-12-07 22:27:32.986864,view,Downtown Dubai,1275158
285,529,2025-12-08 22:27:33.517603,view,Palm Jumeirah,1314422
285,703,2025-12-12 22:27:34.895998,view,Marina,1363659
285,468,2025-12-14 22:27:32.416962,view,Downtown Dubai,1797991
285,128,2025-12-15 22:27:32.247428,view,Palm Jumeirah,1015693
285,277,2025-12-15 22:27:36.979040,view,Business Bay,606022
285,510,2025-12-19 22:27:32.655167,view,Marina,1656083
285,991,2025-12-21 22:27:37.057747,view,Downtown Dubai,780833
285,323,2025-12-22 22:27:36.245845,view,JVC,517297
285,163,2025-12-26 22:27:37.215116,view,JVC,1623389
285,677,2025-12-26 22:27:37.693311,view,Downtown Dubai,1098506
285,839,2025-12-27 22:27:37.309782,view,Palm Jumeirah,727189
286,150,2025-11-28 22:27:32.580232,view,Palm Jumeirah,595028
286,632,2025-11-29 22:27:37.803964,view,Business Bay,792575
286,925,2025-11-30 22:27:32.554732,view,Downtown Dubai,1690456
286,240,2025-12-01 22:27:37.215116,view,Business Bay,692512
286,429,2025-12-03 22:27:33.971918,view,Business Bay,1135719
286,631,2025-12-04 22:27:33.175550,view,Downtown Dubai,923332
286,171,2025-12-05 22:27:32.733847,view,Marina,901067
286,451,2025-12-05 22:27:37.372983,view,Business Bay,1188152
286,150,2025-12-09 22:27:32.655167,view,Palm Jumeirah,595028
286,655,2025-12-09 22:27:33.174523,view,Palm Jumeirah,1262371
286,29,2025-12-09 22:27:36.368381,view,Downtown Dubai,779215
286,927,2025-12-10 22:27:32.812910,view,Business Bay,1490029
286,590,2025-12-12 22:27:31.829768,view,Palm Jumeirah,1372328
286,199,2025-12-12 22:27:33.423343,view,Marina,1534586
286,695,2025-12-12 22:27:33.603549,view,JVC,1895285
286,19,2025-12-13 22:27:32.515219,view,Palm Jumeirah,1324143
286,350,2025-12-15 22:27:37.481691,view,Marina,1836092
286,195,2025-12-16 22:27:36.558079,view,Marina,770914
286,617,2025-12-19 22:27:32.062391,view,Business Bay,1207173
286,139,2025-12-20 22:27:34.161387,view,Business Bay,1889330
286,431,2025-12-20 22:27:37.725098,view,Downtown Dubai,1308258
286,906,2025-12-22 22:27:33.375807,view,Business Bay,519477
286,970,2025-12-23 22:27:33.782751,view,Palm Jumeirah,1579525
286,711,2025-12-24 22:27:33.118765,view,Marina,1607810
286,701,2025-12-24 22:27:35.618659,view,Business Bay,1484156
286,309,2025-12-26 22:27:32.749764,view,Palm Jumeirah,837913
286,172,2025-12-27 22:27:32.892157,view,Marina,960796
286,874,2025-12-27 22:27:33.249970,view,Marina,1208672
286,453,2025-12-27 22:27:34.911693,view,Marina,1538336
287,324,2025-11-29 22:27:36.277680,view,JVC,1288443
287,862,2025-11-29 22:27:37.042084,view,Business Bay,1037977
287,434,2025-12-04 22:27:31.999113,view,JVC,681948
287,906,2025-12-04 22:27:33.462424,view,Business Bay,519477
287,712,2025-12-04 22:27:35.413489,view,Business Bay,1312283
287,855,2025-12-04 22:27:37.912558,view,JVC,1101891
287,46,2025-12-05 22:27:37.677650,shortlist,JVC,788963
287,323,2025-12-06 22:27:36.384326,contact_agent,JVC,517297
287,678,2025-12-06 22:27:37.803964,view,JVC,1056718
287,319,2025-12-07 22:27:36.277680,shortlist,Business Bay,1307744
287,98,2025-12-09 22:27:32.717827,view,JVC,1127220
287,177,2025-12-12 22:27:32.702049,view,Business Bay,1255111
287,904,2025-12-14 22:27:32.655167,view,JVC,1115937
287,495,2025-12-14 22:27:34.161387,view,Business Bay,1154224
287,429,2025-12-15 22:27:34.616250,view,Business Bay,1135719
287,983,2025-12-23 22:27:35.776109,contact_agent,Business Bay,1414565
287,421,2025-12-24 22:27:37.474641,shortlist,JVC,914299
287,914,2025-12-26 22:27:31.770243,view,Business Bay,1323759
287,42,2025-12-27 22:27:32.336198,view,JVC,1032726
287,177,2025-12-27 22:27:32.562477,view,Business Bay,1255111
288,412,2025-11-29 22:27:37.470184,shortlist,Palm Jumeirah,1409245
288,487,2025-11-30 22:27:34.192729,contact_agent,Marina,1251518
288,70,2025-12-02 22:27:34.161387,view,Business Bay,1345474
288,46,2025-12-05 22:27:34.990265,view,JVC,788963
288,680,2025-12-06 22:27:35.100507,view,Downtown Dubai,852414
288,32,2025-12-06 22:27:37.246480,view,Downtown Dubai,773349
288,745,2025-12-08 22:27:35.603000,view,Downtown Dubai,1985255
288,50,2025-12-08 22:27:36.103957,view,Marina,1019165
288,508,2025-12-09 22:27:37.262377,view,JVC,1711569
288,254,2025-12-10 22:27:33.144264,view,JVC,1701838
288,762,2025-12-10 22:27:34.695292,view,Palm Jumeirah,1175673
288,416,2025-12-13 22:27:35.523435,view,Downtown Dubai,1092632
288,695,2025-12-13 22:27:37.073407,shortlist,JVC,1895285
288,833,2025-12-14 22:27:33.312669,view,JVC,1599577
288,421,2025-12-15 22:27:36.994837,contact_agent,JVC,914299
288,957,2025-12-16 22:27:35.397725,view,Business Bay,1243088
288,587,2025-12-16 22:27:37.772602,view,Marina,1918412
288,102,2025-12-18 22:27:32.343943,view,Marina,975595
288,678,2025-12-18 22:27:33.296938,view,JVC,1056718
288,453,2025-12-18 22:27:33.485903,view,Marina,1538336
288,745,2025-12-18 22:27:34.003657,view,Downtown Dubai,1985255
288,292,2025-12-18 22:27:36.621360,view,Palm Jumeirah,708944
288,406,2025-12-19 22:27:37.089117,view,Marina,1643647
288,267,2025-12-20 22:27:33.477385,shortlist,Palm Jumeirah,1872070
288,292,2025-12-25 22:27:34.267268,view,Palm Jumeirah,708944
288,855,2025-12-27 22:27:33.720913,view,JVC,1101891
289,701,2025-11-29 22:27:35.760271,view,Business Bay,1484156
289,139,2025-11-29 22:27:35.791868,view,Business Bay,1889330
289,773,2025-11-30 22:27:34.348710,view,JVC,1253494
289,771,2025-12-01 22:27:36.308994,view,Downtown Dubai,1661068
289,414,2025-12-03 22:27:34.192729,view,Palm Jumeirah,1730746
289,934,2025-12-03 22:27:34.225051,view,Marina,1888509
289,452,2025-12-05 22:27:33.940169,view,Downtown Dubai,902980
289,171,2025-12-06 22:27:32.986864,view,Marina,901067
289,480,2025-12-10 22:27:35.897847,view,Palm Jumeirah,687771
289,292,2025-12-11 22:27:36.731523,view,Palm Jumeirah,708944
289,928,2025-12-12 22:27:36.463705,view,Marina,654692
289,934,2025-12-19 22:27:35.242661,view,Marina,1888509
289,603,2025-12-19 22:27:35.318583,view,Downtown Dubai,1290645
289,982,2025-12-21 22:27:34.505647,view,Business Bay,1237090
289,28,2025-12-22 22:27:37.709313,view,Marina,1416383
290,957,2025-12-01 22:27:32.255435,view,Business Bay,1243088
290,890,2025-12-03 22:27:33.924257,view,Downtown Dubai,1523920
290,173,2025-12-12 22:27:33.861224,view,Palm Jumeirah,1504001
290,791,2025-12-16 22:27:35.492085,view,Palm Jumeirah,725391
290,4,2025-12-17 22:27:37.309782,view,JVC,1774634
290,28,2025-12-19 22:27:34.458603,view,Marina,1416383
290,406,2025-12-19 22:27:34.584161,view,Marina,1643647
290,678,2025-12-21 22:27:32.383455,view,JVC,1056718
290,928,2025-12-22 22:27:37.914560,view,Marina,654692
290,343,2025-12-25 22:27:34.974549,view,JVC,1282877
290,923,2025-12-27 22:27:33.533259,view,Palm Jumeirah,781696
290,879,2025-12-27 22:27:37.661947,view,Marina,796063
291,290,2025-11-29 22:27:34.395899,view,JVC,4499694
291,887,2025-11-30 22:27:35.650122,view,Business Bay,3070115
291,329,2025-11-30 22:27:36.979040,view,Marina,3380304
291,885,2025-12-03 22:27:34.364408,view,Business Bay,3409984
291,831,2025-12-03 22:27:36.947409,view,JVC,3803364
291,979,2025-12-06 22:27:32.158918,view,Downtown Dubai,3268705
291,8,2025-12-06 22:27:36.589762,view,JVC,4963158
291,515,2025-12-07 22:27:32.444464,view,Marina,3992099
291,367,2025-12-07 22:27:35.274920,view,Business Bay,3262081
291,639,2025-12-08 22:27:33.118765,view,Downtown Dubai,3272605
291,755,2025-12-12 22:27:34.035360,view,Palm Jumeirah,3207184
291,193,2025-12-12 22:27:34.785732,view,Marina,4082299
291,600,2025-12-13 22:27:34.990265,view,Marina,3070466
291,964,2025-12-14 22:27:34.114079,view,Palm Jumeirah,3842103
291,144,2025-12-16 22:27:33.691849,view,JVC,3783616
291,336,2025-12-18 22:27:35.776109,view,JVC,3346274
291,95,2025-12-19 22:27:36.463705,view,Palm Jumeirah,3446862
291,248,2025-12-20 22:27:32.172669,view,JVC,4304409
291,543,2025-12-24 22:27:36.684542,contact_agent,Marina,4141771
291,681,2025-12-24 22:27:37.921927,view,JVC,3463944
291,576,2025-12-25 22:27:37.486564,view,JVC,4486280
291,72,2025-12-26 22:27:32.812910,view,Business Bay,3847769
291,962,2025-12-26 22:27:36.874409,view,JVC,4604399
292,78,2025-11-29 22:27:36.994837,view,JVC,794746
292,186,2025-12-03 22:27:37.246480,view,Business Bay,588668
292,817,2025-12-05 22:27:32.733847,shortlist,Business Bay,549976
292,240,2025-12-06 22:27:32.717827,view,Business Bay,692512
292,99,2025-12-06 22:27:35.492085,view,Business Bay,943316
292,343,2025-12-07 22:27:33.720913,contact_agent,JVC,1282877
292,7,2025-12-07 22:27:36.510741,view,Business Bay,622775
292,627,2025-12-08 22:27:32.387459,view,JVC,1415113
292,301,2025-12-08 22:27:37.478660,view,JVC,1173218
292,941,2025-12-10 22:27:37.246480,view,JVC,1047219
292,434,2025-12-12 22:27:35.539550,view,JVC,681948
292,957,2025-12-15 22:27:32.397206,view,Business Bay,1243088
292,712,2025-12-18 22:27:35.507778,view,Business Bay,1312283
292,334,2025-12-20 22:27:34.927497,view,JVC,1328791
292,323,2025-12-22 22:27:35.147694,view,JVC,517297
292,495,2025-12-22 22:27:36.151287,view,Business Bay,1154224
292,801,2025-12-23 22:27:36.024976,view,Business Bay,1186268
293,197,2025-11-28 22:27:35.571323,view,Business Bay,862455
293,990,2025-11-29 22:27:35.242661,view,Downtown Dubai,551707
293,216,2025-11-30 22:27:34.051015,contact_agent,Palm Jumeirah,1369807
293,917,2025-11-30 22:27:34.631909,view,JVC,1635627
293,788,2025-12-02 22:27:36.542092,view,Downtown Dubai,1425779
293,798,2025-12-04 22:27:32.432715,view,JVC,1924663
293,607,2025-12-06 22:27:33.720913,view,Downtown Dubai,562507
293,197,2025-12-08 22:27:34.097995,view,Business Bay,862455
293,437,2025-12-09 22:27:31.872672,view,JVC,1706751
293,275,2025-12-10 22:27:33.596602,view,Downtown Dubai,1356626
293,6,2025-12-10 22:27:34.600305,view,JVC,1728807
293,250,2025-12-13 22:27:37.199358,shortlist,Palm Jumeirah,1147341
293,437,2025-12-14 22:27:33.034256,view,JVC,1706751
293,587,2025-12-16 22:27:36.245845,view,Marina,1918412
293,849,2025-12-17 22:27:33.485903,view,Palm Jumeirah,578077
293,419,2025-12-23 22:27:36.341364,view,Downtown Dubai,1662189
293,709,2025-12-25 22:27:34.769822,contact_agent,Palm Jumeirah,1656618
293,896,2025-12-26 22:27:33.548940,view,Marina,1208175
293,102,2025-12-26 22:27:34.264703,view,Marina,975595
293,115,2025-12-27 22:27:37.246480,view,Downtown Dubai,1221037
294,474,2025-11-29 22:27:35.449245,view,JVC,659292
294,632,2025-11-29 22:27:35.827452,view,Business Bay,792575
294,50,2025-12-03 22:27:34.600305,view,Marina,1019165
294,86,2025-12-03 22:27:36.182615,contact_agent,Marina,1653224
294,319,2025-12-04 22:27:32.670306,view,Business Bay,1307744
294,416,2025-12-04 22:27:32.765914,view,Downtown Dubai,1092632
294,98,2025-12-07 22:27:32.655167,shortlist,JVC,1127220
294,551,2025-12-10 22:27:33.548940,view,JVC,1255612
294,993,2025-12-11 22:27:36.432216,view,JVC,1588963
294,586,2025-12-14 22:27:32.590240,view,Downtown Dubai,1001590
294,583,2025-12-14 22:27:33.691849,view,Palm Jumeirah,618581
294,510,2025-12-14 22:27:36.151287,view,Marina,1656083
294,556,2025-12-14 22:27:37.803964,view,Business Bay,785622
294,510,2025-12-21 22:27:32.483715,view,Marina,1656083
294,292,2025-12-21 22:27:37.693311,view,Palm Jumeirah,708944
294,973,2025-12-23 22:27:35.163349,view,Downtown Dubai,1660117
294,934,2025-12-24 22:27:37.630182,shortlist,Marina,1888509
294,145,2025-12-24 22:27:37.693311,view,Palm Jumeirah,577175
294,708,2025-12-25 22:27:33.643839,view,Downtown Dubai,1247852
294,448,2025-12-25 22:27:37.899051,view,Palm Jumeirah,1978768
295,617,2025-11-29 22:27:34.711013,view,Business Bay,1207173
295,941,2025-11-30 22:27:34.208482,view,JVC,1047219
295,265,2025-12-02 22:27:36.621360,contact_agent,Downtown Dubai,937625
295,803,2025-12-02 22:27:37.756564,view,JVC,1611009
295,392,2025-12-04 22:27:34.474315,shortlist,JVC,739779
295,631,2025-12-06 22:27:33.829898,view,Downtown Dubai,923332
295,323,2025-12-06 22:27:36.040977,view,JVC,517297
295,42,2025-12-07 22:27:36.293332,view,JVC,1032726
295,414,2025-12-13 22:27:33.126771,view,Palm Jumeirah,1730746
295,362,2025-12-14 22:27:32.907836,view,Marina,1286261
295,448,2025-12-14 22:27:37.357047,view,Palm Jumeirah,1978768
295,135,2025-12-16 22:27:33.439002,view,JVC,965982
295,785,2025-12-16 22:27:33.720913,view,Business Bay,1128889
295,560,2025-12-17 22:27:34.537135,view,Marina,1896436
295,923,2025-12-18 22:27:32.859951,view,Palm Jumeirah,781696
295,406,2025-12-18 22:27:37.851374,view,Marina,1643647
295,959,2025-12-20 22:27:34.521303,view,Downtown Dubai,559778
295,297,2025-12-21 22:27:33.612454,view,Marina,1697162
295,368,2025-12-23 22:27:35.116356,view,Business Bay,626060
295,674,2025-12-24 22:27:36.994837,view,Downtown Dubai,1234275
295,701,2025-12-26 22:27:32.749764,contact_agent,Business Bay,1484156
295,354,2025-12-26 22:27:33.908317,view,Business Bay,667647
296,998,2025-11-29 22:27:32.599988,view,Marina,1389493
296,28,2025-11-30 22:27:32.062391,view,Marina,1416383
296,17,2025-11-30 22:27:35.318583,view,Marina,580257
296,703,2025-12-01 22:27:32.876025,view,Marina,1363659
296,481,2025-12-02 22:27:34.395899,view,Palm Jumeirah,737199
296,171,2025-12-02 22:27:34.427263,view,Marina,901067
296,14,2025-12-02 22:27:37.473589,view,JVC,1948763
296,849,2025-12-03 22:27:37.630182,view,Palm Jumeirah,578077
296,148,2025-12-04 22:27:35.882131,view,Downtown Dubai,1857453
296,590,2025-12-05 22:27:32.844287,shortlist,Palm Jumeirah,1372328
296,886,2025-12-05 22:27:35.539550,view,JVC,1192924
296,730,2025-12-06 22:27:34.003657,view,Palm Jumeirah,1949991
296,795,2025-12-06 22:27:37.057747,view,JVC,1874073
296,7,2025-12-07 22:27:36.024976,view,Business Bay,622775
296,406,2025-12-08 22:27:35.571323,view,Marina,1643647
296,382,2025-12-10 22:27:36.761646,view,Downtown Dubai,1371522
296,705,2025-12-11 22:27:32.642848,view,Business Bay,1703920
296,130,2025-12-13 22:27:33.296938,view,JVC,739017
296,42,2025-12-15 22:27:32.611737,view,JVC,1032726
296,603,2025-12-17 22:27:37.151904,view,Downtown Dubai,1290645
296,914,2025-12-20 22:27:34.911693,view,Business Bay,1323759
296,368,2025-12-21 22:27:36.785620,view,Business Bay,626060
296,645,2025-12-23 22:27:35.476419,view,Marina,879039
296,28,2025-12-26 22:27:35.882131,view,Marina,1416383
296,921,2025-12-27 22:27:36.040977,view,Downtown Dubai,592036
297,303,2025-11-30 22:27:32.145402,view,Downtown Dubai,1103291
297,168,2025-12-01 22:27:32.389199,view,Palm Jumeirah,1476433
297,199,2025-12-04 22:27:37.693311,view,Marina,1534586
297,745,2025-12-05 22:27:32.154915,view,Downtown Dubai,1985255
297,895,2025-12-07 22:27:35.069159,view,Marina,797675
297,677,2025-12-10 22:27:37.921927,view,Downtown Dubai,1098506
297,651,2025-12-11 22:27:33.924257,contact_agent,JVC,1278883
297,351,2025-12-17 22:27:36.826108,contact_agent,Palm Jumeirah,1350350
297,298,2025-12-21 22:27:33.375807,contact_agent,Downtown Dubai,1546161
297,525,2025-12-26 22:27:33.603549,view,Marina,941904
298,85,2025-11-29 22:27:33.111019,view,Marina,623950
298,900,2025-11-30 22:27:35.476419,view,Palm Jumeirah,1342840
298,917,2025-12-01 22:27:33.735638,view,JVC,1635627
298,265,2025-12-02 22:27:34.769822,view,Downtown Dubai,937625
298,9,2025-12-03 22:27:33.218442,view,JVC,914600
298,139,2025-12-04 22:27:31.983449,view,Business Bay,1889330
298,893,2025-12-04 22:27:32.670306,view,Marina,1533668
298,229,2025-12-04 22:27:37.230825,view,Palm Jumeirah,985757
298,634,2025-12-08 22:27:35.021784,view,JVC,529336
298,421,2025-12-08 22:27:37.278440,view,JVC,914299
298,414,2025-12-12 22:27:36.769160,view,Palm Jumeirah,1730746
298,392,2025-12-12 22:27:37.677650,view,JVC,739779
298,338,2025-12-14 22:27:35.449245,view,JVC,876794
298,59,2025-12-16 22:27:37.725098,view,Business Bay,1706123
298,597,2025-12-18 22:27:34.974549,view,Palm Jumeirah,1858311
298,934,2025-12-19 22:27:32.844287,view,Marina,1888509
298,967,2025-12-20 22:27:33.908317,shortlist,JVC,1022154
298,970,2025-12-20 22:27:36.308994,view,Palm Jumeirah,1579525
298,294,2025-12-20 22:27:36.384326,view,Business Bay,1861303
298,978,2025-12-22 22:27:33.312669,view,Downtown Dubai,789134
298,923,2025-12-23 22:27:32.182677,view,Palm Jumeirah,781696
298,841,2025-12-23 22:27:32.286939,view,Marina,1968919
298,286,2025-12-23 22:27:34.380201,view,Business Bay,1184029
298,879,2025-12-23 22:27:37.614489,view,Marina,796063
298,275,2025-12-24 22:27:33.460423,view,Downtown Dubai,1356626
298,916,2025-12-26 22:27:33.720913,view,JVC,631184
298,399,2025-12-26 22:27:37.883158,view,Downtown Dubai,1090381
299,164,2025-11-28 22:27:32.717827,view,Marina,1075919
299,354,2025-11-29 22:27:32.765914,view,Business Bay,667647
299,479,2025-12-02 22:27:36.668888,view,Marina,1692097
299,631,2025-12-04 22:27:34.269269,view,Downtown Dubai,923332
299,608,2025-12-07 22:27:37.756564,shortlist,JVC,1605710
299,740,2025-12-11 22:27:33.312669,view,Palm Jumeirah,1192137
299,229,2025-12-11 22:27:37.484537,view,Palm Jumeirah,985757
299,970,2025-12-12 22:27:32.334196,view,Palm Jumeirah,1579525
299,103,2025-12-13 22:27:33.659495,view,Downtown Dubai,1965744
299,168,2025-12-13 22:27:34.332736,view,Palm Jumeirah,1476433
299,155,2025-12-13 22:27:35.523435,view,Downtown Dubai,1729787
299,928,2025-12-14 22:27:32.395205,view,Marina,654692
299,408,2025-12-15 22:27:36.684542,contact_agent,Marina,1916953
299,128,2025-12-16 22:27:36.182615,view,Palm Jumeirah,1015693
299,667,2025-12-19 22:27:34.864304,view,JVC,1264265
299,320,2025-12-20 22:27:32.078176,view,JVC,1248736
299,155,2025-12-21 22:27:33.049967,view,Downtown Dubai,1729787
299,900,2025-12-24 22:27:31.763199,view,Palm Jumeirah,1342840
299,303,2025-12-25 22:27:33.987977,contact_agent,Downtown Dubai,1103291
299,412,2025-12-27 22:27:37.412533,view,Palm Jumeirah,1409245
300,448,2025-11-28 22:27:34.129738,view,Palm Jumeirah,1978768
300,545,2025-11-29 22:27:32.300690,view,JVC,1460652
300,157,2025-11-29 22:27:34.753382,view,Palm Jumeirah,1825569
300,973,2025-12-01 22:27:34.679502,view,Downtown Dubai,1660117
300,350,2025-12-02 22:27:34.817087,view,Marina,1836092
300,730,2025-12-02 22:27:35.945263,view,Palm Jumeirah,1949991
300,879,2025-12-03 22:27:36.901425,view,Marina,796063
300,769,2025-12-04 22:27:34.663539,view,JVC,1301849
300,634,2025-12-08 22:27:32.078176,view,JVC,529336
300,174,2025-12-09 22:27:33.643839,view,Palm Jumeirah,812023
300,587,2025-12-09 22:27:34.019313,shortlist,Marina,1918412
300,646,2025-12-09 22:27:35.242661,view,Marina,1028714
300,927,2025-12-13 22:27:35.301620,view,Business Bay,1490029
300,419,2025-12-13 22:27:36.135475,view,Downtown Dubai,1662189
300,678,2025-12-14 22:27:35.116356,view,JVC,1056718
300,350,2025-12-14 22:27:37.403796,view,Marina,1836092
300,459,2025-12-17 22:27:35.603000,view,Marina,1437635
300,102,2025-12-18 22:27:32.797257,view,Marina,975595
300,841,2025-12-20 22:27:36.308994,view,Marina,1968919
300,928,2025-12-21 22:27:34.145735,view,Marina,654692
300,309,2025-12-21 22:27:34.927497,view,Palm Jumeirah,837913
300,338,2025-12-24 22:27:31.999113,view,JVC,876794
301,927,2025-11-29 22:27:32.458215,view,Business Bay,1490029
301,103,2025-12-01 22:27:36.040977,view,Downtown Dubai,1965744
301,70,2025-12-02 22:27:32.156917,view,Business Bay,1345474
301,886,2025-12-03 22:27:33.798437,view,JVC,1192924
301,78,2025-12-06 22:27:35.242661,view,JVC,794746
301,321,2025-12-06 22:27:37.788279,view,Downtown Dubai,1199539
301,22,2025-12-07 22:27:33.187991,view,Downtown Dubai,871616
301,421,2025-12-07 22:27:34.600305,view,JVC,914299
301,510,2025-12-08 22:27:34.380201,view,Marina,1656083
301,997,2025-12-08 22:27:35.961151,view,Marina,1334874
301,727,2025-12-10 22:27:32.271187,view,JVC,1598657
301,921,2025-12-12 22:27:34.974549,shortlist,Downtown Dubai,592036
301,959,2025-12-12 22:27:36.637455,view,Downtown Dubai,559778
301,886,2025-12-12 22:27:36.857851,view,JVC,1192924
301,14,2025-12-13 22:27:37.772602,view,JVC,1948763
301,307,2025-12-15 22:27:33.002524,view,Marina,1219407
301,862,2025-12-17 22:27:32.702049,view,Business Bay,1037977
301,267,2025-12-20 22:27:35.681524,view,Palm Jumeirah,1872070
301,7,2025-12-21 22:27:34.679502,view,Business Bay,622775
301,905,2025-12-23 22:27:32.288941,view,Palm Jumeirah,1875607
301,267,2025-12-24 22:27:36.637455,view,Palm Jumeirah,1872070
302,768,2025-12-04 22:27:33.049967,view,JVC,1206673
302,769,2025-12-06 22:27:36.072321,view,JVC,1301849
302,350,2025-12-07 22:27:37.246480,view,Marina,1836092
302,148,2025-12-10 22:27:32.158918,view,Downtown Dubai,1857453
302,67,2025-12-15 22:27:36.994837,view,Palm Jumeirah,1356047
302,919,2025-12-16 22:27:32.062391,view,Business Bay,745300
302,267,2025-12-19 22:27:34.600305,view,Palm Jumeirah,1872070
302,985,2025-12-23 22:27:31.831834,view,Marina,1552425
302,893,2025-12-23 22:27:36.810172,view,Marina,1533668
302,941,2025-12-26 22:27:35.179400,view,JVC,1047219
303,158,2025-11-29 22:27:32.438459,view,JVC,1916828
303,164,2025-11-30 22:27:33.643839,view,Marina,1075919
303,895,2025-12-02 22:27:36.479360,view,Marina,797675
303,605,2025-12-03 22:27:32.749764,view,Downtown Dubai,1517481
303,362,2025-12-05 22:27:32.626522,view,Marina,1286261
303,773,2025-12-05 22:27:33.924257,view,JVC,1253494
303,741,2025-12-08 22:27:37.429354,view,JVC,781854
303,399,2025-12-11 22:27:32.970954,view,Downtown Dubai,1090381
303,890,2025-12-11 22:27:36.447880,view,Downtown Dubai,1523920
303,990,2025-12-12 22:27:32.702049,view,Downtown Dubai,551707
303,565,2025-12-12 22:27:35.824261,view,Business Bay,1904355
303,775,2025-12-13 22:27:33.218442,view,Palm Jumeirah,1142762
303,480,2025-12-18 22:27:32.733847,view,Palm Jumeirah,687771
303,646,2025-12-18 22:27:37.199358,view,Marina,1028714
303,508,2025-12-20 22:27:37.598447,view,JVC,1711569
303,834,2025-12-21 22:27:35.791868,view,Marina,1344081
303,597,2025-12-23 22:27:37.614489,view,Palm Jumeirah,1858311
303,675,2025-12-27 22:27:33.971918,view,Business Bay,1797819
304,96,2025-11-29 22:27:32.523226,view,Downtown Dubai,3176517
304,279,2025-11-30 22:27:35.697261,view,Palm Jumeirah,3707796
304,410,2025-12-01 22:27:32.235679,shortlist,Downtown Dubai,4622186
304,245,2025-12-02 22:27:33.548940,view,JVC,3848924
304,761,2025-12-02 22:27:34.600305,view,Marina,4583290
304,766,2025-12-04 22:27:31.904226,view,Palm Jumeirah,4800915
304,713,2025-12-07 22:27:35.242661,view,Marina,3414863
304,198,2025-12-09 22:27:33.767085,view,Palm Jumeirah,4974017
304,77,2025-12-09 22:27:37.614489,view,JVC,3031086
304,604,2025-12-11 22:27:36.857851,view,Downtown Dubai,3787093
304,149,2025-12-12 22:27:37.582497,view,Downtown Dubai,3511786
304,929,2025-12-13 22:27:35.242661,view,JVC,4957335
304,512,2025-12-14 22:27:34.364408,view,Business Bay,4398190
304,433,2025-12-16 22:27:32.190422,view,Business Bay,4064462
304,295,2025-12-16 22:27:32.584235,view,Downtown Dubai,4701765
304,623,2025-12-16 22:27:32.970954,view,Business Bay,3035232
304,800,2025-12-18 22:27:32.542982,view,JVC,3791070
304,734,2025-12-18 22:27:34.769822,view,Business Bay,3215223
304,943,2025-12-18 22:27:37.010531,view,Marina,4945975
304,829,2025-12-19 22:27:36.432216,contact_agent,Palm Jumeirah,4527902
304,943,2025-12-19 22:27:36.479360,view,Marina,4945975
304,821,2025-12-21 22:27:36.684542,view,Downtown Dubai,4905813
304,296,2025-12-23 22:27:37.677650,view,JVC,3394100
304,889,2025-12-24 22:27:32.781570,view,Palm Jumeirah,3600498
304,467,2025-12-24 22:27:35.258429,view,JVC,4178621
304,430,2025-12-27 22:27:33.782751,view,Downtown Dubai,3301445
305,658,2025-12-02 22:27:36.056661,view,Business Bay,642980
305,687,2025-12-03 22:27:35.211244,view,Marina,768083
305,983,2025-12-04 22:27:34.269269,view,Business Bay,1414565
305,500,2025-12-06 22:27:36.135475,view,Business Bay,954418
305,699,2025-12-16 22:27:33.829898,view,Business Bay,1906978
305,701,2025-12-17 22:27:31.888534,view,Business Bay,1484156
305,19,2025-12-18 22:27:32.923922,view,Palm Jumeirah,1324143
305,960,2025-12-18 22:27:33.456682,view,Business Bay,1594409
305,102,2025-12-19 22:27:35.555661,view,Marina,975595
305,708,2025-12-20 22:27:31.935927,view,Downtown Dubai,1247852
305,297,2025-12-21 22:27:36.182615,view,Marina,1697162
305,91,2025-12-22 22:27:36.901425,view,Downtown Dubai,1804766
305,128,2025-12-23 22:27:31.904226,view,Palm Jumeirah,1015693
305,6,2025-12-23 22:27:36.261867,view,JVC,1728807
305,771,2025-12-24 22:27:32.797257,contact_agent,Downtown Dubai,1661068
305,472,2025-12-24 22:27:36.463705,view,JVC,718401
305,709,2025-12-26 22:27:35.211244,contact_agent,Palm Jumeirah,1656618
305,6,2025-12-27 22:27:33.987977,view,JVC,1728807
306,6,2025-11-30 22:27:36.684542,view,JVC,1728807
306,356,2025-12-01 22:27:34.269269,view,Marina,935477
306,934,2025-12-02 22:27:35.571323,view,Marina,1888509
306,113,2025-12-03 22:27:34.537135,view,Palm Jumeirah,1309178
306,615,2025-12-03 22:27:34.848462,view,JVC,1237954
306,9,2025-12-03 22:27:37.278440,view,JVC,914600
306,990,2025-12-04 22:27:36.341364,view,Downtown Dubai,551707
306,459,2025-12-05 22:27:37.883158,view,Marina,1437635
306,658,2025-12-06 22:27:32.225929,view,Business Bay,642980
306,675,2025-12-06 22:27:33.140521,view,Business Bay,1797819
306,413,2025-12-07 22:27:37.262377,view,Business Bay,841207
306,4,2025-12-08 22:27:35.350476,view,JVC,1774634
306,123,2025-12-09 22:27:32.717827,view,JVC,963001
306,298,2025-12-11 22:27:33.908317,view,Downtown Dubai,1546161
306,899,2025-12-14 22:27:35.397725,shortlist,Downtown Dubai,763625
306,999,2025-12-14 22:27:37.120546,view,Marina,1278799
306,309,2025-12-15 22:27:37.899051,view,Palm Jumeirah,837913
306,875,2025-12-16 22:27:37.867422,view,Downtown Dubai,837369
306,318,2025-12-21 22:27:33.987977,shortlist,Palm Jumeirah,568803
306,222,2025-12-23 22:27:33.782751,view,Business Bay,1249971
306,473,2025-12-23 22:27:36.510741,view,Downtown Dubai,1485132
306,973,2025-12-25 22:27:35.555661,view,Downtown Dubai,1660117
307,890,2025-12-03 22:27:37.582497,view,Downtown Dubai,1523920
307,171,2025-12-04 22:27:34.177072,view,Marina,901067
307,32,2025-12-05 22:27:36.558079,view,Downtown Dubai,773349
307,773,2025-12-06 22:27:34.411577,view,JVC,1253494
307,916,2025-12-07 22:27:34.990265,view,JVC,631184
307,906,2025-12-11 22:27:37.136251,view,Business Bay,519477
307,619,2025-12-11 22:27:37.788279,view,Marina,1561404
307,705,2025-12-13 22:27:31.834948,view,Business Bay,1703920
307,826,2025-12-14 22:27:34.097995,view,JVC,1895796
307,841,2025-12-15 22:27:33.861224,view,Marina,1968919
307,368,2025-12-16 22:27:35.665778,view,Business Bay,626060
307,71,2025-12-22 22:27:34.832773,view,Downtown Dubai,1724744
307,644,2025-12-25 22:27:37.756564,view,JVC,1176296
307,414,2025-12-25 22:27:37.914560,view,Palm Jumeirah,1730746
308,167,2025-12-02 22:27:37.538794,view,Palm Jumeirah,922381
308,983,2025-12-04 22:27:36.384326,view,Business Bay,1414565
308,45,2025-12-05 22:27:33.691849,view,JVC,739968
308,16,2025-12-05 22:27:34.663539,view,Marina,1756715
308,275,2025-12-05 22:27:35.603000,view,Downtown Dubai,1356626
308,834,2025-12-06 22:27:33.533259,view,Marina,1344081
308,168,2025-12-06 22:27:37.630182,view,Palm Jumeirah,1476433
308,699,2025-12-06 22:27:37.646283,view,Business Bay,1906978
308,303,2025-12-10 22:27:35.132012,view,Downtown Dubai,1103291
308,298,2025-12-12 22:27:32.347947,view,Downtown Dubai,1546161
308,590,2025-12-12 22:27:34.411577,view,Palm Jumeirah,1372328
308,599,2025-12-17 22:27:33.081318,view,Downtown Dubai,664074
308,705,2025-12-17 22:27:34.225051,view,Business Bay,1703920
308,303,2025-12-17 22:27:36.103957,view,Downtown Dubai,1103291
308,934,2025-12-19 22:27:35.810089,view,Marina,1888509
308,32,2025-12-20 22:27:33.598604,view,Downtown Dubai,773349
308,998,2025-12-21 22:27:31.967677,view,Marina,1389493
308,680,2025-12-22 22:27:34.316827,view,Downtown Dubai,852414
308,695,2025-12-24 22:27:37.104894,view,JVC,1895285
308,973,2025-12-25 22:27:34.943153,contact_agent,Downtown Dubai,1660117
308,508,2025-12-27 22:27:32.188420,view,JVC,1711569
309,118,2025-11-28 22:27:32.139397,view,Business Bay,1521469
309,362,2025-11-28 22:27:33.675182,view,Marina,1286261
309,771,2025-11-28 22:27:37.899051,view,Downtown Dubai,1661068
309,163,2025-12-02 22:27:34.743408,view,JVC,1623389
309,468,2025-12-03 22:27:32.225929,view,Downtown Dubai,1797991
309,500,2025-12-04 22:27:35.037839,view,Business Bay,954418
309,618,2025-12-04 22:27:35.744617,contact_agent,Palm Jumeirah,1179447
309,419,2025-12-06 22:27:35.835614,view,Downtown Dubai,1662189
309,808,2025-12-08 22:27:37.452898,view,Palm Jumeirah,647745
309,917,2025-12-09 22:27:33.548940,view,JVC,1635627
309,309,2025-12-11 22:27:35.274920,view,Palm Jumeirah,837913
309,145,2025-12-12 22:27:37.199358,view,Palm Jumeirah,577175
309,718,2025-12-13 22:27:34.316827,view,Downtown Dubai,1849590
309,64,2025-12-13 22:27:35.037839,view,Marina,1033634
309,841,2025-12-13 22:27:37.151904,shortlist,Marina,1968919
309,399,2025-12-14 22:27:36.842168,view,Downtown Dubai,1090381
309,854,2025-12-15 22:27:33.628134,view,Business Bay,1420114
309,172,2025-12-17 22:27:37.899051,view,Marina,960796
309,608,2025-12-18 22:27:35.587005,view,JVC,1605710
309,468,2025-12-19 22:27:32.310437,view,Downtown Dubai,1797991
309,392,2025-12-19 22:27:37.120546,view,JVC,739779
309,429,2025-12-20 22:27:31.841357,shortlist,Business Bay,1135719
309,594,2025-12-20 22:27:32.548727,view,Downtown Dubai,1794315
309,676,2025-12-20 22:27:34.427263,view,JVC,1534186
309,966,2025-12-21 22:27:33.628134,view,Downtown Dubai,1898949
309,287,2025-12-23 22:27:33.160814,view,Palm Jumeirah,1010370
309,727,2025-12-23 22:27:37.199358,contact_agent,JVC,1598657
309,905,2025-12-25 22:27:36.637455,view,Palm Jumeirah,1875607
310,390,2025-11-30 22:27:32.440460,view,JVC,4774692
310,831,2025-11-30 22:27:33.249970,view,JVC,3803364
310,20,2025-12-01 22:27:32.702049,view,JVC,3514938
310,671,2025-12-01 22:27:37.803964,view,Palm Jumeirah,4136562
310,761,2025-12-06 22:27:34.568462,view,Marina,4583290
310,326,2025-12-07 22:27:32.797257,view,Downtown Dubai,3765962
310,620,2025-12-08 22:27:34.301091,view,Business Bay,3480248
310,796,2025-12-08 22:27:35.650122,view,Marina,3035394
310,169,2025-12-09 22:27:31.872672,view,Business Bay,3171252
310,506,2025-12-10 22:27:35.507778,view,Business Bay,4694463
310,326,2025-12-10 22:27:36.765154,view,Downtown Dubai,3765962
310,116,2025-12-11 22:27:32.062391,view,Palm Jumeirah,3732244
310,391,2025-12-11 22:27:37.436732,view,Downtown Dubai,4522928
310,38,2025-12-12 22:27:37.614489,view,Downtown Dubai,4726156
310,593,2025-12-16 22:27:35.776109,view,Palm Jumeirah,3800354
310,415,2025-12-20 22:27:37.661947,view,Palm Jumeirah,3789791
310,100,2025-12-21 22:27:35.929596,view,Marina,4017741
310,269,2025-12-25 22:27:36.447880,view,JVC,3093726
310,733,2025-12-26 22:27:32.781570,view,Downtown Dubai,3035610
310,310,2025-12-26 22:27:37.341247,view,Palm Jumeirah,4415770
310,96,2025-12-27 22:27:35.163349,view,Downtown Dubai,3176517
311,916,2025-12-02 22:27:34.411577,view,JVC,631184
311,186,2025-12-03 22:27:31.792106,view,Business Bay,588668
311,693,2025-12-03 22:27:37.073407,view,Palm Jumeirah,789220
311,525,2025-12-04 22:27:36.447880,view,Marina,941904
311,633,2025-12-06 22:27:35.571323,view,Palm Jumeirah,1959700
311,598,2025-12-07 22:27:35.744617,contact_agent,Marina,1789467
311,468,2025-12-08 22:27:37.341247,view,Downtown Dubai,1797991
311,855,2025-12-11 22:27:36.432216,view,JVC,1101891
311,776,2025-12-13 22:27:35.929596,view,Downtown Dubai,1267876
311,134,2025-12-14 22:27:35.195138,view,JVC,1576941
311,98,2025-12-16 22:27:33.375807,view,JVC,1127220
311,461,2025-12-18 22:27:33.548940,view,Palm Jumeirah,1886689
311,605,2025-12-18 22:27:37.545819,view,Downtown Dubai,1517481
311,468,2025-12-21 22:27:37.460001,view,Downtown Dubai,1797991
311,590,2025-12-22 22:27:36.526439,view,Palm Jumeirah,1372328
311,158,2025-12-22 22:27:37.262377,view,JVC,1916828
311,833,2025-12-23 22:27:36.589762,view,JVC,1599577
311,660,2025-12-24 22:27:32.955285,view,Marina,757354
311,828,2025-12-24 22:27:34.316827,view,Business Bay,708859
311,250,2025-12-24 22:27:36.700206,view,Palm Jumeirah,1147341
311,322,2025-12-24 22:27:37.677650,view,Downtown Dubai,745404
311,173,2025-12-25 22:27:32.464220,view,Palm Jumeirah,1504001
311,130,2025-12-25 22:27:33.249970,shortlist,JVC,739017
312,906,2025-11-30 22:27:36.324648,view,Business Bay,519477
312,334,2025-12-03 22:27:35.719527,view,JVC,1328791
312,634,2025-12-08 22:27:32.190422,view,JVC,529336
312,186,2025-12-09 22:27:36.009292,view,Business Bay,588668
312,45,2025-12-09 22:27:36.293332,view,JVC,739968
312,338,2025-12-12 22:27:37.803964,view,JVC,876794
312,701,2025-12-13 22:27:32.970954,view,Business Bay,1484156
312,632,2025-12-13 22:27:35.116356,view,Business Bay,792575
312,738,2025-12-14 22:27:35.555661,view,JVC,639227
312,644,2025-12-15 22:27:35.697261,view,JVC,1176296
312,983,2025-12-16 22:27:31.983449,view,Business Bay,1414565
312,222,2025-12-17 22:27:36.757641,view,Business Bay,1249971
312,301,2025-12-19 22:27:35.523435,view,JVC,1173218
312,451,2025-12-20 22:27:33.628134,view,Business Bay,1188152
312,785,2025-12-22 22:27:37.938684,view,Business Bay,1128889
312,495,2025-12-23 22:27:33.312669,view,Business Bay,1154224
312,551,2025-12-24 22:27:34.679502,view,JVC,1255612
312,828,2025-12-24 22:27:37.630182,contact_agent,Business Bay,708859
312,914,2025-12-26 22:27:36.979040,view,Business Bay,1323759
312,886,2025-12-27 22:27:33.049967,view,JVC,1192924
312,982,2025-12-27 22:27:35.413489,view,Business Bay,1237090
313,500,2025-11-28 22:27:34.097995,view,Business Bay,954418
313,941,2025-11-28 22:27:34.647560,view,JVC,1047219
313,741,2025-11-29 22:27:36.135475,view,JVC,781854
313,334,2025-12-02 22:27:31.935927,view,JVC,1328791
313,500,2025-12-04 22:27:33.312669,view,Business Bay,954418
313,817,2025-12-04 22:27:36.293332,view,Business Bay,549976
313,651,2025-12-04 22:27:36.653111,view,JVC,1278883
313,135,2025-12-05 22:27:37.693311,view,JVC,965982
313,320,2025-12-07 22:27:32.062391,view,JVC,1248736
313,98,2025-12-08 22:27:36.510741,view,JVC,1127220
313,413,2025-12-08 22:27:36.731523,view,Business Bay,841207
313,916,2025-12-10 22:27:36.574102,contact_agent,JVC,631184
313,615,2025-12-13 22:27:33.344050,view,JVC,1237954
313,904,2025-12-14 22:27:32.328191,view,JVC,1115937
313,42,2025-12-18 22:27:35.830538,view,JVC,1032726
313,585,2025-12-18 22:27:37.567539,view,JVC,838540
313,46,2025-12-19 22:27:36.072321,view,JVC,788963
313,46,2025-12-21 22:27:33.281284,view,JVC,788963
313,667,2025-12-21 22:27:37.883158,view,JVC,1264265
313,70,2025-12-22 22:27:37.073407,view,Business Bay,1345474
313,324,2025-12-24 22:27:36.072321,view,JVC,1288443
313,338,2025-12-26 22:27:36.024976,view,JVC,876794
314,461,2025-11-30 22:27:36.700206,shortlist,Palm Jumeirah,1886689
314,115,2025-12-02 22:27:34.442915,view,Downtown Dubai,1221037
314,768,2025-12-02 22:27:37.415636,view,JVC,1206673
314,448,2025-12-05 22:27:36.621360,view,Palm Jumeirah,1978768
314,686,2025-12-07 22:27:32.749764,view,Marina,624932
314,445,2025-12-07 22:27:33.956201,view,Palm Jumeirah,1838530
314,287,2025-12-08 22:27:35.116356,contact_agent,Palm Jumeirah,1010370
314,474,2025-12-09 22:27:32.310437,view,JVC,659292
314,607,2025-12-10 22:27:34.801395,view,Downtown Dubai,562507
314,990,2025-12-12 22:27:36.749632,view,Downtown Dubai,551707
314,768,2025-12-12 22:27:37.246480,view,JVC,1206673
314,587,2025-12-13 22:27:33.782751,view,Marina,1918412
314,70,2025-12-13 22:27:37.788279,view,Business Bay,1345474
314,768,2025-12-20 22:27:33.173496,view,JVC,1206673
314,85,2025-12-20 22:27:33.234147,view,Marina,623950
314,50,2025-12-27 22:27:33.160814,contact_agent,Marina,1019165
315,434,2025-11-29 22:27:34.364408,view,JVC,681948
315,902,2025-11-29 22:27:35.476419,view,Downtown Dubai,625355
315,966,2025-11-29 22:27:37.309782,contact_agent,Downtown Dubai,1898949
315,791,2025-12-03 22:27:36.463705,view,Palm Jumeirah,725391
315,880,2025-12-06 22:27:33.751414,view,JVC,1883875
315,102,2025-12-07 22:27:35.913508,contact_agent,Marina,975595
315,85,2025-12-08 22:27:36.963350,view,Marina,623950
315,130,2025-12-09 22:27:33.564660,view,JVC,739017
315,880,2025-12-09 22:27:37.329450,view,JVC,1883875
315,351,2025-12-10 22:27:33.517603,view,Palm Jumeirah,1350350
315,934,2025-12-12 22:27:32.249430,view,Marina,1888509
315,633,2025-12-14 22:27:36.088299,view,Palm Jumeirah,1959700
315,85,2025-12-15 22:27:36.668888,view,Marina,623950
315,6,2025-12-18 22:27:36.526439,view,JVC,1728807
315,28,2025-12-19 22:27:35.719527,view,Marina,1416383
315,322,2025-12-20 22:27:34.364408,view,Downtown Dubai,745404
315,45,2025-12-20 22:27:37.089117,view,JVC,739968
315,632,2025-12-21 22:27:35.195138,view,Business Bay,792575
315,429,2025-12-23 22:27:37.325465,view,Business Bay,1135719
315,163,2025-12-24 22:27:36.542092,view,JVC,1623389
315,999,2025-12-26 22:27:36.151287,view,Marina,1278799
316,267,2025-12-01 22:27:35.382062,view,Palm Jumeirah,1872070
316,195,2025-12-05 22:27:33.344050,view,Marina,770914
316,240,2025-12-05 22:27:34.832773,view,Business Bay,692512
316,172,2025-12-08 22:27:35.397725,view,Marina,960796
316,240,2025-12-10 22:27:36.151287,view,Business Bay,692512
316,139,2025-12-10 22:27:36.495041,view,Business Bay,1889330
316,412,2025-12-11 22:27:35.366371,view,Palm Jumeirah,1409245
316,412,2025-12-14 22:27:37.598447,view,Palm Jumeirah,1409245
316,769,2025-12-15 22:27:32.655167,view,JVC,1301849
316,229,2025-12-15 22:27:35.897847,contact_agent,Palm Jumeirah,985757
316,508,2025-12-16 22:27:32.062391,view,JVC,1711569
316,437,2025-12-18 22:27:33.612454,view,JVC,1706751
316,99,2025-12-18 22:27:35.913508,view,Business Bay,943316
316,294,2025-12-22 22:27:36.384326,view,Business Bay,1861303
316,830,2025-12-23 22:27:33.464425,view,Business Bay,545475
316,50,2025-12-24 22:27:35.334447,view,Marina,1019165
317,922,2025-11-29 22:27:35.791868,contact_agent,JVC,1353392
317,177,2025-12-02 22:27:35.523435,shortlist,Business Bay,1255111
317,738,2025-12-02 22:27:36.901425,contact_agent,JVC,639227
317,177,2025-12-02 22:27:37.057747,view,Business Bay,1255111
317,9,2025-12-10 22:27:37.057747,view,JVC,914600
317,916,2025-12-11 22:27:34.114079,view,JVC,631184
317,320,2025-12-13 22:27:36.495041,view,JVC,1248736
317,914,2025-12-20 22:27:34.679502,view,Business Bay,1323759
317,667,2025-12-24 22:27:32.174670,view,JVC,1264265
317,451,2025-12-24 22:27:34.301091,view,Business Bay,1188152
317,678,2025-12-24 22:27:37.725098,view,JVC,1056718
317,495,2025-12-27 22:27:32.296686,view,Business Bay,1154224
317,9,2025-12-27 22:27:35.603000,view,JVC,914600
318,982,2025-11-28 22:27:33.987977,view,Business Bay,1237090
318,277,2025-12-04 22:27:33.177632,view,Business Bay,606022
318,922,2025-12-05 22:27:34.474315,view,JVC,1353392
318,354,2025-12-07 22:27:32.196427,view,Business Bay,667647
318,186,2025-12-07 22:27:33.485903,view,Business Bay,588668
318,855,2025-12-11 22:27:35.366371,view,JVC,1101891
318,354,2025-12-11 22:27:36.324648,view,Business Bay,667647
318,854,2025-12-14 22:27:36.749632,view,Business Bay,1420114
318,386,2025-12-15 22:27:33.439002,view,Business Bay,1102276
318,323,2025-12-16 22:27:37.372983,view,JVC,517297
318,429,2025-12-18 22:27:35.776109,view,Business Bay,1135719
318,386,2025-12-21 22:27:36.447880,view,Business Bay,1102276
318,678,2025-12-22 22:27:37.278440,contact_agent,JVC,1056718
318,9,2025-12-23 22:27:34.864304,view,JVC,914600
318,99,2025-12-24 22:27:34.785732,view,Business Bay,943316
318,354,2025-12-25 22:27:37.693311,view,Business Bay,667647
318,922,2025-12-26 22:27:33.956201,view,JVC,1353392
318,78,2025-12-26 22:27:35.929596,view,JVC,794746
318,735,2025-12-27 22:27:36.810172,view,Business Bay,1112181
319,99,2025-11-28 22:27:33.714566,view,Business Bay,943316
319,648,2025-12-01 22:27:31.967677,view,Marina,1052439
319,828,2025-12-01 22:27:35.449245,view,Business Bay,708859
319,6,2025-12-03 22:27:35.476419,view,JVC,1728807
319,394,2025-12-04 22:27:36.668888,view,Marina,1288140
319,808,2025-12-06 22:27:34.114079,view,Palm Jumeirah,647745
319,833,2025-12-08 22:27:33.501559,view,JVC,1599577
319,969,2025-12-09 22:27:33.375807,contact_agent,Marina,1511930
319,28,2025-12-12 22:27:32.923922,view,Marina,1416383
319,267,2025-12-12 22:27:36.510741,view,Palm Jumeirah,1872070
319,644,2025-12-12 22:27:36.810172,shortlist,JVC,1176296
319,132,2025-12-13 22:27:31.904226,contact_agent,Business Bay,1441768
319,977,2025-12-13 22:27:31.919915,view,Palm Jumeirah,1781506
319,801,2025-12-13 22:27:32.586236,shortlist,Business Bay,1186268
319,328,2025-12-14 22:27:37.474641,view,Marina,1727146
319,934,2025-12-18 22:27:36.182615,view,Marina,1888509
319,906,2025-12-21 22:27:34.251887,view,Business Bay,519477
319,452,2025-12-25 22:27:35.760271,view,Downtown Dubai,902980
320,695,2025-11-30 22:27:32.143401,view,JVC,1895285
320,158,2025-11-30 22:27:35.211244,view,JVC,1916828
320,529,2025-12-01 22:27:32.111894,view,Palm Jumeirah,1314422
320,150,2025-12-01 22:27:34.395899,view,Palm Jumeirah,595028
320,132,2025-12-01 22:27:34.663539,view,Business Bay,1441768
320,597,2025-12-01 22:27:37.456011,view,Palm Jumeirah,1858311
320,487,2025-12-02 22:27:33.187991,view,Marina,1251518
320,399,2025-12-04 22:27:35.587005,view,Downtown Dubai,1090381
320,750,2025-12-05 22:27:32.702049,view,Palm Jumeirah,1894316
320,675,2025-12-07 22:27:31.775633,view,Business Bay,1797819
320,102,2025-12-08 22:27:35.382062,view,Marina,975595
320,473,2025-12-08 22:27:35.866469,view,Downtown Dubai,1485132
320,14,2025-12-12 22:27:32.078176,view,JVC,1948763
320,303,2025-12-12 22:27:32.599988,view,Downtown Dubai,1103291
320,495,2025-12-16 22:27:37.136251,view,Business Bay,1154224
320,508,2025-12-17 22:27:32.206174,shortlist,JVC,1711569
320,699,2025-12-17 22:27:32.215921,view,Business Bay,1906978
320,772,2025-12-18 22:27:33.659495,contact_agent,Business Bay,1535891
320,468,2025-12-18 22:27:36.794383,view,Downtown Dubai,1797991
320,966,2025-12-19 22:27:31.967677,shortlist,Downtown Dubai,1898949
320,536,2025-12-20 22:27:36.810172,view,JVC,1916842
320,834,2025-12-22 22:27:36.384326,view,Marina,1344081
320,99,2025-12-23 22:27:33.956201,shortlist,Business Bay,943316
320,648,2025-12-23 22:27:34.695292,view,Marina,1052439
320,22,2025-12-24 22:27:36.621360,contact_agent,Downtown Dubai,871616
320,408,2025-12-27 22:27:35.100507,view,Marina,1916953
320,286,2025-12-27 22:27:36.526439,contact_agent,Business Bay,1184029
321,17,2025-12-02 22:27:37.341247,view,Marina,580257
321,676,2025-12-03 22:27:35.618659,shortlist,JVC,1534186
321,973,2025-12-03 22:27:37.341247,view,Downtown Dubai,1660117
321,9,2025-12-04 22:27:32.859951,view,JVC,914600
321,603,2025-12-08 22:27:35.523435,contact_agent,Downtown Dubai,1290645
321,56,2025-12-09 22:27:37.630182,shortlist,Palm Jumeirah,1527557
321,916,2025-12-10 22:27:36.400390,view,JVC,631184
321,22,2025-12-13 22:27:32.828631,view,Downtown Dubai,871616
321,298,2025-12-15 22:27:32.471965,view,Downtown Dubai,1546161
321,849,2025-12-19 22:27:33.359702,contact_agent,Palm Jumeirah,578077
321,769,2025-12-23 22:27:32.939586,view,JVC,1301849
321,536,2025-12-23 22:27:33.798437,view,JVC,1916842
321,925,2025-12-23 22:27:36.874409,view,Downtown Dubai,1690456
321,986,2025-12-24 22:27:33.643839,view,Marina,1277567
321,900,2025-12-24 22:27:34.880092,view,Palm Jumeirah,1342840
321,703,2025-12-25 22:27:31.791227,view,Marina,1363659
321,328,2025-12-25 22:27:31.983449,view,Marina,1727146
321,324,2025-12-25 22:27:37.230825,contact_agent,JVC,1288443
321,530,2025-12-26 22:27:33.391650,shortlist,Business Bay,1234983
321,137,2025-12-27 22:27:37.803964,view,JVC,773146
322,668,2025-11-28 22:27:32.369705,view,Marina,808617
322,148,2025-11-30 22:27:34.927497,view,Downtown Dubai,1857453
322,186,2025-12-01 22:27:32.623747,view,Business Bay,588668
322,776,2025-12-02 22:27:34.332736,view,Downtown Dubai,1267876
322,645,2025-12-03 22:27:35.413489,view,Marina,879039
322,802,2025-12-04 22:27:34.832773,view,JVC,1301955
322,890,2025-12-05 22:27:33.178658,view,Downtown Dubai,1523920
322,274,2025-12-05 22:27:35.697261,view,Palm Jumeirah,1361069
322,765,2025-12-09 22:27:32.062391,view,Downtown Dubai,1594316
322,102,2025-12-10 22:27:31.967677,view,Marina,975595
322,982,2025-12-10 22:27:37.630182,view,Business Bay,1237090
322,738,2025-12-12 22:27:32.294685,view,JVC,639227
322,408,2025-12-12 22:27:32.844287,view,Marina,1916953
322,78,2025-12-13 22:27:33.940169,view,JVC,794746
322,687,2025-12-13 22:27:37.756564,view,Marina,768083
322,480,2025-12-14 22:27:36.684542,view,Palm Jumeirah,687771
322,3,2025-12-14 22:27:37.120546,shortlist,Downtown Dubai,1450162
322,708,2025-12-20 22:27:35.929596,view,Downtown Dubai,1247852
322,50,2025-12-21 22:27:34.269269,view,Marina,1019165
322,545,2025-12-22 22:27:35.587005,view,JVC,1460652
322,997,2025-12-27 22:27:35.195138,view,Marina,1334874
322,439,2025-12-27 22:27:35.697261,view,Palm Jumeirah,717770
323,456,2025-11-28 22:27:35.302649,view,Downtown Dubai,1949087
323,4,2025-11-28 22:27:37.921927,contact_agent,JVC,1774634
323,319,2025-11-29 22:27:34.411577,view,Business Bay,1307744
323,536,2025-11-29 22:27:36.637455,view,JVC,1916842
323,158,2025-11-29 22:27:36.857851,contact_agent,JVC,1916828
323,186,2025-12-01 22:27:33.391650,view,Business Bay,588668
323,896,2025-12-02 22:27:34.552797,view,Marina,1208175
323,350,2025-12-03 22:27:33.467903,view,Marina,1836092
323,778,2025-12-03 22:27:35.300593,view,Palm Jumeirah,1706184
323,298,2025-12-04 22:27:33.956201,view,Downtown Dubai,1546161
323,941,2025-12-06 22:27:33.908317,view,JVC,1047219
323,870,2025-12-06 22:27:34.442915,view,Palm Jumeirah,542291
323,318,2025-12-11 22:27:35.302649,view,Palm Jumeirah,568803
323,323,2025-12-12 22:27:36.653111,view,JVC,517297
323,529,2025-12-13 22:27:31.779760,contact_agent,Palm Jumeirah,1314422
323,425,2025-12-13 22:27:32.143401,view,Marina,625438
323,275,2025-12-13 22:27:35.211244,contact_agent,Downtown Dubai,1356626
323,925,2025-12-15 22:27:36.947409,view,Downtown Dubai,1690456
323,334,2025-12-18 22:27:34.895998,view,JVC,1328791
323,902,2025-12-19 22:27:32.733847,view,Downtown Dubai,625355
323,676,2025-12-19 22:27:34.521303,shortlist,JVC,1534186
323,42,2025-12-19 22:27:37.505226,view,JVC,1032726
323,590,2025-12-20 22:27:33.218442,contact_agent,Palm Jumeirah,1372328
323,957,2025-12-21 22:27:32.361698,view,Business Bay,1243088
323,959,2025-12-21 22:27:32.859951,view,Downtown Dubai,559778
323,742,2025-12-23 22:27:33.735638,view,Marina,1160327
323,839,2025-12-23 22:27:35.897847,view,Palm Jumeirah,727189
323,418,2025-12-24 22:27:34.427263,view,JVC,1972178
323,163,2025-12-24 22:27:36.700206,view,JVC,1623389
323,526,2025-12-27 22:27:34.411577,view,JVC,1078526
323,728,2025-12-27 22:27:35.476419,view,Palm Jumeirah,1426215
323,22,2025-12-27 22:27:37.614489,view,Downtown Dubai,871616
324,590,2025-12-01 22:27:37.341247,view,Palm Jumeirah,1372328
324,282,2025-12-03 22:27:36.072321,view,JVC,661445
324,969,2025-12-06 22:27:33.234147,view,Marina,1511930
324,527,2025-12-06 22:27:35.835614,view,Downtown Dubai,1337393
324,999,2025-12-06 22:27:37.104894,view,Marina,1278799
324,171,2025-12-08 22:27:36.510741,view,Marina,901067
324,85,2025-12-11 22:27:35.069159,shortlist,Marina,623950
324,526,2025-12-11 22:27:35.634416,view,JVC,1078526
324,103,2025-12-13 22:27:34.003657,view,Downtown Dubai,1965744
324,451,2025-12-14 22:27:36.779001,view,Business Bay,1188152
324,163,2025-12-16 22:27:35.069159,view,JVC,1623389
324,227,2025-12-24 22:27:33.265626,view,Downtown Dubai,1842057
324,874,2025-12-24 22:27:33.876909,view,Marina,1208672
324,145,2025-12-24 22:27:37.526678,shortlist,Palm Jumeirah,577175
324,362,2025-12-26 22:27:31.983449,shortlist,Marina,1286261
324,855,2025-12-27 22:27:37.372983,view,JVC,1101891
325,134,2025-12-02 22:27:31.919915,view,JVC,1576941
325,148,2025-12-02 22:27:34.895998,view,Downtown Dubai,1857453
325,778,2025-12-03 22:27:34.757496,view,Palm Jumeirah,1706184
325,986,2025-12-06 22:27:31.935927,view,Marina,1277567
325,343,2025-12-08 22:27:37.756564,view,JVC,1282877
325,811,2025-12-09 22:27:36.056661,view,Marina,637686
325,993,2025-12-11 22:27:36.009292,view,JVC,1588963
325,712,2025-12-11 22:27:36.994837,view,Business Bay,1312283
325,394,2025-12-13 22:27:32.046730,shortlist,Marina,1288140
325,651,2025-12-13 22:27:33.049967,view,JVC,1278883
325,561,2025-12-15 22:27:32.261440,shortlist,JVC,1167540
325,275,2025-12-15 22:27:32.923922,view,Downtown Dubai,1356626
325,399,2025-12-15 22:27:33.767085,view,Downtown Dubai,1090381
325,378,2025-12-16 22:27:33.218442,view,Palm Jumeirah,1062060
325,718,2025-12-18 22:27:33.187991,view,Downtown Dubai,1849590
325,132,2025-12-23 22:27:34.066676,view,Business Bay,1441768
325,318,2025-12-24 22:27:37.772602,view,Palm Jumeirah,568803
325,168,2025-12-25 22:27:32.174670,view,Palm Jumeirah,1476433
325,680,2025-12-25 22:27:34.943153,view,Downtown Dubai,852414
325,735,2025-12-26 22:27:32.765914,view,Business Bay,1112181
325,587,2025-12-27 22:27:34.817087,view,Marina,1918412
326,817,2025-11-28 22:27:35.163349,view,Business Bay,549976
326,651,2025-12-01 22:27:31.888534,view,JVC,1278883
326,42,2025-12-05 22:27:34.348710,view,JVC,1032726
326,495,2025-12-05 22:27:37.089117,view,Business Bay,1154224
326,434,2025-12-07 22:27:34.505647,view,JVC,681948
326,644,2025-12-08 22:27:32.094821,contact_agent,JVC,1176296
326,368,2025-12-08 22:27:35.100507,contact_agent,Business Bay,626060
326,741,2025-12-09 22:27:33.391650,view,JVC,781854
326,495,2025-12-09 22:27:35.866469,view,Business Bay,1154224
326,98,2025-12-12 22:27:33.359702,contact_agent,JVC,1127220
326,712,2025-12-12 22:27:35.334447,shortlist,Business Bay,1312283
326,632,2025-12-14 22:27:33.439002,view,Business Bay,792575
326,773,2025-12-22 22:27:37.422735,view,JVC,1253494
326,651,2025-12-23 22:27:34.129738,view,JVC,1278883
326,906,2025-12-24 22:27:32.277192,view,Business Bay,519477
327,583,2025-11-28 22:27:32.986864,view,Palm Jumeirah,618581
327,742,2025-12-02 22:27:35.449245,view,Marina,1160327
327,429,2025-12-03 22:27:32.534975,shortlist,Business Bay,1135719
327,22,2025-12-03 22:27:33.829898,view,Downtown Dubai,871616
327,795,2025-12-03 22:27:33.987977,view,JVC,1874073
327,455,2025-12-03 22:27:35.760271,view,Business Bay,1668932
327,488,2025-12-03 22:27:35.977057,view,Downtown Dubai,1013313
327,762,2025-12-04 22:27:32.046730,view,Palm Jumeirah,1175673
327,216,2025-12-04 22:27:33.908317,view,Palm Jumeirah,1369807
327,510,2025-12-04 22:27:37.725098,view,Marina,1656083
327,941,2025-12-10 22:27:32.446465,view,JVC,1047219
327,137,2025-12-10 22:27:35.791868,view,JVC,773146
327,841,2025-12-11 22:27:37.819617,view,Marina,1968919
327,556,2025-12-12 22:27:37.136251,view,Business Bay,785622
327,830,2025-12-13 22:27:31.904226,view,Business Bay,545475
327,773,2025-12-14 22:27:37.388784,view,JVC,1253494
327,802,2025-12-15 22:27:32.078176,contact_agent,JVC,1301955
327,414,2025-12-20 22:27:36.526439,view,Palm Jumeirah,1730746
327,769,2025-12-22 22:27:33.798437,view,JVC,1301849
327,311,2025-12-23 22:27:32.603992,view,Palm Jumeirah,828821
327,123,2025-12-23 22:27:36.245845,view,JVC,963001
327,452,2025-12-24 22:27:32.288941,view,Downtown Dubai,902980
327,627,2025-12-24 22:27:34.097995,view,JVC,1415113
327,556,2025-12-26 22:27:33.767085,view,Business Bay,785622
327,998,2025-12-27 22:27:37.480638,contact_agent,Marina,1389493
328,411,2025-11-30 22:27:31.983449,view,Palm Jumeirah,921280
328,686,2025-12-03 22:27:37.543820,shortlist,Marina,624932
328,29,2025-12-04 22:27:34.726781,view,Downtown Dubai,779215
328,708,2025-12-04 22:27:34.768820,contact_agent,Downtown Dubai,1247852
328,749,2025-12-08 22:27:33.081318,view,Marina,979083
328,590,2025-12-09 22:27:32.595984,view,Palm Jumeirah,1372328
328,839,2025-12-10 22:27:31.872672,view,Palm Jumeirah,727189
328,705,2025-12-11 22:27:32.876025,view,Business Bay,1703920
328,408,2025-12-11 22:27:34.505647,view,Marina,1916953
328,675,2025-12-13 22:27:33.423343,contact_agent,Business Bay,1797819
328,431,2025-12-17 22:27:32.781570,view,Downtown Dubai,1308258
328,419,2025-12-17 22:27:34.066676,view,Downtown Dubai,1662189
328,36,2025-12-18 22:27:36.684542,view,Downtown Dubai,1916207
328,678,2025-12-18 22:27:37.562497,view,JVC,1056718
328,798,2025-12-19 22:27:37.630182,view,JVC,1924663
328,99,2025-12-22 22:27:32.046730,view,Business Bay,943316
328,421,2025-12-22 22:27:34.316827,view,JVC,914299
328,277,2025-12-25 22:27:36.495041,view,Business Bay,606022
328,973,2025-12-26 22:27:34.695292,view,Downtown Dubai,1660117
329,211,2025-12-02 22:27:32.859951,view,JVC,4330121
329,306,2025-12-02 22:27:36.072321,view,Downtown Dubai,4709738
329,266,2025-12-05 22:27:32.939586,view,Palm Jumeirah,3801106
329,815,2025-12-06 22:27:33.179685,view,Downtown Dubai,4424221
329,344,2025-12-06 22:27:33.876909,view,Marina,4385180
329,692,2025-12-07 22:27:34.616250,view,Palm Jumeirah,3092316
329,401,2025-12-08 22:27:35.397725,view,Business Bay,4183909
329,372,2025-12-09 22:27:34.003657,view,JVC,3344180
329,763,2025-12-09 22:27:35.492085,view,Marina,4562224
329,946,2025-12-10 22:27:34.911693,shortlist,JVC,3371656
329,370,2025-12-11 22:27:34.301091,view,Business Bay,3296461
329,258,2025-12-13 22:27:36.558079,view,JVC,4908285
329,24,2025-12-14 22:27:33.814098,view,Marina,4124064
329,363,2025-12-14 22:27:37.419634,view,Downtown Dubai,3994708
329,588,2025-12-15 22:27:35.195138,view,Business Bay,3860492
329,538,2025-12-15 22:27:35.776109,view,Marina,4189024
329,622,2025-12-15 22:27:37.899051,view,JVC,3253913
329,245,2025-12-20 22:27:34.958835,view,JVC,3848924
329,968,2025-12-24 22:27:32.253433,view,Marina,3968582
329,935,2025-12-27 22:27:35.555661,view,Business Bay,4254542
330,330,2025-11-28 22:27:32.515219,view,JVC,1833572
330,199,2025-11-29 22:27:36.416141,view,Marina,1534586
330,986,2025-12-01 22:27:34.711013,view,Marina,1277567
330,917,2025-12-01 22:27:34.880092,view,JVC,1635627
330,267,2025-12-04 22:27:32.765914,view,Palm Jumeirah,1872070
330,275,2025-12-07 22:27:34.442915,view,Downtown Dubai,1356626
330,590,2025-12-09 22:27:32.393203,view,Palm Jumeirah,1372328
330,785,2025-12-09 22:27:37.073407,view,Business Bay,1128889
330,773,2025-12-15 22:27:34.616250,view,JVC,1253494
330,275,2025-12-17 22:27:32.403211,view,Downtown Dubai,1356626
330,605,2025-12-19 22:27:31.999113,view,Downtown Dubai,1517481
330,448,2025-12-24 22:27:33.002524,view,Palm Jumeirah,1978768
330,167,2025-12-26 22:27:34.474315,view,Palm Jumeirah,922381
330,997,2025-12-27 22:27:34.880092,view,Marina,1334874
331,738,2025-11-28 22:27:32.670306,view,JVC,639227
331,651,2025-11-29 22:27:33.892633,view,JVC,1278883
331,413,2025-11-29 22:27:37.167880,view,Business Bay,841207
331,545,2025-12-01 22:27:34.411577,view,JVC,1460652
331,413,2025-12-03 22:27:36.135475,view,Business Bay,841207
331,495,2025-12-04 22:27:37.725098,view,Business Bay,1154224
331,738,2025-12-05 22:27:33.249970,shortlist,JVC,639227
331,670,2025-12-05 22:27:34.225051,view,JVC,1244748
331,561,2025-12-08 22:27:36.810172,view,JVC,1167540
331,319,2025-12-09 22:27:35.681524,view,Business Bay,1307744
331,282,2025-12-11 22:27:34.129738,view,JVC,661445
331,545,2025-12-11 22:27:34.631909,view,JVC,1460652
331,634,2025-12-11 22:27:36.526439,view,JVC,529336
331,561,2025-12-13 22:27:35.634416,view,JVC,1167540
331,123,2025-12-14 22:27:37.772602,contact_agent,JVC,963001
331,828,2025-12-16 22:27:35.681524,view,Business Bay,708859
331,906,2025-12-16 22:27:36.198305,view,Business Bay,519477
331,551,2025-12-27 22:27:35.697261,view,JVC,1255612
332,9,2025-11-30 22:27:33.751414,view,JVC,914600
332,324,2025-11-30 22:27:34.269269,shortlist,JVC,1288443
332,240,2025-11-30 22:27:36.024976,view,Business Bay,692512
332,99,2025-12-04 22:27:32.733847,view,Business Bay,943316
332,830,2025-12-04 22:27:33.081318,view,Business Bay,545475
332,123,2025-12-04 22:27:33.548940,view,JVC,963001
332,7,2025-12-06 22:27:31.849623,view,Business Bay,622775
332,916,2025-12-08 22:27:36.356052,view,JVC,631184
332,78,2025-12-09 22:27:32.605994,view,JVC,794746
332,561,2025-12-09 22:27:35.242661,contact_agent,JVC,1167540
332,434,2025-12-12 22:27:33.845565,view,JVC,681948
332,983,2025-12-14 22:27:33.564660,view,Business Bay,1414565
332,768,2025-12-14 22:27:36.151287,view,JVC,1206673
332,927,2025-12-15 22:27:33.034256,view,Business Bay,1490029
332,830,2025-12-17 22:27:36.009292,view,Business Bay,545475
332,658,2025-12-18 22:27:37.151904,view,Business Bay,642980
332,632,2025-12-21 22:27:37.563527,view,Business Bay,792575
332,197,2025-12-24 22:27:32.986864,view,Business Bay,862455
332,137,2025-12-25 22:27:32.685978,view,JVC,773146
332,967,2025-12-26 22:27:33.391650,view,JVC,1022154
332,802,2025-12-27 22:27:34.161387,view,JVC,1301955
333,350,2025-11-29 22:27:36.668888,view,Marina,1836092
333,798,2025-12-02 22:27:37.262377,view,JVC,1924663
333,137,2025-12-04 22:27:34.584161,view,JVC,773146
333,632,2025-12-06 22:27:32.015066,view,Business Bay,792575
333,431,2025-12-06 22:27:33.709386,view,Downtown Dubai,1308258
333,59,2025-12-08 22:27:32.626522,view,Business Bay,1706123
333,186,2025-12-08 22:27:35.163349,view,Business Bay,588668
333,254,2025-12-08 22:27:37.550917,view,JVC,1701838
333,978,2025-12-09 22:27:35.634416,view,Downtown Dubai,789134
333,488,2025-12-12 22:27:37.560431,view,Downtown Dubai,1013313
333,330,2025-12-13 22:27:34.097995,view,JVC,1833572
333,155,2025-12-13 22:27:34.663539,view,Downtown Dubai,1729787
333,950,2025-12-14 22:27:32.828631,view,Marina,595556
333,78,2025-12-15 22:27:37.151904,view,JVC,794746
333,587,2025-12-16 22:27:32.781570,view,Marina,1918412
333,839,2025-12-18 22:27:32.655167,view,Palm Jumeirah,727189
333,324,2025-12-19 22:27:32.970954,view,JVC,1288443
333,765,2025-12-20 22:27:34.035360,view,Downtown Dubai,1594316
333,102,2025-12-20 22:27:36.684542,view,Marina,975595
333,414,2025-12-20 22:27:36.826108,view,Palm Jumeirah,1730746
333,71,2025-12-21 22:27:34.943153,view,Downtown Dubai,1724744
333,157,2025-12-22 22:27:35.179400,view,Palm Jumeirah,1825569
333,675,2025-12-22 22:27:35.539550,view,Business Bay,1797819
333,536,2025-12-25 22:27:34.285406,view,JVC,1916842
333,382,2025-12-26 22:27:32.259438,view,Downtown Dubai,1371522
333,795,2025-12-26 22:27:35.084845,view,JVC,1874073
333,611,2025-12-27 22:27:33.218442,view,Downtown Dubai,1306564
333,282,2025-12-27 22:27:35.587005,view,JVC,661445
333,599,2025-12-27 22:27:37.120546,view,Downtown Dubai,664074
334,927,2025-11-28 22:27:32.332195,view,Business Bay,1490029
334,597,2025-11-28 22:27:33.956201,view,Palm Jumeirah,1858311
334,830,2025-12-01 22:27:35.258429,view,Business Bay,545475
334,525,2025-12-05 22:27:33.861224,view,Marina,941904
334,699,2025-12-06 22:27:34.864304,view,Business Bay,1906978
334,64,2025-12-07 22:27:34.364408,shortlist,Marina,1033634
334,229,2025-12-07 22:27:37.867422,view,Palm Jumeirah,985757
334,916,2025-12-08 22:27:37.246480,view,JVC,631184
334,970,2025-12-09 22:27:33.659495,view,Palm Jumeirah,1579525
334,303,2025-12-18 22:27:37.535784,view,Downtown Dubai,1103291
334,434,2025-12-19 22:27:34.552797,view,JVC,681948
334,712,2025-12-20 22:27:37.614489,view,Business Bay,1312283
335,735,2025-12-01 22:27:32.122325,view,Business Bay,1112181
335,585,2025-12-05 22:27:32.265182,contact_agent,JVC,838540
335,556,2025-12-05 22:27:34.647560,view,Business Bay,785622
335,186,2025-12-06 22:27:36.605705,view,Business Bay,588668
335,941,2025-12-08 22:27:35.195138,view,JVC,1047219
335,741,2025-12-08 22:27:35.274920,view,JVC,781854
335,429,2025-12-09 22:27:37.057747,view,Business Bay,1135719
335,222,2025-12-11 22:27:35.258429,contact_agent,Business Bay,1249971
335,678,2025-12-11 22:27:37.120546,view,JVC,1056718
335,451,2025-12-11 22:27:37.914560,view,Business Bay,1188152
335,282,2025-12-12 22:27:37.476660,view,JVC,661445
335,982,2025-12-14 22:27:37.341247,view,Business Bay,1237090
335,78,2025-12-15 22:27:34.726781,view,JVC,794746
335,545,2025-12-16 22:27:34.332736,view,JVC,1460652
335,186,2025-12-20 22:27:35.021784,view,Business Bay,588668
335,42,2025-12-23 22:27:37.372983,view,JVC,1032726
336,957,2025-11-28 22:27:36.293332,view,Business Bay,1243088
336,529,2025-12-01 22:27:32.619744,view,Palm Jumeirah,1314422
336,4,2025-12-02 22:27:37.422735,view,JVC,1774634
336,906,2025-12-04 22:27:35.945263,contact_agent,Business Bay,519477
336,775,2025-12-05 22:27:33.359702,shortlist,Palm Jumeirah,1142762
336,686,2025-12-07 22:27:32.892157,view,Marina,624932
336,668,2025-12-10 22:27:35.195138,view,Marina,808617
336,254,2025-12-10 22:27:35.897847,view,JVC,1701838
336,503,2025-12-10 22:27:37.073407,view,Marina,1062621
336,102,2025-12-13 22:27:33.892633,view,Marina,975595
336,334,2025-12-14 22:27:36.353997,view,JVC,1328791
336,792,2025-12-16 22:27:36.810172,view,Marina,691387
336,788,2025-12-17 22:27:34.442915,view,Downtown Dubai,1425779
336,970,2025-12-18 22:27:32.062391,view,Palm Jumeirah,1579525
336,849,2025-12-21 22:27:32.653130,view,Palm Jumeirah,578077
336,886,2025-12-26 22:27:32.986864,view,JVC,1192924
336,495,2025-12-26 22:27:34.411577,view,Business Bay,1154224
337,848,2025-11-29 22:27:33.034256,view,JVC,1945065
337,526,2025-11-29 22:27:35.195138,view,JVC,1078526
337,232,2025-11-29 22:27:36.931724,view,JVC,1685111
337,768,2025-11-30 22:27:36.009292,view,JVC,1206673
337,916,2025-11-30 22:27:37.725098,contact_agent,JVC,631184
337,280,2025-12-03 22:27:32.626522,view,Downtown Dubai,970529
337,735,2025-12-04 22:27:36.931724,view,Business Bay,1112181
337,71,2025-12-05 22:27:36.810172,view,Downtown Dubai,1724744
337,67,2025-12-05 22:27:37.944692,view,Palm Jumeirah,1356047
337,128,2025-12-07 22:27:32.609736,view,Palm Jumeirah,1015693
337,419,2025-12-08 22:27:34.301091,view,Downtown Dubai,1662189
337,646,2025-12-09 22:27:36.916072,view,Marina,1028714
337,287,2025-12-12 22:27:35.147694,view,Palm Jumeirah,1010370
337,730,2025-12-13 22:27:34.019313,view,Palm Jumeirah,1949991
337,978,2025-12-16 22:27:32.397206,shortlist,Downtown Dubai,789134
337,56,2025-12-18 22:27:36.574102,view,Palm Jumeirah,1527557
337,448,2025-12-20 22:27:33.548940,view,Palm Jumeirah,1978768
337,680,2025-12-20 22:27:35.523435,view,Downtown Dubai,852414
337,453,2025-12-21 22:27:35.728604,shortlist,Marina,1538336
337,750,2025-12-22 22:27:32.122325,view,Palm Jumeirah,1894316
337,986,2025-12-22 22:27:36.874409,view,Marina,1277567
337,42,2025-12-24 22:27:35.084845,shortlist,JVC,1032726
337,631,2025-12-26 22:27:35.069159,view,Downtown Dubai,923332
337,599,2025-12-27 22:27:37.262377,view,Downtown Dubai,664074
338,386,2025-11-28 22:27:32.503471,view,Business Bay,1102276
338,658,2025-11-29 22:27:32.229935,view,Business Bay,642980
338,42,2025-11-30 22:27:35.242661,view,JVC,1032726
338,678,2025-12-01 22:27:34.114079,view,JVC,1056718
338,701,2025-12-01 22:27:35.555661,view,Business Bay,1484156
338,556,2025-12-03 22:27:37.309782,view,Business Bay,785622
338,99,2025-12-05 22:27:36.898310,view,Business Bay,943316
338,177,2025-12-07 22:27:33.234147,view,Business Bay,1255111
338,42,2025-12-08 22:27:36.715861,view,JVC,1032726
338,319,2025-12-09 22:27:33.735638,view,Business Bay,1307744
338,982,2025-12-09 22:27:36.899338,view,Business Bay,1237090
338,338,2025-12-10 22:27:31.919915,view,JVC,876794
338,922,2025-12-10 22:27:33.187991,view,JVC,1353392
338,828,2025-12-10 22:27:36.416141,view,Business Bay,708859
338,617,2025-12-12 22:27:37.388784,view,Business Bay,1207173
338,634,2025-12-13 22:27:32.521225,view,JVC,529336
338,801,2025-12-14 22:27:31.806921,view,Business Bay,1186268
338,982,2025-12-14 22:27:32.844287,view,Business Bay,1237090
338,137,2025-12-19 22:27:32.986864,view,JVC,773146
338,45,2025-12-19 22:27:35.242661,view,JVC,739968
338,632,2025-12-19 22:27:36.009292,view,Business Bay,792575
338,634,2025-12-19 22:27:36.214007,view,JVC,529336
338,343,2025-12-27 22:27:35.571323,view,JVC,1282877
339,615,2025-12-01 22:27:36.182615,view,JVC,1237954
339,675,2025-12-03 22:27:32.015066,view,Business Bay,1797819
339,145,2025-12-04 22:27:33.218442,view,Palm Jumeirah,577175
339,240,2025-12-05 22:27:32.578230,view,Business Bay,692512
339,839,2025-12-11 22:27:31.967677,view,Palm Jumeirah,727189
339,70,2025-12-11 22:27:37.614489,view,Business Bay,1345474
339,282,2025-12-13 22:27:36.901425,view,JVC,661445
339,655,2025-12-14 22:27:32.217923,view,Palm Jumeirah,1262371
339,916,2025-12-14 22:27:37.408783,view,JVC,631184
339,148,2025-12-20 22:27:34.864304,view,Downtown Dubai,1857453
339,319,2025-12-21 22:27:37.526678,view,Business Bay,1307744
340,939,2025-11-28 22:27:33.467903,shortlist,Downtown Dubai,983455
340,254,2025-12-03 22:27:33.187991,view,JVC,1701838
340,414,2025-12-09 22:27:32.797257,view,Palm Jumeirah,1730746
340,378,2025-12-09 22:27:34.192729,view,Palm Jumeirah,1062060
340,354,2025-12-10 22:27:33.485903,shortlist,Business Bay,667647
340,966,2025-12-10 22:27:37.388784,contact_agent,Downtown Dubai,1898949
340,429,2025-12-10 22:27:37.709313,view,Business Bay,1135719
340,46,2025-12-10 22:27:37.867422,contact_agent,JVC,788963
340,309,2025-12-11 22:27:35.350476,view,Palm Jumeirah,837913
340,328,2025-12-11 22:27:36.684542,view,Marina,1727146
340,351,2025-12-15 22:27:36.526439,view,Palm Jumeirah,1350350
340,644,2025-12-16 22:27:35.460757,view,JVC,1176296
340,875,2025-12-17 22:27:33.767085,view,Downtown Dubai,837369
340,916,2025-12-18 22:27:33.564660,view,JVC,631184
340,545,2025-12-18 22:27:36.416141,view,JVC,1460652
340,468,2025-12-21 22:27:33.987977,view,Downtown Dubai,1797991
340,695,2025-12-22 22:27:36.963350,view,JVC,1895285
340,795,2025-12-24 22:27:36.341364,view,JVC,1874073
340,631,2025-12-25 22:27:34.679502,view,Downtown Dubai,923332
340,392,2025-12-27 22:27:36.229728,view,JVC,739779
341,162,2025-11-29 22:27:34.711013,view,Marina,785711
341,78,2025-12-03 22:27:31.919915,view,JVC,794746
341,879,2025-12-04 22:27:32.280934,shortlist,Marina,796063
341,834,2025-12-07 22:27:32.670306,view,Marina,1344081
341,309,2025-12-08 22:27:32.078176,view,Palm Jumeirah,837913
341,990,2025-12-10 22:27:37.458011,shortlist,Downtown Dubai,551707
341,70,2025-12-11 22:27:37.835300,view,Business Bay,1345474
341,392,2025-12-14 22:27:33.829898,view,JVC,739779
341,130,2025-12-14 22:27:34.208482,view,JVC,739017
341,608,2025-12-16 22:27:36.277680,view,JVC,1605710
341,791,2025-12-17 22:27:36.621360,view,Palm Jumeirah,725391
341,973,2025-12-17 22:27:37.614489,view,Downtown Dubai,1660117
341,425,2025-12-21 22:27:37.883158,view,Marina,625438
341,309,2025-12-23 22:27:31.935927,view,Palm Jumeirah,837913
341,45,2025-12-23 22:27:32.986864,shortlist,JVC,739968
341,632,2025-12-24 22:27:35.163349,view,Business Bay,792575
342,362,2025-12-03 22:27:37.357047,view,Marina,1286261
342,523,2025-12-04 22:27:32.015066,view,Downtown Dubai,769160
342,957,2025-12-05 22:27:36.790640,view,Business Bay,1243088
342,801,2025-12-05 22:27:37.246480,view,Business Bay,1186268
342,982,2025-12-06 22:27:32.271187,view,Business Bay,1237090
342,658,2025-12-06 22:27:32.554732,view,Business Bay,642980
342,730,2025-12-06 22:27:32.765914,view,Palm Jumeirah,1949991
342,148,2025-12-07 22:27:34.817087,view,Downtown Dubai,1857453
342,902,2025-12-11 22:27:33.533259,view,Downtown Dubai,625355
342,199,2025-12-12 22:27:36.979040,view,Marina,1534586
342,886,2025-12-16 22:27:32.844287,view,JVC,1192924
342,86,2025-12-16 22:27:34.145735,view,Marina,1653224
342,98,2025-12-17 22:27:37.183700,view,JVC,1127220
342,4,2025-12-18 22:27:34.711013,view,JVC,1774634
342,42,2025-12-20 22:27:36.574102,view,JVC,1032726
342,394,2025-12-20 22:27:37.567539,view,Marina,1288140
342,648,2025-12-21 22:27:35.587005,view,Marina,1052439
342,177,2025-12-22 22:27:36.166955,view,Business Bay,1255111
342,98,2025-12-24 22:27:33.281284,view,JVC,1127220
342,795,2025-12-24 22:27:35.977057,shortlist,JVC,1874073
342,603,2025-12-24 22:27:37.740841,view,Downtown Dubai,1290645
342,459,2025-12-25 22:27:35.850785,view,Marina,1437635
342,461,2025-12-26 22:27:34.301091,view,Palm Jumeirah,1886689
342,36,2025-12-27 22:27:36.024976,view,Downtown Dubai,1916207
343,592,2025-12-02 22:27:34.208482,view,Business Bay,1858097
343,771,2025-12-02 22:27:37.407756,view,Downtown Dubai,1661068
343,581,2025-12-02 22:27:37.803964,view,Downtown Dubai,791464
343,526,2025-12-04 22:27:33.751414,view,JVC,1078526
343,727,2025-12-04 22:27:34.269269,view,JVC,1598657
343,811,2025-12-08 22:27:34.753382,view,Marina,637686
343,985,2025-12-09 22:27:31.755192,view,Marina,1552425
343,677,2025-12-11 22:27:31.935927,view,Downtown Dubai,1098506
343,309,2025-12-14 22:27:36.810172,view,Palm Jumeirah,837913
343,785,2025-12-15 22:27:37.026214,view,Business Bay,1128889
343,703,2025-12-16 22:27:36.810172,view,Marina,1363659
343,545,2025-12-17 22:27:34.442915,view,JVC,1460652
343,670,2025-12-17 22:27:36.261867,view,JVC,1244748
343,769,2025-12-18 22:27:36.916072,view,JVC,1301849
343,7,2025-12-19 22:27:33.391650,view,Business Bay,622775
343,732,2025-12-21 22:27:36.324648,view,Marina,924528
343,445,2025-12-22 22:27:34.801395,view,Palm Jumeirah,1838530
343,328,2025-12-23 22:27:31.828738,contact_agent,Marina,1727146
343,701,2025-12-24 22:27:36.526439,view,Business Bay,1484156
343,157,2025-12-26 22:27:34.145735,view,Palm Jumeirah,1825569
344,451,2025-11-28 22:27:32.907836,view,Business Bay,1188152
344,735,2025-11-29 22:27:37.693311,view,Business Bay,1112181
344,286,2025-12-01 22:27:32.302692,view,Business Bay,1184029
344,526,2025-12-02 22:27:31.856924,view,JVC,1078526
344,855,2025-12-02 22:27:37.447068,view,JVC,1101891
344,914,2025-12-03 22:27:35.665778,view,Business Bay,1323759
344,670,2025-12-09 22:27:32.876025,view,JVC,1244748
344,886,2025-12-11 22:27:35.350476,view,JVC,1192924
344,334,2025-12-13 22:27:35.429279,view,JVC,1328791
344,886,2025-12-13 22:27:36.653111,view,JVC,1192924
344,197,2025-12-14 22:27:34.663539,view,Business Bay,862455
344,46,2025-12-15 22:27:33.124770,view,JVC,788963
344,914,2025-12-18 22:27:34.114079,view,Business Bay,1323759
344,817,2025-12-18 22:27:37.661947,view,Business Bay,549976
344,551,2025-12-20 22:27:35.037839,view,JVC,1255612
344,277,2025-12-21 22:27:31.806921,view,Business Bay,606022
344,78,2025-12-21 22:27:33.501559,view,JVC,794746
344,98,2025-12-21 22:27:36.463705,view,JVC,1127220
344,667,2025-12-26 22:27:34.177072,view,JVC,1264265
344,123,2025-12-27 22:27:35.945263,contact_agent,JVC,963001
344,556,2025-12-27 22:27:37.693311,view,Business Bay,785622
345,161,2025-11-28 22:27:34.726781,view,Business Bay,4125654
345,53,2025-11-29 22:27:31.951629,view,JVC,4378363
345,317,2025-12-01 22:27:37.709313,view,Business Bay,4115652
345,316,2025-12-06 22:27:31.888534,view,Downtown Dubai,4127447
345,304,2025-12-07 22:27:35.681524,view,Downtown Dubai,3161198
345,175,2025-12-08 22:27:34.743408,view,Downtown Dubai,3705599
345,907,2025-12-08 22:27:37.073407,view,Marina,4056210
345,97,2025-12-09 22:27:35.882131,view,JVC,4807086
345,264,2025-12-10 22:27:31.872672,view,Downtown Dubai,3485696
345,302,2025-12-12 22:27:37.598447,view,Downtown Dubai,4385250
345,952,2025-12-13 22:27:32.094821,view,Business Bay,3969992
345,713,2025-12-14 22:27:31.904226,view,Marina,3414863
345,620,2025-12-14 22:27:32.448467,view,Business Bay,3480248
345,24,2025-12-14 22:27:35.226970,view,Marina,4124064
345,457,2025-12-15 22:27:33.328368,view,JVC,3031528
345,944,2025-12-15 22:27:35.897847,view,Business Bay,4487793
345,513,2025-12-18 22:27:35.728604,view,Palm Jumeirah,3888445
345,540,2025-12-21 22:27:32.330193,contact_agent,Marina,4202418
345,935,2025-12-21 22:27:33.659495,view,Business Bay,4254542
345,266,2025-12-25 22:27:37.104894,view,Palm Jumeirah,3801106
346,934,2025-11-28 22:27:33.767085,view,Marina,1888509
346,785,2025-11-29 22:27:33.439002,view,Business Bay,1128889
346,362,2025-11-30 22:27:34.380201,view,Marina,1286261
346,678,2025-12-01 22:27:35.366371,view,JVC,1056718
346,42,2025-12-01 22:27:35.835614,view,JVC,1032726
346,954,2025-12-01 22:27:37.089117,view,Downtown Dubai,1152755
346,292,2025-12-03 22:27:35.697261,view,Palm Jumeirah,708944
346,232,2025-12-04 22:27:33.002524,contact_agent,JVC,1685111
346,841,2025-12-06 22:27:32.210177,view,Marina,1968919
346,216,2025-12-08 22:27:35.179400,view,Palm Jumeirah,1369807
346,150,2025-12-12 22:27:33.049967,view,Palm Jumeirah,595028
346,174,2025-12-12 22:27:37.883158,view,Palm Jumeirah,812023
346,834,2025-12-13 22:27:33.564660,view,Marina,1344081
346,738,2025-12-14 22:27:32.876025,view,JVC,639227
346,900,2025-12-15 22:27:34.003657,view,Palm Jumeirah,1342840
346,319,2025-12-21 22:27:37.057747,view,Business Bay,1307744
346,113,2025-12-25 22:27:34.663539,view,Palm Jumeirah,1309178
347,437,2025-11-28 22:27:32.717827,view,JVC,1706751
347,503,2025-11-29 22:27:34.332736,view,Marina,1062621
347,29,2025-11-30 22:27:37.042084,view,Downtown Dubai,779215
347,419,2025-12-01 22:27:32.322447,view,Downtown Dubai,1662189
347,920,2025-12-01 22:27:34.097995,view,Palm Jumeirah,1084010
347,445,2025-12-03 22:27:32.702049,view,Palm Jumeirah,1838530
347,667,2025-12-03 22:27:36.009292,view,JVC,1264265
347,834,2025-12-07 22:27:33.829898,view,Marina,1344081
347,516,2025-12-07 22:27:36.731523,view,Business Bay,1779180
347,527,2025-12-09 22:27:35.413489,view,Downtown Dubai,1337393
347,990,2025-12-11 22:27:33.751414,view,Downtown Dubai,551707
347,4,2025-12-12 22:27:32.420704,view,JVC,1774634
347,735,2025-12-14 22:27:36.668888,view,Business Bay,1112181
347,693,2025-12-15 22:27:32.892157,view,Palm Jumeirah,789220
347,854,2025-12-16 22:27:32.562477,view,Business Bay,1420114
347,879,2025-12-17 22:27:34.427263,view,Marina,796063
347,356,2025-12-17 22:27:37.026214,view,Marina,935477
347,640,2025-12-18 22:27:34.145735,view,Business Bay,1947947
347,350,2025-12-18 22:27:34.647560,shortlist,Marina,1836092
347,749,2025-12-18 22:27:36.916072,view,Marina,979083
347,134,2025-12-25 22:27:32.434716,view,JVC,1576941
347,527,2025-12-26 22:27:35.945263,view,Downtown Dubai,1337393
347,419,2025-12-27 22:27:32.923922,view,Downtown Dubai,1662189
347,297,2025-12-27 22:27:37.341247,view,Marina,1697162
348,130,2025-11-28 22:27:34.177072,view,JVC,739017
348,301,2025-12-01 22:27:36.621360,contact_agent,JVC,1173218
348,914,2025-12-03 22:27:34.990265,view,Business Bay,1323759
348,137,2025-12-03 22:27:36.947409,view,JVC,773146
348,334,2025-12-04 22:27:33.296938,view,JVC,1328791
348,368,2025-12-08 22:27:34.521303,shortlist,Business Bay,626060
348,70,2025-12-09 22:27:32.892157,view,Business Bay,1345474
348,634,2025-12-09 22:27:33.716636,view,JVC,529336
348,585,2025-12-10 22:27:33.485903,view,JVC,838540
348,9,2025-12-10 22:27:37.512594,view,JVC,914600
348,177,2025-12-12 22:27:32.876025,view,Business Bay,1255111
348,632,2025-12-13 22:27:37.230825,view,Business Bay,792575
348,768,2025-12-14 22:27:34.663539,view,JVC,1206673
348,354,2025-12-15 22:27:34.568462,view,Business Bay,667647
348,701,2025-12-16 22:27:34.616250,view,Business Bay,1484156
348,301,2025-12-16 22:27:35.665778,view,JVC,1173218
348,941,2025-12-16 22:27:37.388784,view,JVC,1047219
348,130,2025-12-18 22:27:37.431915,view,JVC,739017
348,651,2025-12-19 22:27:35.179400,view,JVC,1278883
348,670,2025-12-22 22:27:35.274920,view,JVC,1244748
348,99,2025-12-24 22:27:34.066676,view,Business Bay,943316
348,530,2025-12-25 22:27:32.970954,view,Business Bay,1234983
348,45,2025-12-25 22:27:33.720913,view,JVC,739968
348,670,2025-12-26 22:27:31.935927,view,JVC,1244748
348,632,2025-12-26 22:27:35.539550,view,Business Bay,792575
348,886,2025-12-26 22:27:37.199358,view,JVC,1192924
349,615,2025-11-28 22:27:37.867422,contact_agent,JVC,1237954
349,919,2025-11-29 22:27:34.537135,view,Business Bay,745300
349,855,2025-11-29 22:27:35.961151,view,JVC,1101891
349,413,2025-11-29 22:27:37.401939,view,Business Bay,841207
349,741,2025-11-30 22:27:35.084845,view,JVC,781854
349,914,2025-12-02 22:27:35.634416,view,Business Bay,1323759
349,768,2025-12-08 22:27:35.882131,view,JVC,1206673
349,338,2025-12-09 22:27:32.255435,view,JVC,876794
349,634,2025-12-09 22:27:34.521303,view,JVC,529336
349,70,2025-12-09 22:27:34.521303,view,Business Bay,1345474
349,319,2025-12-09 22:27:36.781005,view,Business Bay,1307744
349,7,2025-12-10 22:27:36.979040,view,Business Bay,622775
349,338,2025-12-11 22:27:34.395899,view,JVC,876794
349,98,2025-12-12 22:27:37.120546,view,JVC,1127220
349,429,2025-12-14 22:27:37.464108,view,Business Bay,1135719
349,500,2025-12-16 22:27:32.566481,view,Business Bay,954418
349,320,2025-12-16 22:27:36.842168,view,JVC,1248736
349,927,2025-12-19 22:27:33.391650,view,Business Bay,1490029
349,434,2025-12-19 22:27:36.589762,view,JVC,681948
349,817,2025-12-22 22:27:34.161387,view,Business Bay,549976
349,319,2025-12-23 22:27:35.681524,view,Business Bay,1307744
349,627,2025-12-24 22:27:32.923922,view,JVC,1415113
349,186,2025-12-25 22:27:34.348710,view,Business Bay,588668
349,343,2025-12-26 22:27:34.066676,contact_agent,JVC,1282877
349,137,2025-12-26 22:27:35.760271,view,JVC,773146
349,338,2025-12-27 22:27:35.258429,view,JVC,876794
350,324,2025-11-30 22:27:32.324449,view,JVC,1288443
350,413,2025-12-02 22:27:34.145735,view,Business Bay,841207
350,123,2025-12-04 22:27:34.301091,view,JVC,963001
350,343,2025-12-08 22:27:33.099009,contact_agent,JVC,1282877
350,551,2025-12-08 22:27:33.767085,view,JVC,1255612
350,855,2025-12-08 22:27:33.908317,view,JVC,1101891
350,617,2025-12-08 22:27:37.199358,view,Business Bay,1207173
350,545,2025-12-09 22:27:33.296938,shortlist,JVC,1460652
350,197,2025-12-12 22:27:32.702049,view,Business Bay,862455
350,324,2025-12-20 22:27:33.501559,shortlist,JVC,1288443
350,338,2025-12-22 22:27:33.202628,view,JVC,876794
350,561,2025-12-23 22:27:32.275190,view,JVC,1167540
350,421,2025-12-23 22:27:35.603000,view,JVC,914299
350,982,2025-12-24 22:27:36.229728,view,Business Bay,1237090
350,132,2025-12-25 22:27:35.005977,view,Business Bay,1441768
350,495,2025-12-27 22:27:32.568482,view,Business Bay,1154224
351,197,2025-12-03 22:27:37.372983,view,Business Bay,862455
351,768,2025-12-06 22:27:37.942637,view,JVC,1206673
351,240,2025-12-07 22:27:36.979040,view,Business Bay,692512
351,632,2025-12-18 22:27:34.208482,view,Business Bay,792575
351,914,2025-12-24 22:27:31.904226,view,Business Bay,1323759
351,967,2025-12-24 22:27:37.772602,view,JVC,1022154
351,526,2025-12-26 22:27:32.781570,view,JVC,1078526
352,324,2025-11-28 22:27:36.182615,view,JVC,1288443
352,983,2025-11-29 22:27:32.876025,contact_agent,Business Bay,1414565
352,594,2025-11-29 22:27:37.278440,view,Downtown Dubai,1794315
352,723,2025-12-01 22:27:36.072321,view,Palm Jumeirah,1969793
352,792,2025-12-01 22:27:36.198305,view,Marina,691387
352,615,2025-12-01 22:27:37.899051,view,JVC,1237954
352,556,2025-12-04 22:27:36.947409,view,Business Bay,785622
352,277,2025-12-09 22:27:31.806921,view,Business Bay,606022
352,195,2025-12-12 22:27:36.324648,view,Marina,770914
352,969,2025-12-15 22:27:34.801395,view,Marina,1511930
352,280,2025-12-20 22:27:32.383455,view,Downtown Dubai,970529
352,658,2025-12-20 22:27:35.258429,view,Business Bay,642980
352,650,2025-12-21 22:27:35.302649,view,Marina,773452
352,135,2025-12-22 22:27:32.828631,view,JVC,965982
352,999,2025-12-23 22:27:33.296938,view,Marina,1278799
352,523,2025-12-23 22:27:36.558079,view,Downtown Dubai,769160
352,138,2025-12-23 22:27:36.842168,view,Downtown Dubai,1664795
352,934,2025-12-25 22:27:37.341247,view,Marina,1888509
352,476,2025-12-26 22:27:33.940169,view,Palm Jumeirah,963937
353,856,2025-11-28 22:27:34.285406,view,Palm Jumeirah,4029921
353,194,2025-11-28 22:27:36.340533,view,Business Bay,3545915
353,736,2025-11-29 22:27:32.212179,view,Palm Jumeirah,4145525
353,552,2025-12-01 22:27:32.582233,view,Palm Jumeirah,4494528
353,980,2025-12-03 22:27:35.945263,view,Business Bay,4824660
353,101,2025-12-03 22:27:36.229728,view,Downtown Dubai,3956653
353,710,2025-12-05 22:27:32.733847,view,JVC,4411147
353,175,2025-12-06 22:27:32.424708,view,Downtown Dubai,3705599
353,612,2025-12-06 22:27:33.735638,view,Palm Jumeirah,4418949
353,457,2025-12-06 22:27:34.631909,view,JVC,3031528
353,269,2025-12-09 22:27:37.215116,shortlist,JVC,3093726
353,337,2025-12-09 22:27:37.614489,view,Business Bay,4895564
353,555,2025-12-10 22:27:34.743408,contact_agent,Marina,3644311
353,818,2025-12-10 22:27:35.571323,view,Downtown Dubai,3022620
353,112,2025-12-10 22:27:36.558079,view,Palm Jumeirah,3980826
353,635,2025-12-10 22:27:37.183700,view,Downtown Dubai,3701078
353,347,2025-12-13 22:27:35.571323,view,Palm Jumeirah,3580977
353,766,2025-12-14 22:27:34.161387,view,Palm Jumeirah,4800915
353,333,2025-12-14 22:27:36.931724,view,Downtown Dubai,3825315
353,535,2025-12-18 22:27:32.239683,view,Marina,3438687
353,194,2025-12-23 22:27:36.963350,view,Business Bay,3545915
353,483,2025-12-24 22:27:34.880092,view,Business Bay,3232481
353,266,2025-12-24 22:27:34.958835,view,Palm Jumeirah,3801106
353,256,2025-12-25 22:27:36.040977,view,Business Bay,4979825
353,258,2025-12-26 22:27:32.892157,view,JVC,4908285
353,707,2025-12-26 22:27:36.542092,view,Downtown Dubai,4110954
353,44,2025-12-26 22:27:37.262377,view,Palm Jumeirah,4317242
354,998,2025-11-29 22:27:33.643839,view,Marina,1389493
354,738,2025-11-30 22:27:32.015066,view,JVC,639227
354,762,2025-12-01 22:27:34.695292,view,Palm Jumeirah,1175673
354,394,2025-12-01 22:27:37.567539,view,Marina,1288140
354,9,2025-12-02 22:27:35.913508,view,JVC,914600
354,70,2025-12-04 22:27:31.806921,view,Business Bay,1345474
354,508,2025-12-04 22:27:32.955285,view,JVC,1711569
354,788,2025-12-04 22:27:33.218442,shortlist,Downtown Dubai,1425779
354,167,2025-12-04 22:27:37.010531,view,Palm Jumeirah,922381
354,399,2025-12-05 22:27:33.249970,view,Downtown Dubai,1090381
354,970,2025-12-06 22:27:37.772602,view,Palm Jumeirah,1579525
354,148,2025-12-08 22:27:37.661947,view,Downtown Dubai,1857453
354,474,2025-12-10 22:27:35.382062,view,JVC,659292
354,693,2025-12-10 22:27:35.993182,view,Palm Jumeirah,789220
354,795,2025-12-11 22:27:33.391650,contact_agent,JVC,1874073
354,830,2025-12-12 22:27:34.762652,view,Business Bay,545475
354,439,2025-12-14 22:27:32.324449,view,Palm Jumeirah,717770
354,59,2025-12-15 22:27:32.122325,view,Business Bay,1706123
354,899,2025-12-15 22:27:32.475969,view,Downtown Dubai,763625
354,670,2025-12-15 22:27:36.715861,view,JVC,1244748
354,421,2025-12-16 22:27:37.661947,view,JVC,914299
354,227,2025-12-17 22:27:34.332736,shortlist,Downtown Dubai,1842057
354,560,2025-12-26 22:27:37.042084,view,Marina,1896436
355,791,2025-12-01 22:27:37.426226,view,Palm Jumeirah,725391
355,102,2025-12-02 22:27:37.151904,view,Marina,975595
355,186,2025-12-03 22:27:36.826108,shortlist,Business Bay,588668
355,853,2025-12-03 22:27:37.661947,view,Marina,1284192
355,801,2025-12-08 22:27:34.726781,view,Business Bay,1186268
355,795,2025-12-11 22:27:36.479360,view,JVC,1874073
355,675,2025-12-12 22:27:33.829898,view,Business Bay,1797819
355,468,2025-12-14 22:27:33.065626,view,Downtown Dubai,1797991
355,998,2025-12-15 22:27:35.021784,view,Marina,1389493
355,921,2025-12-19 22:27:32.227934,view,Downtown Dubai,592036
355,585,2025-12-19 22:27:33.720913,view,JVC,838540
355,42,2025-12-21 22:27:35.334447,contact_agent,JVC,1032726
355,775,2025-12-21 22:27:37.357047,view,Palm Jumeirah,1142762
355,795,2025-12-22 22:27:36.463705,view,JVC,1874073
355,287,2025-12-25 22:27:33.782751,shortlist,Palm Jumeirah,1010370
355,412,2025-12-25 22:27:36.166955,contact_agent,Palm Jumeirah,1409245
355,45,2025-12-26 22:27:34.003657,view,JVC,739968
355,939,2025-12-27 22:27:33.593095,view,Downtown Dubai,983455
355,137,2025-12-27 22:27:35.866469,view,JVC,773146
356,680,2025-11-29 22:27:34.943153,contact_agent,Downtown Dubai,852414
356,586,2025-12-01 22:27:32.160920,view,Downtown Dubai,1001590
356,633,2025-12-03 22:27:36.400390,view,Palm Jumeirah,1959700
356,928,2025-12-06 22:27:36.510741,shortlist,Marina,654692
356,808,2025-12-08 22:27:34.301091,view,Palm Jumeirah,647745
356,480,2025-12-10 22:27:31.935927,view,Palm Jumeirah,687771
356,560,2025-12-10 22:27:33.202628,view,Marina,1896436
356,619,2025-12-10 22:27:34.395899,shortlist,Marina,1561404
356,303,2025-12-12 22:27:35.961151,view,Downtown Dubai,1103291
356,362,2025-12-13 22:27:35.382062,view,Marina,1286261
356,103,2025-12-13 22:27:37.089117,shortlist,Downtown Dubai,1965744
356,896,2025-12-14 22:27:35.302649,view,Marina,1208175
356,611,2025-12-14 22:27:36.771163,view,Downtown Dubai,1306564
356,378,2025-12-15 22:27:31.888534,view,Palm Jumeirah,1062060
356,693,2025-12-17 22:27:32.227934,contact_agent,Palm Jumeirah,789220
356,699,2025-12-17 22:27:35.413489,view,Business Bay,1906978
356,594,2025-12-17 22:27:36.432216,shortlist,Downtown Dubai,1794315
356,773,2025-12-17 22:27:36.731523,view,JVC,1253494
356,529,2025-12-21 22:27:36.605705,view,Palm Jumeirah,1314422
356,459,2025-12-27 22:27:35.226970,contact_agent,Marina,1437635
357,526,2025-11-28 22:27:36.119817,view,JVC,1078526
357,627,2025-12-01 22:27:37.788279,view,JVC,1415113
357,472,2025-12-05 22:27:35.634416,view,JVC,718401
357,319,2025-12-06 22:27:36.947409,view,Business Bay,1307744
357,495,2025-12-07 22:27:32.560737,view,Business Bay,1154224
357,854,2025-12-07 22:27:37.372983,view,Business Bay,1420114
357,495,2025-12-08 22:27:34.301091,view,Business Bay,1154224
357,392,2025-12-09 22:27:37.167880,view,JVC,739779
357,451,2025-12-09 22:27:37.478660,view,Business Bay,1188152
357,545,2025-12-12 22:27:32.245688,contact_agent,JVC,1460652
357,667,2025-12-12 22:27:33.328368,view,JVC,1264265
357,429,2025-12-13 22:27:37.010531,view,Business Bay,1135719
357,99,2025-12-14 22:27:35.603000,shortlist,Business Bay,943316
357,678,2025-12-17 22:27:31.854857,view,JVC,1056718
357,319,2025-12-18 22:27:32.383455,view,Business Bay,1307744
357,906,2025-12-18 22:27:32.670306,view,Business Bay,519477
357,906,2025-12-20 22:27:33.595096,view,Business Bay,519477
357,957,2025-12-21 22:27:37.010531,view,Business Bay,1243088
357,627,2025-12-23 22:27:36.341364,view,JVC,1415113
357,585,2025-12-24 22:27:37.183700,view,JVC,838540
357,957,2025-12-26 22:27:31.856924,view,Business Bay,1243088
357,354,2025-12-26 22:27:33.234147,view,Business Bay,667647
357,495,2025-12-26 22:27:34.161387,view,Business Bay,1154224
358,171,2025-11-30 22:27:35.634416,contact_agent,Marina,901067
358,846,2025-12-01 22:27:32.970954,view,Business Bay,1920858
358,862,2025-12-02 22:27:32.078176,view,Business Bay,1037977
358,131,2025-12-05 22:27:34.990265,view,Marina,914994
358,776,2025-12-08 22:27:34.348710,view,Downtown Dubai,1267876
358,709,2025-12-08 22:27:35.350476,view,Palm Jumeirah,1656618
358,186,2025-12-10 22:27:33.691849,view,Business Bay,588668
358,102,2025-12-11 22:27:33.130513,view,Marina,975595
358,762,2025-12-12 22:27:34.832773,view,Palm Jumeirah,1175673
358,966,2025-12-13 22:27:32.204172,view,Downtown Dubai,1898949
358,795,2025-12-13 22:27:33.473906,view,JVC,1874073
358,874,2025-12-13 22:27:36.166955,view,Marina,1208672
358,19,2025-12-13 22:27:37.199358,shortlist,Palm Jumeirah,1324143
358,419,2025-12-17 22:27:33.501559,view,Downtown Dubai,1662189
358,488,2025-12-17 22:27:34.264703,view,Downtown Dubai,1013313
358,808,2025-12-19 22:27:37.598447,view,Palm Jumeirah,647745
358,551,2025-12-22 22:27:35.037839,view,JVC,1255612
358,803,2025-12-22 22:27:36.510741,contact_agent,JVC,1611009
358,213,2025-12-23 22:27:33.591093,view,Business Bay,1853324
358,14,2025-12-24 22:27:33.751414,shortlist,JVC,1948763
358,378,2025-12-24 22:27:34.631909,view,Palm Jumeirah,1062060
359,902,2025-11-29 22:27:34.817087,view,Downtown Dubai,625355
359,368,2025-11-29 22:27:37.151904,view,Business Bay,626060
359,381,2025-12-02 22:27:36.261867,view,Palm Jumeirah,1692931
359,452,2025-12-03 22:27:34.129738,shortlist,Downtown Dubai,902980
359,338,2025-12-08 22:27:35.587005,view,JVC,876794
359,750,2025-12-09 22:27:37.899051,view,Palm Jumeirah,1894316
359,708,2025-12-13 22:27:35.195138,view,Downtown Dubai,1247852
359,834,2025-12-14 22:27:35.053501,view,Marina,1344081
359,893,2025-12-16 22:27:36.009292,view,Marina,1533668
359,587,2025-12-17 22:27:33.501559,view,Marina,1918412
359,213,2025-12-18 22:27:34.758523,view,Business Bay,1853324
359,583,2025-12-19 22:27:34.726781,view,Palm Jumeirah,618581
359,399,2025-12-21 22:27:34.943153,contact_agent,Downtown Dubai,1090381
359,705,2025-12-22 22:27:33.018245,view,Business Bay,1703920
359,879,2025-12-24 22:27:35.132012,view,Marina,796063
359,174,2025-12-27 22:27:37.756564,view,Palm Jumeirah,812023
360,905,2025-12-02 22:27:33.034256,view,Palm Jumeirah,1875607
360,998,2025-12-02 22:27:34.380201,shortlist,Marina,1389493
360,29,2025-12-02 22:27:37.151904,view,Downtown Dubai,779215
360,643,2025-12-05 22:27:31.855892,view,Downtown Dubai,1998339
360,957,2025-12-06 22:27:34.332736,view,Business Bay,1243088
360,776,2025-12-06 22:27:35.005977,view,Downtown Dubai,1267876
360,319,2025-12-06 22:27:36.931724,view,Business Bay,1307744
360,382,2025-12-10 22:27:33.719738,view,Downtown Dubai,1371522
360,585,2025-12-10 22:27:33.924257,view,JVC,838540
360,408,2025-12-10 22:27:34.537135,view,Marina,1916953
360,59,2025-12-10 22:27:35.850785,view,Business Bay,1706123
360,137,2025-12-13 22:27:33.312669,view,JVC,773146
360,164,2025-12-13 22:27:33.328368,view,Marina,1075919
360,134,2025-12-13 22:27:33.407634,view,JVC,1576941
360,982,2025-12-13 22:27:37.278440,view,Business Bay,1237090
360,425,2025-12-17 22:27:32.812910,view,Marina,625438
360,969,2025-12-17 22:27:36.574102,view,Marina,1511930
360,102,2025-12-18 22:27:32.611737,view,Marina,975595
360,309,2025-12-18 22:27:33.018245,view,Palm Jumeirah,837913
360,853,2025-12-18 22:27:34.552797,view,Marina,1284192
360,418,2025-12-21 22:27:35.760271,view,JVC,1972178
360,50,2025-12-23 22:27:36.479360,view,Marina,1019165
360,250,2025-12-23 22:27:36.700206,view,Palm Jumeirah,1147341
360,646,2025-12-25 22:27:35.866469,view,Marina,1028714
360,319,2025-12-25 22:27:37.230825,view,Business Bay,1307744
360,738,2025-12-27 22:27:35.866469,view,JVC,639227
361,760,2025-11-30 22:27:35.242661,view,Palm Jumeirah,4820614
361,122,2025-11-30 22:27:36.400390,view,Palm Jumeirah,4833848
361,225,2025-12-01 22:27:35.258429,view,Downtown Dubai,4960276
361,184,2025-12-02 22:27:36.119817,view,Downtown Dubai,4674482
361,835,2025-12-03 22:27:34.726781,view,Downtown Dubai,4195727
361,842,2025-12-09 22:27:32.859951,view,Business Bay,3781941
361,663,2025-12-09 22:27:33.940169,view,Downtown Dubai,3815258
361,710,2025-12-11 22:27:34.895998,view,JVC,4411147
361,652,2025-12-11 22:27:35.523435,view,Downtown Dubai,4871047
361,859,2025-12-13 22:27:35.523435,view,Downtown Dubai,3844250
361,241,2025-12-13 22:27:36.810172,view,Downtown Dubai,4214379
361,107,2025-12-14 22:27:36.963350,view,Marina,4461676
361,202,2025-12-14 22:27:37.788279,view,Business Bay,3161637
361,33,2025-12-16 22:27:34.395899,view,JVC,4618893
361,161,2025-12-16 22:27:37.677650,view,Business Bay,4125654
361,513,2025-12-17 22:27:33.598604,view,Palm Jumeirah,3888445
361,63,2025-12-17 22:27:34.192729,view,Business Bay,4347125
361,82,2025-12-17 22:27:37.449068,view,Business Bay,4302177
361,120,2025-12-19 22:27:34.990265,view,Palm Jumeirah,3392371
361,891,2025-12-21 22:27:36.589762,view,Palm Jumeirah,4311666
361,47,2025-12-21 22:27:37.215116,view,JVC,3092536
361,700,2025-12-22 22:27:32.320445,view,Downtown Dubai,3421989
361,851,2025-12-22 22:27:33.296938,view,Downtown Dubai,4945818
361,521,2025-12-25 22:27:36.526439,view,Marina,3297921
361,724,2025-12-27 22:27:37.246480,view,Marina,4990512
362,158,2025-11-28 22:27:37.502067,view,JVC,1916828
362,338,2025-11-29 22:27:36.794383,view,JVC,876794
362,292,2025-11-29 22:27:37.262377,view,Palm Jumeirah,708944
362,775,2025-12-01 22:27:34.051015,view,Palm Jumeirah,1142762
362,526,2025-12-06 22:27:34.911693,view,JVC,1078526
362,455,2025-12-09 22:27:37.835300,view,Business Bay,1668932
362,434,2025-12-10 22:27:37.740841,view,JVC,681948
362,171,2025-12-11 22:27:37.535784,contact_agent,Marina,901067
362,69,2025-12-13 22:27:36.826108,view,Marina,1906368
362,221,2025-12-17 22:27:31.904226,view,Business Bay,1869277
362,103,2025-12-18 22:27:36.432216,view,Downtown Dubai,1965744
362,37,2025-12-21 22:27:33.034256,view,Palm Jumeirah,1078688
362,67,2025-12-24 22:27:32.357694,view,Palm Jumeirah,1356047
362,461,2025-12-24 22:27:34.769822,view,Palm Jumeirah,1886689
362,328,2025-12-27 22:27:33.218442,view,Marina,1727146
363,19,2025-12-01 22:27:33.065626,view,Palm Jumeirah,1324143
363,274,2025-12-02 22:27:33.548940,view,Palm Jumeirah,1361069
363,197,2025-12-02 22:27:34.332736,view,Business Bay,862455
363,487,2025-12-03 22:27:34.427263,view,Marina,1251518
363,3,2025-12-03 22:27:34.911693,view,Downtown Dubai,1450162
363,62,2025-12-05 22:27:35.945263,view,Marina,808449
363,150,2025-12-06 22:27:32.414961,view,Palm Jumeirah,595028
363,130,2025-12-12 22:27:35.539550,view,JVC,739017
363,668,2025-12-13 22:27:34.177072,view,Marina,808617
363,46,2025-12-14 22:27:32.685978,view,JVC,788963
363,102,2025-12-19 22:27:33.628134,view,Marina,975595
363,338,2025-12-20 22:27:32.844287,view,JVC,876794
363,803,2025-12-21 22:27:33.485903,view,JVC,1611009
363,745,2025-12-22 22:27:36.135475,view,Downtown Dubai,1985255
363,481,2025-12-23 22:27:32.251431,view,Palm Jumeirah,737199
363,618,2025-12-23 22:27:37.372983,view,Palm Jumeirah,1179447
363,438,2025-12-26 22:27:35.650122,view,Palm Jumeirah,1453692
363,617,2025-12-26 22:27:36.135475,view,Business Bay,1207173
363,351,2025-12-27 22:27:32.446465,view,Palm Jumeirah,1350350
363,674,2025-12-27 22:27:33.659495,view,Downtown Dubai,1234275
364,507,2025-11-29 22:27:36.072321,view,JVC,4313233
364,333,2025-12-05 22:27:34.769822,view,Downtown Dubai,3825315
364,755,2025-12-05 22:27:35.760271,view,Palm Jumeirah,3207184
364,308,2025-12-06 22:27:34.285406,view,JVC,3038143
364,859,2025-12-07 22:27:32.568482,view,Downtown Dubai,3844250
364,538,2025-12-07 22:27:32.876025,view,Marina,4189024
364,490,2025-12-09 22:27:33.814098,contact_agent,Palm Jumeirah,3714215
364,261,2025-12-10 22:27:35.810089,view,Downtown Dubai,3155982
364,522,2025-12-10 22:27:36.024976,view,Palm Jumeirah,4874142
364,964,2025-12-11 22:27:37.835300,view,Palm Jumeirah,3842103
364,81,2025-12-12 22:27:37.516080,view,Palm Jumeirah,4257985
364,478,2025-12-14 22:27:34.711013,view,Business Bay,3181206
364,907,2025-12-14 22:27:37.614489,view,Marina,4056210
364,24,2025-12-15 22:27:34.958835,view,Marina,4124064
364,746,2025-12-16 22:27:33.628134,view,Marina,4656004
364,832,2025-12-17 22:27:31.888534,view,Palm Jumeirah,3739254
364,929,2025-12-17 22:27:35.226970,view,JVC,4957335
364,142,2025-12-18 22:27:37.246480,view,Downtown Dubai,4070599
364,604,2025-12-20 22:27:34.743408,view,Downtown Dubai,3787093
364,388,2025-12-21 22:27:34.616250,view,Downtown Dubai,3104884
364,347,2025-12-21 22:27:34.880092,view,Palm Jumeirah,3580977
364,333,2025-12-21 22:27:36.040977,view,Downtown Dubai,3825315
364,160,2025-12-21 22:27:37.246480,view,Marina,3708823
364,575,2025-12-21 22:27:37.677650,view,Marina,3388939
364,295,2025-12-22 22:27:36.198305,contact_agent,Downtown Dubai,4701765
364,831,2025-12-22 22:27:36.621360,view,JVC,3803364
364,192,2025-12-22 22:27:37.851374,view,JVC,3270374
364,507,2025-12-23 22:27:33.643839,view,JVC,4313233
364,968,2025-12-23 22:27:37.136251,view,Marina,3968582
364,72,2025-12-25 22:27:36.994837,view,Business Bay,3847769
364,929,2025-12-26 22:27:33.375807,view,JVC,4957335
364,271,2025-12-26 22:27:37.528982,view,Business Bay,3042017
364,47,2025-12-27 22:27:35.820151,view,JVC,3092536
365,42,2025-11-29 22:27:34.442915,view,JVC,1032726
365,168,2025-12-01 22:27:32.320445,view,Palm Jumeirah,1476433
365,708,2025-12-03 22:27:34.943153,view,Downtown Dubai,1247852
365,921,2025-12-06 22:27:33.407634,view,Downtown Dubai,592036
365,633,2025-12-07 22:27:36.715861,view,Palm Jumeirah,1959700
365,334,2025-12-09 22:27:32.452210,view,JVC,1328791
365,727,2025-12-09 22:27:35.835614,view,JVC,1598657
365,437,2025-12-12 22:27:33.564660,view,JVC,1706751
365,727,2025-12-16 22:27:32.440460,view,JVC,1598657
365,960,2025-12-18 22:27:35.539550,view,Business Bay,1594409
365,687,2025-12-19 22:27:34.743408,view,Marina,768083
365,834,2025-12-21 22:27:36.088299,view,Marina,1344081
365,925,2025-12-22 22:27:34.616250,view,Downtown Dubai,1690456
365,723,2025-12-22 22:27:35.021784,view,Palm Jumeirah,1969793
365,803,2025-12-25 22:27:33.265626,view,JVC,1611009
365,643,2025-12-27 22:27:36.963350,view,Downtown Dubai,1998339
366,977,2025-11-29 22:27:34.129738,view,Palm Jumeirah,1781506
366,603,2025-11-29 22:27:35.429279,view,Downtown Dubai,1290645
366,792,2025-11-30 22:27:31.967677,view,Marina,691387
366,99,2025-11-30 22:27:33.034256,view,Business Bay,943316
366,523,2025-11-30 22:27:36.479360,view,Downtown Dubai,769160
366,925,2025-12-01 22:27:32.154915,view,Downtown Dubai,1690456
366,25,2025-12-04 22:27:34.848462,view,Downtown Dubai,1275158
366,556,2025-12-04 22:27:35.053501,shortlist,Business Bay,785622
366,928,2025-12-04 22:27:37.756564,view,Marina,654692
366,98,2025-12-05 22:27:31.850659,view,JVC,1127220
366,267,2025-12-05 22:27:33.517603,view,Palm Jumeirah,1872070
366,213,2025-12-05 22:27:35.850785,view,Business Bay,1853324
366,985,2025-12-05 22:27:36.024976,view,Marina,1552425
366,529,2025-12-08 22:27:34.301091,shortlist,Palm Jumeirah,1314422
366,970,2025-12-08 22:27:36.088299,contact_agent,Palm Jumeirah,1579525
366,927,2025-12-08 22:27:37.912558,view,Business Bay,1490029
366,560,2025-12-09 22:27:34.647560,view,Marina,1896436
366,9,2025-12-11 22:27:32.749764,view,JVC,914600
366,738,2025-12-12 22:27:37.851374,view,JVC,639227
366,762,2025-12-14 22:27:36.684542,view,Palm Jumeirah,1175673
366,711,2025-12-15 22:27:34.129738,view,Marina,1607810
366,950,2025-12-16 22:27:36.360163,view,Marina,595556
366,643,2025-12-17 22:27:34.192729,view,Downtown Dubai,1998339
366,880,2025-12-21 22:27:33.097000,view,JVC,1883875
366,643,2025-12-23 22:27:36.700206,contact_agent,Downtown Dubai,1998339
366,307,2025-12-25 22:27:32.939586,view,Marina,1219407
366,581,2025-12-26 22:27:32.749764,view,Downtown Dubai,791464
366,586,2025-12-27 22:27:35.382062,view,Downtown Dubai,1001590
366,712,2025-12-27 22:27:36.119817,view,Business Bay,1312283
367,310,2025-12-02 22:27:32.970954,view,Palm Jumeirah,4415770
367,404,2025-12-02 22:27:33.814098,view,Palm Jumeirah,4732939
367,518,2025-12-02 22:27:36.229728,view,Marina,3084182
367,639,2025-12-04 22:27:34.848462,view,Downtown Dubai,3272605
367,861,2025-12-07 22:27:34.208482,view,Business Bay,4523278
367,566,2025-12-09 22:27:35.382062,view,Marina,3175480
367,432,2025-12-10 22:27:34.755442,view,Business Bay,3364140
367,861,2025-12-13 22:27:36.182615,view,Business Bay,4523278
367,47,2025-12-14 22:27:32.212179,view,JVC,3092536
367,787,2025-12-18 22:27:36.542092,view,Downtown Dubai,4344886
367,475,2025-12-26 22:27:32.923922,view,Palm Jumeirah,3667759
367,38,2025-12-26 22:27:33.861224,view,Downtown Dubai,4726156
367,111,2025-12-27 22:27:33.940169,view,Palm Jumeirah,4558848
368,785,2025-11-28 22:27:32.765914,view,Business Bay,1128889
368,983,2025-11-28 22:27:34.711013,view,Business Bay,1414565
368,862,2025-11-28 22:27:36.653111,view,Business Bay,1037977
368,802,2025-11-29 22:27:34.208482,view,JVC,1301955
368,186,2025-12-02 22:27:36.088299,shortlist,Business Bay,588668
368,320,2025-12-04 22:27:36.857851,view,JVC,1248736
368,855,2025-12-05 22:27:33.501559,view,JVC,1101891
368,45,2025-12-05 22:27:34.411577,view,JVC,739968
368,817,2025-12-07 22:27:31.856924,view,Business Bay,549976
368,123,2025-12-09 22:27:36.979040,view,JVC,963001
368,854,2025-12-10 22:27:33.469904,view,Business Bay,1420114
368,678,2025-12-10 22:27:35.760271,view,JVC,1056718
368,240,2025-12-13 22:27:36.931724,view,Business Bay,692512
368,135,2025-12-19 22:27:34.647560,view,JVC,965982
368,862,2025-12-22 22:27:33.798437,view,Business Bay,1037977
368,7,2025-12-23 22:27:32.765914,view,Business Bay,622775
368,137,2025-12-25 22:27:36.668888,contact_agent,JVC,773146
368,434,2025-12-27 22:27:37.677650,view,JVC,681948
369,694,2025-11-28 22:27:32.428711,view,Business Bay,4476765
369,821,2025-11-28 22:27:32.670306,view,Downtown Dubai,4905813
369,642,2025-11-29 22:27:33.176604,view,Marina,4356756
369,943,2025-11-29 22:27:34.769822,view,Marina,4945975
369,706,2025-11-30 22:27:35.100507,shortlist,JVC,3608591
369,333,2025-12-02 22:27:32.381454,contact_agent,Downtown Dubai,3825315
369,262,2025-12-04 22:27:33.675182,view,JVC,4704955
369,783,2025-12-05 22:27:31.856924,view,Downtown Dubai,4639289
369,264,2025-12-07 22:27:35.318583,view,Downtown Dubai,3485696
369,393,2025-12-09 22:27:35.866469,view,Downtown Dubai,3475605
369,623,2025-12-10 22:27:31.872672,view,Business Bay,3035232
369,620,2025-12-10 22:27:33.628134,view,Business Bay,3480248
369,706,2025-12-11 22:27:35.945263,view,JVC,3608591
369,671,2025-12-13 22:27:37.693311,view,Palm Jumeirah,4136562
369,859,2025-12-15 22:27:36.757641,contact_agent,Downtown Dubai,3844250
369,543,2025-12-16 22:27:35.132012,view,Marina,4141771
369,535,2025-12-20 22:27:35.571323,view,Marina,3438687
369,420,2025-12-25 22:27:35.274920,view,Downtown Dubai,4370426
369,604,2025-12-27 22:27:36.119817,view,Downtown Dubai,3787093
369,864,2025-12-27 22:27:37.709313,view,JVC,4203292
370,320,2025-11-29 22:27:36.384326,view,JVC,1248736
370,177,2025-11-30 22:27:33.312669,view,Business Bay,1255111
370,222,2025-12-03 22:27:37.803964,view,Business Bay,1249971
370,768,2025-12-04 22:27:36.769160,view,JVC,1206673
370,919,2025-12-07 22:27:32.031021,contact_agent,Business Bay,745300
370,324,2025-12-09 22:27:36.463705,view,JVC,1288443
370,301,2025-12-11 22:27:36.605705,view,JVC,1173218
370,386,2025-12-12 22:27:33.477385,view,Business Bay,1102276
370,735,2025-12-12 22:27:34.348710,view,Business Bay,1112181
370,914,2025-12-14 22:27:35.719527,contact_agent,Business Bay,1323759
370,817,2025-12-15 22:27:37.677650,view,Business Bay,549976
370,472,2025-12-16 22:27:32.939586,view,JVC,718401
370,916,2025-12-17 22:27:32.149406,view,JVC,631184
370,957,2025-12-17 22:27:33.659495,view,Business Bay,1243088
370,862,2025-12-17 22:27:34.785732,view,Business Bay,1037977
370,123,2025-12-19 22:27:31.806921,view,JVC,963001
370,701,2025-12-19 22:27:35.116356,contact_agent,Business Bay,1484156
370,46,2025-12-20 22:27:37.057747,view,JVC,788963
370,957,2025-12-22 22:27:34.505647,view,Business Bay,1243088
370,177,2025-12-23 22:27:36.794383,view,Business Bay,1255111
370,78,2025-12-25 22:27:37.073407,view,JVC,794746
370,45,2025-12-27 22:27:32.749764,shortlist,JVC,739968
370,830,2025-12-27 22:27:34.711013,view,Business Bay,545475
371,445,2025-11-28 22:27:32.970954,view,Palm Jumeirah,1838530
371,166,2025-12-01 22:27:32.062391,view,Palm Jumeirah,1352746
371,655,2025-12-01 22:27:34.458603,view,Palm Jumeirah,1262371
371,801,2025-12-01 22:27:35.460757,contact_agent,Business Bay,1186268
371,413,2025-12-01 22:27:37.026214,view,Business Bay,841207
371,660,2025-12-07 22:27:32.046730,view,Marina,757354
371,14,2025-12-07 22:27:32.208176,view,JVC,1948763
371,632,2025-12-07 22:27:33.580484,shortlist,Business Bay,792575
371,307,2025-12-07 22:27:36.072321,view,Marina,1219407
371,453,2025-12-08 22:27:33.296938,view,Marina,1538336
371,798,2025-12-09 22:27:33.829898,view,JVC,1924663
371,648,2025-12-14 22:27:35.791868,view,Marina,1052439
371,798,2025-12-17 22:27:33.659495,shortlist,JVC,1924663
371,429,2025-12-17 22:27:33.971918,view,Business Bay,1135719
371,480,2025-12-17 22:27:35.116356,view,Palm Jumeirah,687771
371,413,2025-12-21 22:27:33.782751,view,Business Bay,841207
371,69,2025-12-21 22:27:36.103957,view,Marina,1906368
372,923,2025-12-02 22:27:32.599988,view,Palm Jumeirah,781696
372,439,2025-12-02 22:27:33.375807,view,Palm Jumeirah,717770
372,171,2025-12-02 22:27:37.136251,view,Marina,901067
372,416,2025-12-05 22:27:32.613739,contact_agent,Downtown Dubai,1092632
372,921,2025-12-05 22:27:36.447880,view,Downtown Dubai,592036
372,728,2025-12-06 22:27:36.574102,view,Palm Jumeirah,1426215
372,174,2025-12-07 22:27:33.187991,view,Palm Jumeirah,812023
372,42,2025-12-07 22:27:37.309782,view,JVC,1032726
372,474,2025-12-07 22:27:37.357047,view,JVC,659292
372,45,2025-12-08 22:27:36.277680,view,JVC,739968
372,500,2025-12-11 22:27:33.876909,view,Business Bay,954418
372,905,2025-12-14 22:27:34.316827,view,Palm Jumeirah,1875607
372,526,2025-12-14 22:27:35.618659,view,JVC,1078526
372,118,2025-12-17 22:27:33.034256,view,Business Bay,1521469
372,134,2025-12-18 22:27:34.332736,view,JVC,1576941
372,503,2025-12-21 22:27:35.929596,view,Marina,1062621
373,611,2025-11-29 22:27:36.526439,view,Downtown Dubai,1306564
373,778,2025-11-30 22:27:33.464425,view,Palm Jumeirah,1706184
373,957,2025-11-30 22:27:35.258429,view,Business Bay,1243088
373,36,2025-12-02 22:27:33.065626,shortlist,Downtown Dubai,1916207
373,586,2025-12-02 22:27:37.120546,view,Downtown Dubai,1001590
373,791,2025-12-05 22:27:32.353952,view,Palm Jumeirah,725391
373,274,2025-12-06 22:27:37.246480,view,Palm Jumeirah,1361069
373,32,2025-12-07 22:27:31.824601,view,Downtown Dubai,773349
373,674,2025-12-07 22:27:32.122325,view,Downtown Dubai,1234275
373,991,2025-12-11 22:27:34.711013,view,Downtown Dubai,780833
373,977,2025-12-12 22:27:32.162922,contact_agent,Palm Jumeirah,1781506
373,954,2025-12-12 22:27:33.603549,view,Downtown Dubai,1152755
373,128,2025-12-12 22:27:35.116356,view,Palm Jumeirah,1015693
373,301,2025-12-12 22:27:35.539550,view,JVC,1173218
373,381,2025-12-15 22:27:34.082338,view,Palm Jumeirah,1692931
373,227,2025-12-16 22:27:36.684542,view,Downtown Dubai,1842057
373,985,2025-12-18 22:27:35.226970,view,Marina,1552425
373,356,2025-12-21 22:27:36.916072,contact_agent,Marina,935477
373,155,2025-12-23 22:27:37.693311,view,Downtown Dubai,1729787
373,85,2025-12-24 22:27:36.731523,view,Marina,623950
373,598,2025-12-26 22:27:35.603000,shortlist,Marina,1789467
373,703,2025-12-26 22:27:35.719527,view,Marina,1363659
374,687,2025-11-28 22:27:33.265626,view,Marina,768083
374,785,2025-11-28 22:27:33.359702,view,Business Bay,1128889
374,25,2025-12-01 22:27:34.364408,view,Downtown Dubai,1275158
374,645,2025-12-01 22:27:35.179400,view,Marina,879039
374,150,2025-12-01 22:27:37.883158,view,Palm Jumeirah,595028
374,750,2025-12-02 22:27:33.564660,view,Palm Jumeirah,1894316
374,917,2025-12-02 22:27:36.103957,view,JVC,1635627
374,902,2025-12-04 22:27:32.570484,view,Downtown Dubai,625355
374,86,2025-12-06 22:27:37.563527,contact_agent,Marina,1653224
374,890,2025-12-07 22:27:32.351950,view,Downtown Dubai,1523920
374,322,2025-12-08 22:27:33.735638,view,Downtown Dubai,745404
374,627,2025-12-09 22:27:32.294685,view,JVC,1415113
374,960,2025-12-09 22:27:36.198305,view,Business Bay,1594409
374,229,2025-12-11 22:27:34.695292,view,Palm Jumeirah,985757
374,4,2025-12-15 22:27:33.814098,view,JVC,1774634
374,386,2025-12-15 22:27:35.492085,contact_agent,Business Bay,1102276
374,791,2025-12-15 22:27:35.823234,view,Palm Jumeirah,725391
374,830,2025-12-17 22:27:35.179400,view,Business Bay,545475
374,900,2025-12-20 22:27:33.034256,shortlist,Palm Jumeirah,1342840
374,418,2025-12-21 22:27:34.161387,view,JVC,1972178
374,619,2025-12-22 22:27:36.182615,shortlist,Marina,1561404
374,676,2025-12-22 22:27:37.740841,view,JVC,1534186
374,957,2025-12-24 22:27:33.767085,view,Business Bay,1243088
374,392,2025-12-25 22:27:35.413489,view,JVC,739779
375,479,2025-11-30 22:27:32.160920,view,Marina,1692097
375,171,2025-11-30 22:27:32.355954,view,Marina,901067
375,118,2025-12-01 22:27:34.051015,view,Business Bay,1521469
375,438,2025-12-06 22:27:33.643839,view,Palm Jumeirah,1453692
375,651,2025-12-06 22:27:37.089117,view,JVC,1278883
375,19,2025-12-07 22:27:36.024976,view,Palm Jumeirah,1324143
375,66,2025-12-09 22:27:34.364408,view,Marina,690237
375,318,2025-12-12 22:27:33.475646,view,Palm Jumeirah,568803
375,993,2025-12-12 22:27:37.262377,view,JVC,1588963
375,551,2025-12-16 22:27:33.971918,view,JVC,1255612
375,135,2025-12-17 22:27:36.637455,view,JVC,965982
375,678,2025-12-24 22:27:32.892157,view,JVC,1056718
375,286,2025-12-26 22:27:35.053501,view,Business Bay,1184029
375,292,2025-12-27 22:27:32.532974,view,Palm Jumeirah,708944
375,841,2025-12-27 22:27:34.759551,view,Marina,1968919
376,201,2025-11-30 22:27:32.347947,view,JVC,3600581
376,262,2025-12-01 22:27:33.265626,view,JVC,4704955
376,725,2025-12-06 22:27:36.684542,contact_agent,JVC,3397706
376,395,2025-12-10 22:27:34.192729,view,Business Bay,4058539
376,48,2025-12-10 22:27:36.874409,view,JVC,3475635
376,58,2025-12-12 22:27:33.691849,view,JVC,4388577
376,713,2025-12-13 22:27:31.951629,view,Marina,3414863
376,193,2025-12-14 22:27:32.615741,view,Marina,4082299
376,457,2025-12-16 22:27:32.385457,view,JVC,3031528
376,628,2025-12-17 22:27:33.861224,contact_agent,Downtown Dubai,3192794
376,907,2025-12-17 22:27:36.892142,view,Marina,4056210
376,657,2025-12-18 22:27:34.019313,view,Marina,4268950
376,580,2025-12-18 22:27:34.832773,view,Business Bay,4381857
376,507,2025-12-19 22:27:37.329450,view,JVC,4313233
376,43,2025-12-21 22:27:33.782751,view,JVC,4452255
376,961,2025-12-22 22:27:35.334447,view,JVC,3153528
376,724,2025-12-23 22:27:34.332736,view,Marina,4990512
376,326,2025-12-24 22:27:32.221926,view,Downtown Dubai,3765962
376,912,2025-12-24 22:27:33.971918,view,Downtown Dubai,4967890
376,821,2025-12-25 22:27:35.460757,view,Downtown Dubai,4905813
377,808,2025-11-29 22:27:33.160814,view,Palm Jumeirah,647745
377,999,2025-11-29 22:27:36.447880,view,Marina,1278799
377,419,2025-11-29 22:27:37.042084,view,Downtown Dubai,1662189
377,171,2025-12-01 22:27:37.010531,view,Marina,901067
377,45,2025-12-02 22:27:32.235679,view,JVC,739968
377,91,2025-12-03 22:27:33.603549,view,Downtown Dubai,1804766
377,769,2025-12-03 22:27:35.835614,view,JVC,1301849
377,627,2025-12-03 22:27:36.368381,view,JVC,1415113
377,102,2025-12-04 22:27:33.160814,view,Marina,975595
377,128,2025-12-08 22:27:35.100507,view,Palm Jumeirah,1015693
377,66,2025-12-10 22:27:34.584161,view,Marina,690237
377,969,2025-12-13 22:27:35.492085,view,Marina,1511930
377,399,2025-12-13 22:27:36.400390,shortlist,Downtown Dubai,1090381
377,711,2025-12-13 22:27:37.677650,view,Marina,1607810
377,330,2025-12-19 22:27:32.685978,view,JVC,1833572
377,985,2025-12-19 22:27:32.812910,view,Marina,1552425
377,319,2025-12-19 22:27:33.124770,view,Business Bay,1307744
377,163,2025-12-19 22:27:35.287225,view,JVC,1623389
377,292,2025-12-19 22:27:37.567539,view,Palm Jumeirah,708944
377,587,2025-12-21 22:27:32.564479,view,Marina,1918412
377,723,2025-12-21 22:27:33.439002,view,Palm Jumeirah,1969793
377,798,2025-12-23 22:27:33.018245,view,JVC,1924663
377,453,2025-12-24 22:27:33.265626,contact_agent,Marina,1538336
377,781,2025-12-25 22:27:32.015066,view,Downtown Dubai,546002
377,330,2025-12-25 22:27:33.359702,view,JVC,1833572
377,67,2025-12-26 22:27:36.931724,view,Palm Jumeirah,1356047
378,900,2025-11-29 22:27:32.485717,view,Palm Jumeirah,1342840
378,880,2025-11-30 22:27:32.876025,contact_agent,JVC,1883875
378,280,2025-11-30 22:27:37.475641,view,Downtown Dubai,970529
378,848,2025-12-05 22:27:37.372983,view,JVC,1945065
378,99,2025-12-07 22:27:34.262700,contact_agent,Business Bay,943316
378,130,2025-12-07 22:27:34.380201,view,JVC,739017
378,849,2025-12-08 22:27:37.423794,view,Palm Jumeirah,578077
378,732,2025-12-12 22:27:31.856924,view,Marina,924528
378,561,2025-12-15 22:27:32.655167,view,JVC,1167540
378,817,2025-12-17 22:27:32.844287,shortlist,Business Bay,549976
378,960,2025-12-21 22:27:37.598447,view,Business Bay,1594409
378,445,2025-12-27 22:27:34.145735,view,Palm Jumeirah,1838530
379,817,2025-11-28 22:27:31.935927,view,Business Bay,549976
379,488,2025-11-28 22:27:35.053501,view,Downtown Dubai,1013313
379,741,2025-11-30 22:27:33.160814,view,JVC,781854
379,708,2025-11-30 22:27:36.024976,view,Downtown Dubai,1247852
379,171,2025-12-03 22:27:32.828631,view,Marina,901067
379,321,2025-12-03 22:27:34.474315,contact_agent,Downtown Dubai,1199539
379,14,2025-12-07 22:27:37.026214,view,JVC,1948763
379,368,2025-12-09 22:27:33.105014,view,Business Bay,626060
379,687,2025-12-10 22:27:35.835614,view,Marina,768083
379,319,2025-12-12 22:27:35.242661,shortlist,Business Bay,1307744
379,480,2025-12-12 22:27:37.183700,view,Palm Jumeirah,687771
379,294,2025-12-12 22:27:37.406729,view,Business Bay,1861303
379,605,2025-12-12 22:27:37.740841,view,Downtown Dubai,1517481
379,905,2025-12-13 22:27:32.062391,view,Palm Jumeirah,1875607
379,774,2025-12-13 22:27:33.281284,view,Marina,923177
379,322,2025-12-15 22:27:33.564660,view,Downtown Dubai,745404
379,530,2025-12-19 22:27:34.505647,view,Business Bay,1234983
379,997,2025-12-19 22:27:35.258429,view,Marina,1334874
379,896,2025-12-22 22:27:34.003657,view,Marina,1208175
379,870,2025-12-26 22:27:31.919915,view,Palm Jumeirah,542291
379,318,2025-12-26 22:27:34.505647,shortlist,Palm Jumeirah,568803
379,413,2025-12-27 22:27:36.605705,view,Business Bay,841207
380,413,2025-11-29 22:27:34.097995,view,Business Bay,841207
380,644,2025-11-30 22:27:33.485903,view,JVC,1176296
380,986,2025-12-01 22:27:34.051015,view,Marina,1277567
380,168,2025-12-02 22:27:36.763152,view,Palm Jumeirah,1476433
380,275,2025-12-02 22:27:37.555107,view,Downtown Dubai,1356626
380,71,2025-12-04 22:27:32.469964,view,Downtown Dubai,1724744
380,556,2025-12-05 22:27:32.031021,view,Business Bay,785622
380,334,2025-12-07 22:27:37.230825,view,JVC,1328791
380,328,2025-12-08 22:27:35.179400,view,Marina,1727146
380,633,2025-12-10 22:27:32.844287,view,Palm Jumeirah,1959700
380,343,2025-12-11 22:27:32.517221,view,JVC,1282877
380,611,2025-12-12 22:27:37.486105,view,Downtown Dubai,1306564
380,476,2025-12-13 22:27:34.332736,view,Palm Jumeirah,963937
380,468,2025-12-22 22:27:34.880092,view,Downtown Dubai,1797991
380,890,2025-12-23 22:27:33.924257,view,Downtown Dubai,1523920
380,135,2025-12-25 22:27:33.892633,view,JVC,965982
380,627,2025-12-27 22:27:33.202628,contact_agent,JVC,1415113
380,488,2025-12-27 22:27:33.477385,view,Downtown Dubai,1013313
381,455,2025-11-29 22:27:36.558079,view,Business Bay,1668932
381,413,2025-11-30 22:27:34.285406,view,Business Bay,841207
381,565,2025-11-30 22:27:36.558079,view,Business Bay,1904355
381,774,2025-11-30 22:27:37.151904,view,Marina,923177
381,66,2025-12-01 22:27:35.132012,view,Marina,690237
381,425,2025-12-03 22:27:33.971918,view,Marina,625438
381,155,2025-12-05 22:27:32.536977,view,Downtown Dubai,1729787
381,597,2025-12-07 22:27:37.598447,view,Palm Jumeirah,1858311
381,413,2025-12-09 22:27:37.835300,view,Business Bay,841207
381,627,2025-12-12 22:27:35.413489,view,JVC,1415113
381,561,2025-12-13 22:27:37.740841,view,JVC,1167540
381,173,2025-12-15 22:27:32.876025,view,Palm Jumeirah,1504001
381,118,2025-12-16 22:27:33.407634,contact_agent,Business Bay,1521469
381,69,2025-12-19 22:27:32.094821,shortlist,Marina,1906368
381,762,2025-12-19 22:27:37.329450,view,Palm Jumeirah,1175673
381,599,2025-12-19 22:27:37.867422,contact_agent,Downtown Dubai,664074
381,693,2025-12-21 22:27:33.708351,view,Palm Jumeirah,789220
381,275,2025-12-21 22:27:35.258429,view,Downtown Dubai,1356626
381,927,2025-12-21 22:27:36.637455,view,Business Bay,1490029
381,362,2025-12-24 22:27:33.814098,view,Marina,1286261
381,803,2025-12-25 22:27:36.994837,view,JVC,1611009
381,592,2025-12-27 22:27:33.065626,view,Business Bay,1858097
382,282,2025-11-28 22:27:37.454011,view,JVC,661445
382,70,2025-11-28 22:27:37.598447,view,Business Bay,1345474
382,667,2025-11-29 22:27:35.650122,contact_agent,JVC,1264265
382,854,2025-12-02 22:27:32.655167,view,Business Bay,1420114
382,177,2025-12-06 22:27:34.974549,view,Business Bay,1255111
382,286,2025-12-06 22:27:35.961151,view,Business Bay,1184029
382,811,2025-12-07 22:27:34.019313,view,Marina,637686
382,50,2025-12-08 22:27:31.777696,view,Marina,1019165
382,826,2025-12-10 22:27:36.135475,view,JVC,1895796
382,904,2025-12-10 22:27:36.931724,view,JVC,1115937
382,437,2025-12-11 22:27:34.208482,view,JVC,1706751
382,986,2025-12-12 22:27:34.990265,view,Marina,1277567
382,708,2025-12-12 22:27:36.103957,view,Downtown Dubai,1247852
382,921,2025-12-12 22:27:36.542092,shortlist,Downtown Dubai,592036
382,59,2025-12-13 22:27:35.665778,view,Business Bay,1706123
382,973,2025-12-14 22:27:36.788634,view,Downtown Dubai,1660117
382,660,2025-12-17 22:27:31.983449,view,Marina,757354
382,9,2025-12-18 22:27:32.078176,view,JVC,914600
382,164,2025-12-19 22:27:33.296938,view,Marina,1075919
382,394,2025-12-19 22:27:37.136251,view,Marina,1288140
382,695,2025-12-19 22:27:37.630182,view,JVC,1895285
382,9,2025-12-21 22:27:35.366371,view,JVC,914600
382,586,2025-12-23 22:27:33.234147,view,Downtown Dubai,1001590
382,331,2025-12-25 22:27:32.546725,view,Palm Jumeirah,1115863
383,615,2025-11-28 22:27:35.382062,view,JVC,1237954
383,503,2025-11-28 22:27:36.040977,view,Marina,1062621
383,408,2025-12-04 22:27:34.911693,view,Marina,1916953
383,982,2025-12-05 22:27:33.782751,view,Business Bay,1237090
383,311,2025-12-07 22:27:35.681524,view,Palm Jumeirah,828821
383,523,2025-12-08 22:27:35.447242,view,Downtown Dubai,769160
383,319,2025-12-08 22:27:36.151287,view,Business Bay,1307744
383,728,2025-12-08 22:27:36.857851,view,Palm Jumeirah,1426215
383,130,2025-12-09 22:27:34.285406,view,JVC,739017
383,978,2025-12-10 22:27:33.892633,view,Downtown Dubai,789134
383,967,2025-12-10 22:27:34.711013,view,JVC,1022154
383,585,2025-12-11 22:27:33.328368,view,JVC,838540
383,651,2025-12-13 22:27:33.798437,view,JVC,1278883
383,378,2025-12-16 22:27:32.046730,view,Palm Jumeirah,1062060
383,802,2025-12-17 22:27:37.026214,view,JVC,1301955
383,896,2025-12-19 22:27:33.691849,view,Marina,1208175
383,42,2025-12-19 22:27:37.788279,view,JVC,1032726
383,545,2025-12-21 22:27:35.634416,view,JVC,1460652
383,155,2025-12-22 22:27:36.360163,view,Downtown Dubai,1729787
383,250,2025-12-25 22:27:37.803964,view,Palm Jumeirah,1147341
383,480,2025-12-26 22:27:33.720913,view,Palm Jumeirah,687771
383,646,2025-12-26 22:27:36.308994,shortlist,Marina,1028714
383,660,2025-12-27 22:27:33.218442,view,Marina,757354
383,660,2025-12-27 22:27:35.650122,view,Marina,757354
384,560,2025-11-28 22:27:34.145735,view,Marina,1896436
384,950,2025-11-29 22:27:34.474315,view,Marina,595556
384,854,2025-11-29 22:27:35.053501,view,Business Bay,1420114
384,17,2025-11-30 22:27:34.316827,view,Marina,580257
384,551,2025-12-01 22:27:36.308994,view,JVC,1255612
384,267,2025-12-02 22:27:35.460757,view,Palm Jumeirah,1872070
384,983,2025-12-05 22:27:32.717827,view,Business Bay,1414565
384,660,2025-12-08 22:27:32.391201,view,Marina,757354
384,118,2025-12-08 22:27:36.229728,contact_agent,Business Bay,1521469
384,99,2025-12-09 22:27:37.167880,view,Business Bay,943316
384,267,2025-12-12 22:27:32.986864,view,Palm Jumeirah,1872070
384,438,2025-12-13 22:27:36.526439,view,Palm Jumeirah,1453692
384,323,2025-12-13 22:27:37.693311,view,JVC,517297
384,343,2025-12-14 22:27:35.882131,view,JVC,1282877
384,914,2025-12-16 22:27:34.035360,view,Business Bay,1323759
384,138,2025-12-18 22:27:35.945263,view,Downtown Dubai,1664795
384,687,2025-12-18 22:27:36.979040,contact_agent,Marina,768083
384,282,2025-12-19 22:27:32.797257,view,JVC,661445
384,286,2025-12-19 22:27:34.600305,view,Business Bay,1184029
384,655,2025-12-21 22:27:34.760594,view,Palm Jumeirah,1262371
385,282,2025-12-02 22:27:31.935927,view,JVC,661445
385,222,2025-12-02 22:27:36.526439,view,Business Bay,1249971
385,474,2025-12-04 22:27:37.527678,view,JVC,659292
385,983,2025-12-07 22:27:35.760271,view,Business Bay,1414565
385,678,2025-12-08 22:27:31.967677,view,JVC,1056718
385,78,2025-12-08 22:27:34.192729,view,JVC,794746
385,561,2025-12-09 22:27:34.927497,view,JVC,1167540
385,785,2025-12-10 22:27:32.532974,view,Business Bay,1128889
385,982,2025-12-11 22:27:32.231676,contact_agent,Business Bay,1237090
385,862,2025-12-12 22:27:37.867422,view,Business Bay,1037977
385,78,2025-12-13 22:27:37.057747,view,JVC,794746
385,286,2025-12-17 22:27:34.695292,contact_agent,Business Bay,1184029
385,701,2025-12-19 22:27:34.552797,view,Business Bay,1484156
385,768,2025-12-21 22:27:35.258429,view,JVC,1206673
385,334,2025-12-21 22:27:36.088299,view,JVC,1328791
385,240,2025-12-22 22:27:34.114079,view,Business Bay,692512
385,615,2025-12-24 22:27:36.479360,view,JVC,1237954
385,801,2025-12-25 22:27:32.797257,view,Business Bay,1186268
385,301,2025-12-26 22:27:34.832773,view,JVC,1173218
385,338,2025-12-27 22:27:33.218442,view,JVC,876794
385,667,2025-12-27 22:27:36.994837,view,JVC,1264265
386,177,2025-11-29 22:27:35.021784,view,Business Bay,1255111
386,983,2025-12-01 22:27:34.066676,view,Business Bay,1414565
386,651,2025-12-02 22:27:33.049967,view,JVC,1278883
386,222,2025-12-03 22:27:31.772513,view,Business Bay,1249971
386,123,2025-12-05 22:27:33.249970,view,JVC,963001
386,556,2025-12-06 22:27:35.929596,view,Business Bay,785622
386,334,2025-12-08 22:27:37.183700,view,JVC,1328791
386,286,2025-12-11 22:27:36.024976,view,Business Bay,1184029
386,277,2025-12-14 22:27:31.872672,view,Business Bay,606022
386,429,2025-12-14 22:27:33.751414,view,Business Bay,1135719
386,632,2025-12-14 22:27:37.740841,view,Business Bay,792575
386,286,2025-12-15 22:27:35.100507,view,Business Bay,1184029
386,526,2025-12-16 22:27:36.510741,view,JVC,1078526
386,277,2025-12-19 22:27:32.114998,view,Business Bay,606022
386,617,2025-12-20 22:27:37.010531,view,Business Bay,1207173
386,324,2025-12-20 22:27:37.465108,view,JVC,1288443
386,240,2025-12-26 22:27:33.065626,view,Business Bay,692512
387,632,2025-12-01 22:27:33.097000,view,Business Bay,792575
387,429,2025-12-01 22:27:34.943153,view,Business Bay,1135719
387,45,2025-12-03 22:27:36.151287,shortlist,JVC,739968
387,983,2025-12-04 22:27:32.876025,view,Business Bay,1414565
387,282,2025-12-11 22:27:35.116356,view,JVC,661445
387,386,2025-12-12 22:27:36.621360,view,Business Bay,1102276
387,45,2025-12-13 22:27:34.864304,view,JVC,739968
387,634,2025-12-15 22:27:33.172469,view,JVC,529336
387,530,2025-12-16 22:27:36.293332,view,Business Bay,1234983
387,627,2025-12-18 22:27:36.653111,view,JVC,1415113
387,277,2025-12-19 22:27:33.767085,view,Business Bay,606022
387,914,2025-12-22 22:27:36.261867,view,Business Bay,1323759
388,459,2025-12-01 22:27:33.116763,view,Marina,1437635
388,37,2025-12-03 22:27:32.253433,view,Palm Jumeirah,1078688
388,445,2025-12-03 22:27:32.733847,view,Palm Jumeirah,1838530
388,411,2025-12-03 22:27:33.099009,shortlist,Palm Jumeirah,921280
388,378,2025-12-04 22:27:32.460217,view,Palm Jumeirah,1062060
388,516,2025-12-04 22:27:35.850785,view,Business Bay,1779180
388,59,2025-12-06 22:27:33.187991,view,Business Bay,1706123
388,213,2025-12-06 22:27:37.522655,view,Business Bay,1853324
388,7,2025-12-07 22:27:34.505647,view,Business Bay,622775
388,674,2025-12-08 22:27:33.971918,contact_agent,Downtown Dubai,1234275
388,590,2025-12-09 22:27:37.341247,view,Palm Jumeirah,1372328
388,145,2025-12-11 22:27:33.829898,view,Palm Jumeirah,577175
388,828,2025-12-11 22:27:34.785732,view,Business Bay,708859
388,605,2025-12-11 22:27:37.329450,view,Downtown Dubai,1517481
388,438,2025-12-23 22:27:36.364270,view,Palm Jumeirah,1453692
388,771,2025-12-26 22:27:32.970954,view,Downtown Dubai,1661068
388,421,2025-12-26 22:27:36.731523,shortlist,JVC,914299
389,25,2025-11-28 22:27:37.120546,view,Downtown Dubai,1275158
389,771,2025-11-29 22:27:33.845565,view,Downtown Dubai,1661068
389,833,2025-12-01 22:27:35.258429,view,JVC,1599577
389,229,2025-12-02 22:27:35.302649,view,Palm Jumeirah,985757
389,846,2025-12-02 22:27:35.603000,view,Business Bay,1920858
389,139,2025-12-05 22:27:31.856924,view,Business Bay,1889330
389,131,2025-12-05 22:27:35.296477,view,Marina,914994
389,750,2025-12-07 22:27:33.296938,view,Palm Jumeirah,1894316
389,765,2025-12-07 22:27:34.695292,shortlist,Downtown Dubai,1594316
389,91,2025-12-10 22:27:34.769822,view,Downtown Dubai,1804766
389,651,2025-12-11 22:27:34.161387,view,JVC,1278883
389,275,2025-12-13 22:27:33.767085,view,Downtown Dubai,1356626
389,7,2025-12-16 22:27:35.681524,view,Business Bay,622775
389,500,2025-12-16 22:27:36.753637,view,Business Bay,954418
389,451,2025-12-19 22:27:35.634416,view,Business Bay,1188152
389,973,2025-12-19 22:27:37.468620,view,Downtown Dubai,1660117
389,309,2025-12-20 22:27:35.163349,view,Palm Jumeirah,837913
389,9,2025-12-22 22:27:32.513479,view,JVC,914600
389,481,2025-12-24 22:27:34.285406,view,Palm Jumeirah,737199
389,939,2025-12-24 22:27:37.398619,view,Downtown Dubai,983455
389,899,2025-12-25 22:27:31.888534,view,Downtown Dubai,763625
389,139,2025-12-25 22:27:33.049967,view,Business Bay,1889330
389,362,2025-12-25 22:27:33.798437,view,Marina,1286261
389,899,2025-12-26 22:27:37.803964,view,Downtown Dubai,763625
390,973,2025-11-29 22:27:37.136251,view,Downtown Dubai,1660117
390,640,2025-11-30 22:27:33.065626,view,Business Bay,1947947
390,328,2025-11-30 22:27:37.388784,view,Marina,1727146
390,481,2025-12-01 22:27:36.653111,view,Palm Jumeirah,737199
390,7,2025-12-02 22:27:32.373447,view,Business Bay,622775
390,481,2025-12-02 22:27:32.986864,view,Palm Jumeirah,737199
390,677,2025-12-03 22:27:32.182677,contact_agent,Downtown Dubai,1098506
390,834,2025-12-03 22:27:34.066676,contact_agent,Marina,1344081
390,902,2025-12-04 22:27:36.229728,view,Downtown Dubai,625355
390,998,2025-12-05 22:27:36.261867,view,Marina,1389493
390,351,2025-12-07 22:27:37.325465,view,Palm Jumeirah,1350350
390,86,2025-12-10 22:27:35.882131,view,Marina,1653224
390,530,2025-12-15 22:27:34.616250,view,Business Bay,1234983
390,921,2025-12-17 22:27:36.277680,view,Downtown Dubai,592036
390,774,2025-12-19 22:27:36.293332,view,Marina,923177
390,216,2025-12-19 22:27:37.914560,view,Palm Jumeirah,1369807
390,481,2025-12-20 22:27:32.536977,view,Palm Jumeirah,737199
390,677,2025-12-22 22:27:31.999113,view,Downtown Dubai,1098506
390,826,2025-12-22 22:27:32.640662,view,JVC,1895796
390,412,2025-12-22 22:27:33.659495,shortlist,Palm Jumeirah,1409245
390,78,2025-12-23 22:27:35.744617,view,JVC,794746
390,708,2025-12-24 22:27:34.269269,view,Downtown Dubai,1247852
390,414,2025-12-27 22:27:36.901425,view,Palm Jumeirah,1730746
391,468,2025-11-30 22:27:36.024976,view,Downtown Dubai,1797991
391,902,2025-12-02 22:27:32.365701,view,Downtown Dubai,625355
391,880,2025-12-05 22:27:36.757641,view,JVC,1883875
391,960,2025-12-05 22:27:37.803964,view,Business Bay,1594409
391,941,2025-12-06 22:27:35.961151,shortlist,JVC,1047219
391,431,2025-12-06 22:27:37.788279,view,Downtown Dubai,1308258
391,711,2025-12-07 22:27:35.831564,view,Marina,1607810
391,277,2025-12-08 22:27:34.505647,view,Business Bay,606022
391,123,2025-12-08 22:27:36.857851,view,JVC,963001
391,893,2025-12-09 22:27:37.262377,view,Marina,1533668
391,640,2025-12-10 22:27:34.769822,view,Business Bay,1947947
391,551,2025-12-10 22:27:36.963350,view,JVC,1255612
391,425,2025-12-12 22:27:33.798437,view,Marina,625438
391,500,2025-12-14 22:27:37.442050,view,Business Bay,954418
391,788,2025-12-16 22:27:32.031021,view,Downtown Dubai,1425779
391,487,2025-12-17 22:27:33.675182,view,Marina,1251518
391,581,2025-12-17 22:27:35.318583,view,Downtown Dubai,791464
391,627,2025-12-21 22:27:34.990265,view,JVC,1415113
391,42,2025-12-26 22:27:34.097995,view,JVC,1032726
391,221,2025-12-27 22:27:36.979040,view,Business Bay,1869277
392,738,2025-12-02 22:27:37.089117,view,JVC,639227
392,925,2025-12-03 22:27:35.697261,view,Downtown Dubai,1690456
392,771,2025-12-04 22:27:33.359702,view,Downtown Dubai,1661068
392,510,2025-12-04 22:27:37.500862,view,Marina,1656083
392,950,2025-12-05 22:27:37.357047,view,Marina,595556
392,274,2025-12-08 22:27:37.772602,view,Palm Jumeirah,1361069
392,765,2025-12-10 22:27:35.334447,view,Downtown Dubai,1594316
392,148,2025-12-12 22:27:37.199358,view,Downtown Dubai,1857453
392,229,2025-12-13 22:27:35.961151,view,Palm Jumeirah,985757
392,922,2025-12-14 22:27:36.526439,view,JVC,1353392
392,954,2025-12-15 22:27:33.114761,view,Downtown Dubai,1152755
392,585,2025-12-17 22:27:33.971918,view,JVC,838540
392,307,2025-12-21 22:27:34.192729,view,Marina,1219407
392,173,2025-12-23 22:27:37.136251,view,Palm Jumeirah,1504001
392,560,2025-12-23 22:27:37.567539,view,Marina,1896436
392,923,2025-12-25 22:27:36.684542,view,Palm Jumeirah,781696
393,311,2025-11-28 22:27:32.078176,view,Palm Jumeirah,828821
393,411,2025-11-29 22:27:32.428711,view,Palm Jumeirah,921280
393,941,2025-12-01 22:27:33.477385,view,JVC,1047219
393,17,2025-12-02 22:27:35.835614,view,Marina,580257
393,459,2025-12-03 22:27:35.334447,view,Marina,1437635
393,320,2025-12-04 22:27:33.501559,view,JVC,1248736
393,973,2025-12-04 22:27:37.567539,view,Downtown Dubai,1660117
393,749,2025-12-04 22:27:37.614489,view,Marina,979083
393,611,2025-12-06 22:27:32.828631,view,Downtown Dubai,1306564
393,709,2025-12-06 22:27:32.876025,view,Palm Jumeirah,1656618
393,199,2025-12-08 22:27:33.908317,view,Marina,1534586
393,164,2025-12-09 22:27:37.042084,view,Marina,1075919
393,648,2025-12-11 22:27:33.249970,view,Marina,1052439
393,776,2025-12-12 22:27:32.176672,view,Downtown Dubai,1267876
393,561,2025-12-12 22:27:32.717827,contact_agent,JVC,1167540
393,527,2025-12-13 22:27:35.555661,view,Downtown Dubai,1337393
393,617,2025-12-14 22:27:36.901425,view,Business Bay,1207173
393,351,2025-12-17 22:27:36.589762,view,Palm Jumeirah,1350350
393,795,2025-12-18 22:27:37.582497,view,JVC,1874073
393,895,2025-12-22 22:27:33.439002,view,Marina,797675
393,749,2025-12-22 22:27:33.861224,view,Marina,979083
393,632,2025-12-24 22:27:37.183700,view,Business Bay,792575
393,509,2025-12-25 22:27:33.908317,contact_agent,Downtown Dubai,1695885
393,803,2025-12-25 22:27:37.867422,shortlist,JVC,1611009
393,411,2025-12-26 22:27:33.018245,shortlist,Palm Jumeirah,921280
393,551,2025-12-27 22:27:36.785620,view,JVC,1255612
394,135,2025-11-28 22:27:36.605705,view,JVC,965982
394,773,2025-12-02 22:27:37.089117,view,JVC,1253494
394,17,2025-12-03 22:27:35.021784,view,Marina,580257
394,973,2025-12-08 22:27:32.626522,view,Downtown Dubai,1660117
394,526,2025-12-08 22:27:34.316827,view,JVC,1078526
394,646,2025-12-08 22:27:36.214007,view,Marina,1028714
394,29,2025-12-11 22:27:31.806921,view,Downtown Dubai,779215
394,479,2025-12-11 22:27:32.685978,view,Marina,1692097
394,438,2025-12-16 22:27:32.149406,view,Palm Jumeirah,1453692
394,875,2025-12-18 22:27:32.214181,view,Downtown Dubai,837369
394,904,2025-12-21 22:27:34.943153,view,JVC,1115937
394,849,2025-12-24 22:27:36.637455,view,Palm Jumeirah,578077
394,599,2025-12-25 22:27:33.892633,view,Downtown Dubai,664074
394,848,2025-12-27 22:27:33.845565,view,JVC,1945065
394,634,2025-12-27 22:27:37.215116,view,JVC,529336
395,481,2025-11-30 22:27:35.147694,view,Palm Jumeirah,737199
395,802,2025-11-30 22:27:35.961151,view,JVC,1301955
395,311,2025-12-04 22:27:32.107759,view,Palm Jumeirah,828821
395,227,2025-12-04 22:27:33.564660,view,Downtown Dubai,1842057
395,472,2025-12-05 22:27:32.939586,contact_agent,JVC,718401
395,745,2025-12-06 22:27:36.775167,view,Downtown Dubai,1985255
395,523,2025-12-07 22:27:32.876025,view,Downtown Dubai,769160
395,45,2025-12-08 22:27:34.442915,view,JVC,739968
395,480,2025-12-11 22:27:32.446465,contact_agent,Palm Jumeirah,687771
395,991,2025-12-12 22:27:32.749764,view,Downtown Dubai,780833
395,123,2025-12-13 22:27:33.691849,view,JVC,963001
395,254,2025-12-17 22:27:37.561464,view,JVC,1701838
395,480,2025-12-19 22:27:35.808606,view,Palm Jumeirah,687771
395,277,2025-12-20 22:27:32.955285,view,Business Bay,606022
395,590,2025-12-20 22:27:35.476419,view,Palm Jumeirah,1372328
395,128,2025-12-24 22:27:35.850785,contact_agent,Palm Jumeirah,1015693
396,122,2025-11-30 22:27:34.145735,view,Palm Jumeirah,4833848
396,55,2025-12-01 22:27:33.103012,shortlist,Downtown Dubai,3524243
396,424,2025-12-01 22:27:34.848462,view,Business Bay,4661900
396,63,2025-12-05 22:27:33.517603,view,Business Bay,4347125
396,883,2025-12-07 22:27:35.945263,view,Palm Jumeirah,3387757
396,21,2025-12-09 22:27:31.999113,shortlist,JVC,4302986
396,822,2025-12-09 22:27:32.122325,view,JVC,4142693
396,271,2025-12-09 22:27:37.693311,view,Business Bay,3042017
396,996,2025-12-10 22:27:36.056661,contact_agent,Business Bay,4494420
396,515,2025-12-11 22:27:34.927497,view,Marina,3992099
396,514,2025-12-12 22:27:37.835300,view,Business Bay,3242974
396,373,2025-12-19 22:27:35.539550,view,Marina,3121578
396,169,2025-12-21 22:27:33.612454,view,Business Bay,3171252
396,11,2025-12-23 22:27:37.136251,view,JVC,4913359
396,713,2025-12-26 22:27:32.702049,view,Marina,3414863
396,219,2025-12-27 22:27:36.700206,view,Business Bay,3164496
397,3,2025-11-28 22:27:33.564660,view,Downtown Dubai,1450162
397,448,2025-11-28 22:27:36.447880,view,Palm Jumeirah,1978768
397,712,2025-11-29 22:27:37.136251,view,Business Bay,1312283
397,131,2025-11-30 22:27:33.533259,view,Marina,914994
397,334,2025-12-01 22:27:36.400390,view,JVC,1328791
397,833,2025-12-03 22:27:32.655167,view,JVC,1599577
397,774,2025-12-03 22:27:36.621360,view,Marina,923177
397,983,2025-12-03 22:27:37.262377,view,Business Bay,1414565
397,171,2025-12-05 22:27:33.281284,view,Marina,901067
397,280,2025-12-06 22:27:32.119139,shortlist,Downtown Dubai,970529
397,680,2025-12-07 22:27:35.697261,view,Downtown Dubai,852414
397,330,2025-12-09 22:27:35.728604,view,JVC,1833572
397,904,2025-12-10 22:27:34.285406,view,JVC,1115937
397,895,2025-12-11 22:27:32.765914,view,Marina,797675
397,640,2025-12-11 22:27:33.111019,view,Business Bay,1947947
397,527,2025-12-11 22:27:35.302649,view,Downtown Dubai,1337393
397,993,2025-12-14 22:27:31.757194,view,JVC,1588963
397,701,2025-12-14 22:27:35.226970,view,Business Bay,1484156
397,227,2025-12-14 22:27:35.318583,view,Downtown Dubai,1842057
397,750,2025-12-16 22:27:36.400390,view,Palm Jumeirah,1894316
397,324,2025-12-18 22:27:32.412959,view,JVC,1288443
397,957,2025-12-20 22:27:31.806921,view,Business Bay,1243088
397,67,2025-12-21 22:27:36.198305,view,Palm Jumeirah,1356047
397,280,2025-12-23 22:27:32.214181,view,Downtown Dubai,970529
397,368,2025-12-23 22:27:33.971918,view,Business Bay,626060
397,723,2025-12-24 22:27:32.456213,shortlist,Palm Jumeirah,1969793
397,895,2025-12-24 22:27:37.788279,view,Marina,797675
398,227,2025-11-28 22:27:37.803964,view,Downtown Dubai,1842057
398,791,2025-11-29 22:27:35.827452,view,Palm Jumeirah,725391
398,765,2025-11-29 22:27:36.214007,view,Downtown Dubai,1594316
398,997,2025-11-30 22:27:36.901425,view,Marina,1334874
398,254,2025-12-02 22:27:34.600305,view,JVC,1701838
398,870,2025-12-07 22:27:34.114079,view,Palm Jumeirah,542291
398,448,2025-12-10 22:27:32.265182,view,Palm Jumeirah,1978768
398,778,2025-12-10 22:27:37.089117,view,Palm Jumeirah,1706184
398,536,2025-12-12 22:27:36.510741,view,JVC,1916842
398,155,2025-12-13 22:27:32.122325,view,Downtown Dubai,1729787
398,723,2025-12-14 22:27:33.751414,view,Palm Jumeirah,1969793
398,788,2025-12-14 22:27:34.911693,view,Downtown Dubai,1425779
398,135,2025-12-15 22:27:36.589762,view,JVC,965982
398,64,2025-12-15 22:27:37.677650,view,Marina,1033634
398,85,2025-12-15 22:27:37.709313,view,Marina,623950
398,727,2025-12-16 22:27:34.880092,view,JVC,1598657
398,648,2025-12-18 22:27:36.182615,view,Marina,1052439
398,67,2025-12-19 22:27:37.410005,contact_agent,Palm Jumeirah,1356047
398,801,2025-12-20 22:27:36.668888,view,Business Bay,1186268
398,199,2025-12-20 22:27:37.230825,view,Marina,1534586
398,618,2025-12-21 22:27:35.618659,view,Palm Jumeirah,1179447
398,997,2025-12-22 22:27:35.913508,contact_agent,Marina,1334874
398,419,2025-12-24 22:27:37.262377,view,Downtown Dubai,1662189
398,265,2025-12-25 22:27:37.788279,view,Downtown Dubai,937625
399,768,2025-11-28 22:27:31.919915,view,JVC,1206673
399,7,2025-11-30 22:27:36.365297,view,Business Bay,622775
399,115,2025-12-03 22:27:35.961151,view,Downtown Dubai,1221037
399,294,2025-12-06 22:27:32.749764,view,Business Bay,1861303
399,431,2025-12-06 22:27:35.069159,view,Downtown Dubai,1308258
399,510,2025-12-07 22:27:31.919915,shortlist,Marina,1656083
399,343,2025-12-07 22:27:33.612454,view,JVC,1282877
399,880,2025-12-12 22:27:32.414961,view,JVC,1883875
399,687,2025-12-13 22:27:35.100507,view,Marina,768083
399,113,2025-12-15 22:27:33.160814,view,Palm Jumeirah,1309178
399,709,2025-12-15 22:27:34.631909,view,Palm Jumeirah,1656618
399,680,2025-12-15 22:27:37.057747,view,Downtown Dubai,852414
399,900,2025-12-16 22:27:33.814098,view,Palm Jumeirah,1342840
399,527,2025-12-20 22:27:33.002524,shortlist,Downtown Dubai,1337393
399,718,2025-12-20 22:27:33.485903,view,Downtown Dubai,1849590
399,998,2025-12-20 22:27:34.051015,contact_agent,Marina,1389493
399,19,2025-12-20 22:27:34.631909,view,Palm Jumeirah,1324143
399,798,2025-12-21 22:27:36.700206,view,JVC,1924663
399,773,2025-12-23 22:27:32.572486,view,JVC,1253494
399,893,2025-12-24 22:27:36.842168,view,Marina,1533668
400,666,2025-11-28 22:27:37.661947,view,Business Bay,3050982
400,262,2025-11-29 22:27:33.940169,view,JVC,4704955
400,972,2025-11-29 22:27:35.866469,contact_agent,Downtown Dubai,3451720
400,463,2025-11-30 22:27:34.260697,view,Business Bay,3566983
400,573,2025-12-01 22:27:36.400390,view,Business Bay,3015967
400,180,2025-12-05 22:27:32.454212,view,Downtown Dubai,4804459
400,373,2025-12-07 22:27:36.368381,view,Marina,3121578
400,212,2025-12-08 22:27:34.521303,view,JVC,4062944
400,502,2025-12-09 22:27:33.548940,view,Marina,4973014
400,75,2025-12-11 22:27:33.109017,view,Downtown Dubai,3989429
400,818,2025-12-13 22:27:34.552797,view,Downtown Dubai,3022620
400,507,2025-12-14 22:27:36.119817,view,JVC,4313233
400,813,2025-12-14 22:27:37.693311,view,JVC,4651923
400,538,2025-12-15 22:27:36.790640,contact_agent,Marina,4189024
400,450,2025-12-17 22:27:36.794383,view,Marina,3263398
400,220,2025-12-21 22:27:37.057747,view,Marina,3372176
400,283,2025-12-23 22:27:32.444464,view,Palm Jumeirah,4334242
400,720,2025-12-25 22:27:36.947409,view,Downtown Dubai,3545529
400,77,2025-12-26 22:27:33.065626,view,JVC,3031086
400,864,2025-12-27 22:27:34.208482,view,JVC,4203292
400,49,2025-12-27 22:27:37.486564,view,Marina,3801017
401,934,2025-11-28 22:27:35.350476,view,Marina,1888509
401,651,2025-12-01 22:27:36.589762,shortlist,JVC,1278883
401,773,2025-12-02 22:27:31.872672,view,JVC,1253494
401,919,2025-12-02 22:27:37.151904,view,Business Bay,745300
401,292,2025-12-06 22:27:34.161387,view,Palm Jumeirah,708944
401,322,2025-12-07 22:27:33.344050,view,Downtown Dubai,745404
401,703,2025-12-08 22:27:35.507778,view,Marina,1363659
401,644,2025-12-09 22:27:35.366371,view,JVC,1176296
401,216,2025-12-09 22:27:36.826108,view,Palm Jumeirah,1369807
401,927,2025-12-10 22:27:33.407634,contact_agent,Business Bay,1490029
401,795,2025-12-11 22:27:34.726781,view,JVC,1874073
401,708,2025-12-12 22:27:32.844287,view,Downtown Dubai,1247852
401,970,2025-12-12 22:27:35.866469,view,Palm Jumeirah,1579525
401,834,2025-12-13 22:27:33.391650,view,Marina,1344081
401,445,2025-12-13 22:27:33.391650,view,Palm Jumeirah,1838530
401,162,2025-12-15 22:27:35.084845,contact_agent,Marina,785711
401,742,2025-12-18 22:27:32.702049,view,Marina,1160327
401,412,2025-12-20 22:27:33.971918,view,Palm Jumeirah,1409245
401,735,2025-12-25 22:27:32.670306,view,Business Bay,1112181
401,516,2025-12-25 22:27:32.765914,view,Business Bay,1779180
401,817,2025-12-26 22:27:37.941418,view,Business Bay,549976
402,735,2025-11-28 22:27:34.568462,view,Business Bay,1112181
402,904,2025-12-01 22:27:32.812910,view,JVC,1115937
402,862,2025-12-01 22:27:37.215116,view,Business Bay,1037977
402,135,2025-12-02 22:27:34.097995,view,JVC,965982
402,914,2025-12-02 22:27:37.341247,view,Business Bay,1323759
402,320,2025-12-03 22:27:35.382062,view,JVC,1248736
402,785,2025-12-04 22:27:32.670306,view,Business Bay,1128889
402,319,2025-12-05 22:27:33.924257,view,Business Bay,1307744
402,768,2025-12-05 22:27:34.364408,view,JVC,1206673
402,222,2025-12-05 22:27:34.695292,view,Business Bay,1249971
402,343,2025-12-06 22:27:35.539550,view,JVC,1282877
402,135,2025-12-08 22:27:33.956201,view,JVC,965982
402,334,2025-12-08 22:27:37.598447,view,JVC,1328791
402,421,2025-12-09 22:27:35.242661,view,JVC,914299
402,530,2025-12-11 22:27:36.119817,view,Business Bay,1234983
402,773,2025-12-13 22:27:32.733847,view,JVC,1253494
402,785,2025-12-14 22:27:34.114079,view,Business Bay,1128889
402,451,2025-12-16 22:27:35.382062,view,Business Bay,1188152
402,904,2025-12-16 22:27:35.555661,view,JVC,1115937
402,495,2025-12-16 22:27:36.072321,view,Business Bay,1154224
402,773,2025-12-19 22:27:33.477385,view,JVC,1253494
402,957,2025-12-20 22:27:33.717672,view,Business Bay,1243088
402,644,2025-12-20 22:27:36.781005,view,JVC,1176296
402,45,2025-12-25 22:27:33.156274,view,JVC,739968
402,451,2025-12-25 22:27:37.677650,view,Business Bay,1188152
402,862,2025-12-26 22:27:35.897847,view,Business Bay,1037977
403,148,2025-11-28 22:27:34.505647,view,Downtown Dubai,1857453
403,923,2025-11-28 22:27:36.361190,view,Palm Jumeirah,781696
403,900,2025-11-28 22:27:37.151904,view,Palm Jumeirah,1342840
403,855,2025-12-03 22:27:34.880092,contact_agent,JVC,1101891
403,920,2025-12-07 22:27:36.979040,view,Palm Jumeirah,1084010
403,643,2025-12-11 22:27:32.584235,view,Downtown Dubai,1998339
403,131,2025-12-11 22:27:32.619744,view,Marina,914994
403,627,2025-12-14 22:27:33.735638,view,JVC,1415113
403,899,2025-12-15 22:27:34.129738,view,Downtown Dubai,763625
403,651,2025-12-16 22:27:32.381454,view,JVC,1278883
403,895,2025-12-18 22:27:34.224170,view,Marina,797675
403,773,2025-12-21 22:27:37.661947,view,JVC,1253494
403,240,2025-12-23 22:27:37.136251,view,Business Bay,692512
403,782,2025-12-25 22:27:36.963350,view,Palm Jumeirah,1215339
404,603,2025-11-28 22:27:36.400390,shortlist,Downtown Dubai,1290645
404,640,2025-11-30 22:27:34.769822,view,Business Bay,1947947
404,853,2025-11-30 22:27:35.037839,view,Marina,1284192
404,311,2025-12-01 22:27:33.328368,view,Palm Jumeirah,828821
404,434,2025-12-05 22:27:33.829898,view,JVC,681948
404,899,2025-12-09 22:27:36.794383,view,Downtown Dubai,763625
404,728,2025-12-10 22:27:31.999113,view,Palm Jumeirah,1426215
404,801,2025-12-12 22:27:34.082338,shortlist,Business Bay,1186268
404,703,2025-12-13 22:27:34.427263,view,Marina,1363659
404,132,2025-12-14 22:27:33.691849,view,Business Bay,1441768
404,727,2025-12-14 22:27:33.751414,view,JVC,1598657
404,103,2025-12-15 22:27:33.924257,view,Downtown Dubai,1965744
404,598,2025-12-16 22:27:32.395205,view,Marina,1789467
404,874,2025-12-16 22:27:37.725098,view,Marina,1208672
404,922,2025-12-19 22:27:34.251887,view,JVC,1353392
404,934,2025-12-20 22:27:35.292370,view,Marina,1888509
404,749,2025-12-20 22:27:37.246480,view,Marina,979083
404,741,2025-12-22 22:27:34.848462,contact_agent,JVC,781854
404,459,2025-12-23 22:27:34.537135,view,Marina,1437635
404,997,2025-12-24 22:27:37.042084,view,Marina,1334874
404,560,2025-12-25 22:27:33.081318,view,Marina,1896436
404,848,2025-12-27 22:27:33.845565,view,JVC,1945065
405,331,2025-11-30 22:27:34.145735,view,Palm Jumeirah,1115863
405,678,2025-11-30 22:27:37.867422,shortlist,JVC,1056718
405,899,2025-12-01 22:27:31.919915,view,Downtown Dubai,763625
405,608,2025-12-01 22:27:34.568462,view,JVC,1605710
405,508,2025-12-02 22:27:32.749764,view,JVC,1711569
405,14,2025-12-02 22:27:33.171421,view,JVC,1948763
405,561,2025-12-06 22:27:35.288252,view,JVC,1167540
405,451,2025-12-06 22:27:37.104894,view,Business Bay,1188152
405,99,2025-12-07 22:27:37.567539,view,Business Bay,943316
405,472,2025-12-08 22:27:36.763152,view,JVC,718401
405,4,2025-12-10 22:27:37.630182,contact_agent,JVC,1774634
405,503,2025-12-11 22:27:33.375807,view,Marina,1062621
405,16,2025-12-11 22:27:34.631909,view,Marina,1756715
405,978,2025-12-14 22:27:36.432216,view,Downtown Dubai,789134
405,158,2025-12-16 22:27:33.002524,view,JVC,1916828
405,782,2025-12-17 22:27:32.178673,view,Palm Jumeirah,1215339
405,137,2025-12-17 22:27:32.306695,view,JVC,773146
405,338,2025-12-17 22:27:32.955285,view,JVC,876794
405,896,2025-12-17 22:27:34.726781,view,Marina,1208175
405,817,2025-12-18 22:27:36.416141,view,Business Bay,549976
405,634,2025-12-20 22:27:35.850785,view,JVC,529336
405,14,2025-12-21 22:27:34.474315,view,JVC,1948763
405,701,2025-12-22 22:27:32.062391,view,Business Bay,1484156
405,56,2025-12-22 22:27:37.246480,view,Palm Jumeirah,1527557
405,561,2025-12-22 22:27:37.461109,view,JVC,1167540
405,448,2025-12-23 22:27:35.021784,contact_agent,Palm Jumeirah,1978768
405,906,2025-12-23 22:27:37.104894,view,Business Bay,519477
405,660,2025-12-24 22:27:33.782751,view,Marina,757354
405,453,2025-12-24 22:27:37.357047,view,Marina,1538336
405,993,2025-12-27 22:27:36.605705,view,JVC,1588963
406,880,2025-11-29 22:27:36.653111,view,JVC,1883875
406,644,2025-12-03 22:27:33.456682,shortlist,JVC,1176296
406,323,2025-12-04 22:27:32.471965,view,JVC,517297
406,145,2025-12-05 22:27:33.177632,view,Palm Jumeirah,577175
406,916,2025-12-07 22:27:34.895998,view,JVC,631184
406,594,2025-12-11 22:27:35.929596,view,Downtown Dubai,1794315
406,808,2025-12-12 22:27:36.526439,shortlist,Palm Jumeirah,647745
406,970,2025-12-13 22:27:35.476419,view,Palm Jumeirah,1579525
406,197,2025-12-14 22:27:34.767792,view,Business Bay,862455
406,292,2025-12-18 22:27:36.810172,view,Palm Jumeirah,708944
406,222,2025-12-19 22:27:34.225051,view,Business Bay,1249971
406,153,2025-12-20 22:27:36.979040,view,Marina,663834
406,277,2025-12-24 22:27:36.495041,view,Business Bay,606022
406,853,2025-12-25 22:27:37.788279,view,Marina,1284192
406,695,2025-12-26 22:27:34.616250,view,JVC,1895285
407,959,2025-11-29 22:27:32.273188,view,Downtown Dubai,559778
407,488,2025-12-01 22:27:32.655167,view,Downtown Dubai,1013313
407,723,2025-12-02 22:27:32.595984,view,Palm Jumeirah,1969793
407,890,2025-12-02 22:27:34.537135,view,Downtown Dubai,1523920
407,331,2025-12-02 22:27:35.993182,view,Palm Jumeirah,1115863
407,250,2025-12-03 22:27:33.249970,view,Palm Jumeirah,1147341
407,199,2025-12-05 22:27:33.924257,shortlist,Marina,1534586
407,618,2025-12-06 22:27:37.740841,view,Palm Jumeirah,1179447
407,480,2025-12-08 22:27:35.294423,view,Palm Jumeirah,687771
407,437,2025-12-12 22:27:37.835300,view,JVC,1706751
407,603,2025-12-13 22:27:34.958835,view,Downtown Dubai,1290645
407,592,2025-12-13 22:27:35.697261,view,Business Bay,1858097
407,906,2025-12-13 22:27:37.215116,view,Business Bay,519477
407,135,2025-12-16 22:27:32.749764,view,JVC,965982
407,298,2025-12-16 22:27:37.167880,view,Downtown Dubai,1546161
407,727,2025-12-17 22:27:36.753637,view,JVC,1598657
407,674,2025-12-18 22:27:37.756564,view,Downtown Dubai,1234275
407,969,2025-12-19 22:27:37.921927,view,Marina,1511930
407,985,2025-12-20 22:27:36.842168,view,Marina,1552425
407,86,2025-12-21 22:27:36.994837,view,Marina,1653224
407,157,2025-12-24 22:27:34.943153,view,Palm Jumeirah,1825569
407,479,2025-12-27 22:27:37.803964,view,Marina,1692097
408,424,2025-11-28 22:27:35.866469,view,Business Bay,4661900
408,245,2025-12-03 22:27:32.198429,view,JVC,3848924
408,800,2025-12-03 22:27:33.892633,view,JVC,3791070
408,724,2025-12-06 22:27:33.049967,view,Marina,4990512
408,760,2025-12-06 22:27:33.423343,view,Palm Jumeirah,4820614
408,515,2025-12-07 22:27:33.423343,view,Marina,3992099
408,193,2025-12-07 22:27:34.269269,view,Marina,4082299
408,901,2025-12-08 22:27:37.554074,view,JVC,4894643
408,816,2025-12-10 22:27:36.400390,view,Palm Jumeirah,3814344
408,316,2025-12-13 22:27:36.432216,view,Downtown Dubai,4127447
408,827,2025-12-15 22:27:37.466741,view,Marina,4061262
408,304,2025-12-20 22:27:32.241684,view,Downtown Dubai,3161198
408,329,2025-12-20 22:27:35.866469,view,Marina,3380304
408,63,2025-12-26 22:27:33.735638,contact_agent,Business Bay,4347125
408,284,2025-12-27 22:27:37.073407,view,Downtown Dubai,3782831
408,787,2025-12-27 22:27:37.740841,view,Downtown Dubai,4344886
409,560,2025-11-29 22:27:35.744617,view,Marina,1896436
409,406,2025-11-30 22:27:34.208482,view,Marina,1643647
409,439,2025-11-30 22:27:36.182615,view,Palm Jumeirah,717770
409,906,2025-12-01 22:27:32.556733,view,Business Bay,519477
409,977,2025-12-03 22:27:32.428711,view,Palm Jumeirah,1781506
409,69,2025-12-03 22:27:33.065626,view,Marina,1906368
409,46,2025-12-03 22:27:37.372983,view,JVC,788963
409,69,2025-12-04 22:27:32.517221,view,Marina,1906368
409,6,2025-12-06 22:27:33.423343,view,JVC,1728807
409,102,2025-12-07 22:27:33.987977,view,Marina,975595
409,957,2025-12-07 22:27:36.182615,view,Business Bay,1243088
409,712,2025-12-08 22:27:33.691366,view,Business Bay,1312283
409,413,2025-12-08 22:27:33.829898,view,Business Bay,841207
409,138,2025-12-09 22:27:32.564479,contact_agent,Downtown Dubai,1664795
409,896,2025-12-10 22:27:33.120766,view,Marina,1208175
409,954,2025-12-12 22:27:35.744617,view,Downtown Dubai,1152755
409,9,2025-12-12 22:27:37.151904,contact_agent,JVC,914600
409,343,2025-12-14 22:27:32.046730,view,JVC,1282877
409,934,2025-12-14 22:27:34.927497,view,Marina,1888509
409,137,2025-12-14 22:27:36.605705,view,JVC,773146
409,451,2025-12-18 22:27:33.829898,view,Business Bay,1188152
409,59,2025-12-18 22:27:34.864304,view,Business Bay,1706123
409,599,2025-12-21 22:27:35.603000,view,Downtown Dubai,664074
409,324,2025-12-21 22:27:37.073407,view,JVC,1288443
409,551,2025-12-23 22:27:34.958835,view,JVC,1255612
409,798,2025-12-24 22:27:34.832773,view,JVC,1924663
409,91,2025-12-25 22:27:35.634416,view,Downtown Dubai,1804766
409,6,2025-12-25 22:27:36.293332,view,JVC,1728807
409,368,2025-12-26 22:27:36.621360,view,Business Bay,626060
410,510,2025-11-28 22:27:37.772602,view,Marina,1656083
410,650,2025-12-02 22:27:37.089117,view,Marina,773452
410,19,2025-12-04 22:27:36.324648,view,Palm Jumeirah,1324143
410,900,2025-12-05 22:27:33.533259,view,Palm Jumeirah,1342840
410,705,2025-12-10 22:27:33.391650,view,Business Bay,1703920
410,545,2025-12-16 22:27:32.341942,view,JVC,1460652
410,967,2025-12-16 22:27:36.510741,view,JVC,1022154
410,481,2025-12-17 22:27:37.819617,view,Palm Jumeirah,737199
410,46,2025-12-18 22:27:32.267183,view,JVC,788963
410,157,2025-12-19 22:27:36.368381,view,Palm Jumeirah,1825569
410,853,2025-12-21 22:27:34.237110,view,Marina,1284192
410,145,2025-12-21 22:27:34.332736,view,Palm Jumeirah,577175
410,934,2025-12-21 22:27:34.768820,view,Marina,1888509
410,765,2025-12-22 22:27:37.819617,shortlist,Downtown Dubai,1594316
410,162,2025-12-24 22:27:37.709313,contact_agent,Marina,785711
410,792,2025-12-25 22:27:34.269269,view,Marina,691387
410,993,2025-12-27 22:27:34.474315,view,JVC,1588963
410,292,2025-12-27 22:27:35.650122,view,Palm Jumeirah,708944
411,670,2025-11-28 22:27:35.961151,view,JVC,1244748
411,678,2025-11-30 22:27:32.298688,view,JVC,1056718
411,983,2025-12-02 22:27:33.423343,view,Business Bay,1414565
411,773,2025-12-03 22:27:35.366371,shortlist,JVC,1253494
411,802,2025-12-03 22:27:37.357047,view,JVC,1301955
411,712,2025-12-04 22:27:34.458603,shortlist,Business Bay,1312283
411,500,2025-12-04 22:27:35.650122,view,Business Bay,954418
411,434,2025-12-06 22:27:36.368381,view,JVC,681948
411,773,2025-12-08 22:27:37.042084,view,JVC,1253494
411,828,2025-12-09 22:27:32.655167,view,Business Bay,708859
411,421,2025-12-09 22:27:33.751414,view,JVC,914299
411,919,2025-12-10 22:27:34.895998,view,Business Bay,745300
411,177,2025-12-13 22:27:37.788279,view,Business Bay,1255111
411,701,2025-12-16 22:27:32.970954,view,Business Bay,1484156
411,99,2025-12-17 22:27:31.759195,contact_agent,Business Bay,943316
411,627,2025-12-17 22:27:37.677650,view,JVC,1415113
411,392,2025-12-18 22:27:36.416141,view,JVC,739779
411,644,2025-12-20 22:27:35.242661,view,JVC,1176296
411,413,2025-12-21 22:27:32.464220,view,Business Bay,841207
411,495,2025-12-21 22:27:36.781005,view,Business Bay,1154224
411,741,2025-12-23 22:27:37.646283,view,JVC,781854
411,735,2025-12-25 22:27:35.163349,view,Business Bay,1112181
411,801,2025-12-27 22:27:37.725098,view,Business Bay,1186268
412,78,2025-12-01 22:27:34.051015,view,JVC,794746
412,135,2025-12-01 22:27:35.302649,shortlist,JVC,965982
412,135,2025-12-01 22:27:37.867422,view,JVC,965982
412,773,2025-12-02 22:27:35.460757,view,JVC,1253494
412,277,2025-12-04 22:27:34.380201,view,Business Bay,606022
412,773,2025-12-06 22:27:32.702049,view,JVC,1253494
412,982,2025-12-08 22:27:35.697261,view,Business Bay,1237090
412,197,2025-12-10 22:27:34.285406,shortlist,Business Bay,862455
412,830,2025-12-11 22:27:35.507778,contact_agent,Business Bay,545475
412,561,2025-12-11 22:27:35.665778,view,JVC,1167540
412,545,2025-12-14 22:27:33.018245,view,JVC,1460652
412,735,2025-12-14 22:27:36.731523,view,Business Bay,1112181
412,392,2025-12-18 22:27:33.533259,view,JVC,739779
412,670,2025-12-18 22:27:36.479360,contact_agent,JVC,1244748
412,392,2025-12-19 22:27:37.278440,view,JVC,739779
412,862,2025-12-19 22:27:37.582497,view,Business Bay,1037977
412,451,2025-12-20 22:27:35.132012,view,Business Bay,1188152
412,320,2025-12-25 22:27:37.294126,view,JVC,1248736
412,451,2025-12-26 22:27:37.309782,view,Business Bay,1188152
413,78,2025-11-30 22:27:32.217923,view,JVC,794746
413,854,2025-12-02 22:27:36.400390,view,Business Bay,1420114
413,9,2025-12-06 22:27:33.265626,view,JVC,914600
413,551,2025-12-06 22:27:34.647560,view,JVC,1255612
413,967,2025-12-06 22:27:34.990265,view,JVC,1022154
413,967,2025-12-08 22:27:37.104894,view,JVC,1022154
413,132,2025-12-14 22:27:33.002524,view,Business Bay,1441768
413,735,2025-12-15 22:27:34.880092,view,Business Bay,1112181
413,927,2025-12-18 22:27:33.114761,view,Business Bay,1490029
413,99,2025-12-24 22:27:33.466164,view,Business Bay,943316
414,472,2025-11-28 22:27:35.634416,view,JVC,718401
414,906,2025-11-28 22:27:36.040977,view,Business Bay,519477
414,644,2025-12-03 22:27:36.040977,view,JVC,1176296
414,301,2025-12-06 22:27:32.644904,view,JVC,1173218
414,421,2025-12-08 22:27:32.955285,view,JVC,914299
414,392,2025-12-09 22:27:36.009292,view,JVC,739779
414,386,2025-12-12 22:27:33.265626,view,Business Bay,1102276
414,561,2025-12-14 22:27:32.122325,view,JVC,1167540
414,530,2025-12-16 22:27:33.675182,view,Business Bay,1234983
414,735,2025-12-23 22:27:32.578230,view,Business Bay,1112181
414,982,2025-12-23 22:27:37.309782,view,Business Bay,1237090
414,324,2025-12-24 22:27:36.293332,view,JVC,1288443
414,301,2025-12-25 22:27:36.526439,view,JVC,1173218
414,854,2025-12-26 22:27:32.152913,view,Business Bay,1420114
414,123,2025-12-26 22:27:33.628134,contact_agent,JVC,963001
415,587,2025-11-28 22:27:32.361698,view,Marina,1918412
415,791,2025-11-29 22:27:33.375807,view,Palm Jumeirah,725391
415,792,2025-11-29 22:27:35.618659,contact_agent,Marina,691387
415,978,2025-11-29 22:27:36.009292,view,Downtown Dubai,789134
415,318,2025-11-30 22:27:34.364408,view,Palm Jumeirah,568803
415,319,2025-12-03 22:27:31.983449,view,Business Bay,1307744
415,411,2025-12-03 22:27:36.182615,view,Palm Jumeirah,921280
415,768,2025-12-03 22:27:36.182615,view,JVC,1206673
415,919,2025-12-03 22:27:36.384326,view,Business Bay,745300
415,529,2025-12-04 22:27:33.735638,contact_agent,Palm Jumeirah,1314422
415,928,2025-12-05 22:27:36.277680,view,Marina,654692
415,455,2025-12-06 22:27:37.425065,view,Business Bay,1668932
415,781,2025-12-07 22:27:37.756564,view,Downtown Dubai,546002
415,98,2025-12-09 22:27:37.725098,view,JVC,1127220
415,648,2025-12-10 22:27:32.749764,view,Marina,1052439
415,551,2025-12-14 22:27:36.009292,view,JVC,1255612
415,453,2025-12-17 22:27:36.901425,view,Marina,1538336
415,328,2025-12-18 22:27:32.215921,view,Marina,1727146
415,774,2025-12-18 22:27:36.308994,view,Marina,923177
415,834,2025-12-19 22:27:33.845565,view,Marina,1344081
415,174,2025-12-19 22:27:34.380201,view,Palm Jumeirah,812023
415,776,2025-12-23 22:27:32.749764,view,Downtown Dubai,1267876
415,392,2025-12-23 22:27:32.749764,view,JVC,739779
415,414,2025-12-23 22:27:36.416141,view,Palm Jumeirah,1730746
415,297,2025-12-26 22:27:32.626522,view,Marina,1697162
416,773,2025-11-28 22:27:35.492085,view,JVC,1253494
416,368,2025-12-01 22:27:33.312669,view,Business Bay,626060
416,828,2025-12-03 22:27:36.637455,view,Business Bay,708859
416,319,2025-12-03 22:27:37.567539,view,Business Bay,1307744
416,617,2025-12-04 22:27:35.929596,view,Business Bay,1207173
416,617,2025-12-08 22:27:35.147694,view,Business Bay,1207173
416,585,2025-12-09 22:27:36.229728,view,JVC,838540
416,429,2025-12-12 22:27:35.302649,view,Business Bay,1135719
416,632,2025-12-15 22:27:36.088299,view,Business Bay,792575
416,741,2025-12-15 22:27:37.372983,view,JVC,781854
416,914,2025-12-18 22:27:32.312439,view,Business Bay,1323759
416,828,2025-12-18 22:27:35.242661,view,Business Bay,708859
416,785,2025-12-19 22:27:33.892633,shortlist,Business Bay,1128889
416,922,2025-12-20 22:27:36.182615,view,JVC,1353392
416,773,2025-12-21 22:27:32.717827,view,JVC,1253494
416,7,2025-12-22 22:27:36.963350,view,Business Bay,622775
416,854,2025-12-23 22:27:33.002524,shortlist,Business Bay,1420114
416,585,2025-12-23 22:27:33.675182,view,JVC,838540
416,354,2025-12-23 22:27:34.301091,view,Business Bay,667647
416,741,2025-12-23 22:27:36.040977,view,JVC,781854
416,904,2025-12-24 22:27:33.049967,view,JVC,1115937
416,334,2025-12-24 22:27:34.066676,view,JVC,1328791
416,712,2025-12-25 22:27:34.505647,contact_agent,Business Bay,1312283
416,855,2025-12-25 22:27:35.681524,view,JVC,1101891
416,99,2025-12-26 22:27:31.837016,view,Business Bay,943316
416,320,2025-12-26 22:27:31.983449,view,JVC,1248736
417,37,2025-12-01 22:27:35.810089,contact_agent,Palm Jumeirah,1078688
417,301,2025-12-02 22:27:32.546725,view,JVC,1173218
417,978,2025-12-04 22:27:35.492085,view,Downtown Dubai,789134
417,437,2025-12-07 22:27:33.735638,view,JVC,1706751
417,275,2025-12-08 22:27:37.851374,view,Downtown Dubai,1356626
417,631,2025-12-16 22:27:32.479973,contact_agent,Downtown Dubai,923332
417,708,2025-12-18 22:27:35.492085,view,Downtown Dubai,1247852
417,439,2025-12-19 22:27:34.316827,view,Palm Jumeirah,717770
417,594,2025-12-19 22:27:36.605705,view,Downtown Dubai,1794315
417,839,2025-12-20 22:27:36.293332,view,Palm Jumeirah,727189
417,959,2025-12-20 22:27:37.661947,view,Downtown Dubai,559778
417,297,2025-12-22 22:27:37.867422,view,Marina,1697162
417,870,2025-12-23 22:27:31.792106,contact_agent,Palm Jumeirah,542291
417,711,2025-12-24 22:27:32.424708,view,Marina,1607810
417,967,2025-12-24 22:27:34.911693,contact_agent,JVC,1022154
417,500,2025-12-25 22:27:33.603549,view,Business Bay,954418
418,301,2025-11-28 22:27:33.517603,view,JVC,1173218
418,434,2025-11-28 22:27:34.177072,view,JVC,681948
418,421,2025-11-30 22:27:36.684542,contact_agent,JVC,914299
418,98,2025-12-01 22:27:32.271187,view,JVC,1127220
418,320,2025-12-02 22:27:37.089117,view,JVC,1248736
418,817,2025-12-04 22:27:33.175550,view,Business Bay,549976
418,862,2025-12-05 22:27:35.297503,view,Business Bay,1037977
418,323,2025-12-08 22:27:32.391201,view,JVC,517297
418,670,2025-12-15 22:27:37.136251,view,JVC,1244748
418,982,2025-12-16 22:27:32.078176,view,Business Bay,1237090
418,658,2025-12-20 22:27:35.449245,view,Business Bay,642980
418,773,2025-12-22 22:27:35.226970,view,JVC,1253494
418,368,2025-12-24 22:27:33.675182,view,Business Bay,626060
418,320,2025-12-25 22:27:36.890076,view,JVC,1248736
419,631,2025-11-29 22:27:34.505647,view,Downtown Dubai,923332
419,916,2025-11-30 22:27:33.782751,view,JVC,631184
419,778,2025-12-02 22:27:34.243247,view,Palm Jumeirah,1706184
419,322,2025-12-03 22:27:36.842168,view,Downtown Dubai,745404
419,67,2025-12-04 22:27:35.382062,view,Palm Jumeirah,1356047
419,741,2025-12-06 22:27:37.151904,shortlist,JVC,781854
419,854,2025-12-07 22:27:32.621746,shortlist,Business Bay,1420114
419,45,2025-12-08 22:27:32.255435,view,JVC,739968
419,749,2025-12-14 22:27:36.715861,view,Marina,979083
419,862,2025-12-14 22:27:37.921927,view,Business Bay,1037977
419,788,2025-12-15 22:27:36.324648,view,Downtown Dubai,1425779
419,356,2025-12-15 22:27:36.794383,view,Marina,935477
419,792,2025-12-17 22:27:32.717827,view,Marina,691387
419,916,2025-12-18 22:27:33.249970,contact_agent,JVC,631184
419,678,2025-12-19 22:27:32.655167,view,JVC,1056718
419,782,2025-12-20 22:27:33.533259,contact_agent,Palm Jumeirah,1215339
419,798,2025-12-20 22:27:37.262377,view,JVC,1924663
419,841,2025-12-24 22:27:34.395899,view,Marina,1968919
419,862,2025-12-24 22:27:34.743408,view,Business Bay,1037977
419,817,2025-12-25 22:27:32.120185,view,Business Bay,549976
419,130,2025-12-26 22:27:32.312439,view,JVC,739017
419,795,2025-12-27 22:27:36.229728,view,JVC,1874073
420,801,2025-11-28 22:27:34.269269,view,Business Bay,1186268
420,556,2025-12-04 22:27:36.261867,view,Business Bay,785622
420,768,2025-12-05 22:27:31.967677,view,JVC,1206673
420,658,2025-12-05 22:27:34.695292,view,Business Bay,642980
420,922,2025-12-06 22:27:32.304693,view,JVC,1353392
420,922,2025-12-07 22:27:34.764706,view,JVC,1353392
420,802,2025-12-13 22:27:35.744617,view,JVC,1301955
420,769,2025-12-15 22:27:36.810172,contact_agent,JVC,1301849
420,70,2025-12-17 22:27:35.882131,view,Business Bay,1345474
420,585,2025-12-19 22:27:36.151287,view,JVC,838540
420,927,2025-12-19 22:27:37.540794,view,Business Bay,1490029
420,615,2025-12-21 22:27:34.427263,view,JVC,1237954
420,627,2025-12-22 22:27:34.537135,view,JVC,1415113
420,474,2025-12-22 22:27:35.744617,view,JVC,659292
420,98,2025-12-24 22:27:33.049967,view,JVC,1127220
420,70,2025-12-26 22:27:34.411577,view,Business Bay,1345474
420,282,2025-12-26 22:27:34.552797,view,JVC,661445
421,32,2025-11-28 22:27:32.955285,view,Downtown Dubai,773349
421,197,2025-11-28 22:27:34.019313,view,Business Bay,862455
421,699,2025-11-30 22:27:32.015066,view,Business Bay,1906978
421,394,2025-11-30 22:27:32.558735,view,Marina,1288140
421,634,2025-11-30 22:27:34.301091,view,JVC,529336
421,132,2025-12-01 22:27:35.866469,view,Business Bay,1441768
421,687,2025-12-05 22:27:35.760271,view,Marina,768083
421,788,2025-12-05 22:27:37.010531,view,Downtown Dubai,1425779
421,232,2025-12-05 22:27:37.677650,view,JVC,1685111
421,274,2025-12-09 22:27:37.199358,contact_agent,Palm Jumeirah,1361069
421,597,2025-12-10 22:27:35.634416,shortlist,Palm Jumeirah,1858311
421,957,2025-12-10 22:27:36.715861,view,Business Bay,1243088
421,655,2025-12-15 22:27:34.161387,view,Palm Jumeirah,1262371
421,331,2025-12-19 22:27:34.145735,view,Palm Jumeirah,1115863
421,650,2025-12-19 22:27:34.505647,view,Marina,773452
421,551,2025-12-19 22:27:35.744617,view,JVC,1255612
421,382,2025-12-20 22:27:33.423343,view,Downtown Dubai,1371522
421,830,2025-12-20 22:27:34.743408,view,Business Bay,545475
421,6,2025-12-21 22:27:35.977057,view,JVC,1728807
421,966,2025-12-21 22:27:37.677650,view,Downtown Dubai,1898949
421,131,2025-12-23 22:27:34.880092,view,Marina,914994
421,658,2025-12-24 22:27:35.147694,view,Business Bay,642980
421,222,2025-12-24 22:27:36.857851,view,Business Bay,1249971
421,232,2025-12-26 22:27:34.801395,contact_agent,JVC,1685111
422,197,2025-11-29 22:27:33.081318,shortlist,Business Bay,862455
422,386,2025-12-01 22:27:32.184417,view,Business Bay,1102276
422,769,2025-12-01 22:27:33.249970,view,JVC,1301849
422,922,2025-12-01 22:27:35.382062,view,JVC,1353392
422,7,2025-12-03 22:27:31.826670,view,Business Bay,622775
422,855,2025-12-04 22:27:32.955285,view,JVC,1101891
422,186,2025-12-04 22:27:35.993182,view,Business Bay,588668
422,277,2025-12-05 22:27:32.320445,view,Business Bay,606022
422,343,2025-12-05 22:27:34.647560,view,JVC,1282877
422,627,2025-12-07 22:27:35.697261,view,JVC,1415113
422,556,2025-12-11 22:27:34.711013,view,Business Bay,785622
422,785,2025-12-12 22:27:33.146265,view,Business Bay,1128889
422,434,2025-12-17 22:27:37.215116,view,JVC,681948
422,130,2025-12-19 22:27:35.587005,view,JVC,739017
422,282,2025-12-19 22:27:36.245845,view,JVC,661445
422,526,2025-12-21 22:27:33.720913,view,JVC,1078526
422,738,2025-12-23 22:27:37.278440,view,JVC,639227
422,324,2025-12-24 22:27:34.474315,view,JVC,1288443
422,919,2025-12-25 22:27:36.432216,view,Business Bay,745300
422,644,2025-12-26 22:27:33.782751,view,JVC,1176296
422,137,2025-12-27 22:27:32.970954,view,JVC,773146
423,923,2025-11-28 22:27:33.782751,view,Palm Jumeirah,781696
423,830,2025-11-28 22:27:36.794383,view,Business Bay,545475
423,530,2025-11-28 22:27:37.042084,view,Business Bay,1234983
423,660,2025-11-29 22:27:33.018245,view,Marina,757354
423,118,2025-12-02 22:27:33.359702,contact_agent,Business Bay,1521469
423,655,2025-12-06 22:27:32.556733,view,Palm Jumeirah,1262371
423,509,2025-12-06 22:27:33.049967,view,Downtown Dubai,1695885
423,634,2025-12-06 22:27:36.024976,view,JVC,529336
423,138,2025-12-06 22:27:36.198305,view,Downtown Dubai,1664795
423,993,2025-12-12 22:27:33.081318,view,JVC,1588963
423,985,2025-12-12 22:27:33.691849,view,Marina,1552425
423,640,2025-12-12 22:27:35.302649,shortlist,Business Bay,1947947
423,70,2025-12-13 22:27:35.618659,view,Business Bay,1345474
423,587,2025-12-13 22:27:37.010531,view,Marina,1918412
423,855,2025-12-14 22:27:34.631909,view,JVC,1101891
423,297,2025-12-16 22:27:34.880092,view,Marina,1697162
423,705,2025-12-18 22:27:33.081318,view,Business Bay,1703920
423,287,2025-12-21 22:27:35.728604,view,Palm Jumeirah,1010370
423,118,2025-12-25 22:27:32.336198,view,Business Bay,1521469
423,676,2025-12-25 22:27:32.781570,contact_agent,JVC,1534186
423,914,2025-12-26 22:27:32.430713,view,Business Bay,1323759
423,386,2025-12-26 22:27:36.447880,view,Business Bay,1102276
423,67,2025-12-27 22:27:32.670306,view,Palm Jumeirah,1356047
424,394,2025-11-28 22:27:32.844287,view,Marina,1288140
424,265,2025-11-28 22:27:35.791868,contact_agent,Downtown Dubai,937625
424,216,2025-11-30 22:27:35.977057,view,Palm Jumeirah,1369807
424,148,2025-12-01 22:27:33.643839,view,Downtown Dubai,1857453
424,277,2025-12-04 22:27:35.211244,view,Business Bay,606022
424,999,2025-12-06 22:27:32.373447,view,Marina,1278799
424,480,2025-12-06 22:27:36.072321,view,Palm Jumeirah,687771
424,957,2025-12-07 22:27:35.116356,view,Business Bay,1243088
424,603,2025-12-08 22:27:35.603000,view,Downtown Dubai,1290645
424,785,2025-12-11 22:27:32.046730,view,Business Bay,1128889
424,455,2025-12-13 22:27:33.344050,view,Business Bay,1668932
424,875,2025-12-14 22:27:34.568462,view,Downtown Dubai,837369
424,351,2025-12-15 22:27:32.859951,view,Palm Jumeirah,1350350
424,473,2025-12-20 22:27:34.848462,view,Downtown Dubai,1485132
424,841,2025-12-21 22:27:32.336198,shortlist,Marina,1968919
424,977,2025-12-22 22:27:32.499467,view,Palm Jumeirah,1781506
424,171,2025-12-22 22:27:37.630182,view,Marina,901067
424,459,2025-12-23 22:27:35.293396,view,Marina,1437635
424,906,2025-12-23 22:27:36.931724,view,Business Bay,519477
425,701,2025-11-28 22:27:34.568462,view,Business Bay,1484156
425,78,2025-12-01 22:27:35.961151,view,JVC,794746
425,472,2025-12-04 22:27:32.501469,view,JVC,718401
425,768,2025-12-06 22:27:36.432216,view,JVC,1206673
425,137,2025-12-07 22:27:32.578230,view,JVC,773146
425,738,2025-12-08 22:27:33.675182,view,JVC,639227
425,712,2025-12-10 22:27:36.214007,view,Business Bay,1312283
425,132,2025-12-11 22:27:33.845565,view,Business Bay,1441768
425,177,2025-12-13 22:27:36.700206,view,Business Bay,1255111
425,617,2025-12-15 22:27:33.034256,view,Business Bay,1207173
425,904,2025-12-16 22:27:32.316442,view,JVC,1115937
425,830,2025-12-17 22:27:34.348710,view,Business Bay,545475
425,678,2025-12-19 22:27:32.892157,view,JVC,1056718
425,585,2025-12-19 22:27:35.195138,contact_agent,JVC,838540
425,421,2025-12-19 22:27:36.963350,view,JVC,914299
425,222,2025-12-21 22:27:32.812910,view,Business Bay,1249971
425,392,2025-12-23 22:27:35.302649,view,JVC,739779
425,617,2025-12-24 22:27:33.751414,view,Business Bay,1207173
425,320,2025-12-25 22:27:35.634416,view,JVC,1248736
425,530,2025-12-26 22:27:37.167880,view,Business Bay,1234983
426,874,2025-11-29 22:27:33.439002,view,Marina,1208672
426,701,2025-11-30 22:27:32.828631,view,Business Bay,1484156
426,631,2025-12-01 22:27:36.135475,view,Downtown Dubai,923332
426,917,2025-12-02 22:27:36.994837,view,JVC,1635627
426,9,2025-12-05 22:27:33.892633,view,JVC,914600
426,916,2025-12-06 22:27:33.845565,view,JVC,631184
426,453,2025-12-07 22:27:37.406729,view,Marina,1538336
426,338,2025-12-08 22:27:37.215116,view,JVC,876794
426,802,2025-12-10 22:27:35.195138,view,JVC,1301955
426,583,2025-12-11 22:27:34.647560,view,Palm Jumeirah,618581
426,778,2025-12-12 22:27:31.846522,view,Palm Jumeirah,1706184
426,727,2025-12-12 22:27:37.329450,contact_agent,JVC,1598657
426,301,2025-12-14 22:27:32.172669,view,JVC,1173218
426,741,2025-12-15 22:27:35.945263,view,JVC,781854
426,386,2025-12-15 22:27:36.384326,contact_agent,Business Bay,1102276
426,896,2025-12-15 22:27:36.794383,view,Marina,1208175
426,645,2025-12-15 22:27:37.582497,view,Marina,879039
426,406,2025-12-19 22:27:31.779760,view,Marina,1643647
426,227,2025-12-20 22:27:34.114079,view,Downtown Dubai,1842057
426,551,2025-12-20 22:27:37.341247,view,JVC,1255612
426,983,2025-12-22 22:27:34.285406,view,Business Bay,1414565
427,495,2025-11-28 22:27:37.089117,contact_agent,Business Bay,1154224
427,7,2025-11-30 22:27:35.618659,view,Business Bay,622775
427,99,2025-12-02 22:27:36.963350,view,Business Bay,943316
427,474,2025-12-03 22:27:34.192729,contact_agent,JVC,659292
427,802,2025-12-06 22:27:31.761197,view,JVC,1301955
427,617,2025-12-07 22:27:36.542092,view,Business Bay,1207173
427,773,2025-12-11 22:27:35.460757,shortlist,JVC,1253494
427,135,2025-12-11 22:27:35.650122,view,JVC,965982
427,551,2025-12-11 22:27:36.261867,view,JVC,1255612
427,769,2025-12-13 22:27:36.245845,view,JVC,1301849
427,7,2025-12-15 22:27:34.927497,view,Business Bay,622775
427,773,2025-12-16 22:27:34.348710,view,JVC,1253494
427,98,2025-12-17 22:27:37.709313,view,JVC,1127220
427,817,2025-12-18 22:27:33.116763,view,Business Bay,549976
427,983,2025-12-18 22:27:34.974549,view,Business Bay,1414565
427,177,2025-12-18 22:27:36.589762,view,Business Bay,1255111
427,530,2025-12-18 22:27:37.883158,shortlist,Business Bay,1234983
427,817,2025-12-19 22:27:35.603000,view,Business Bay,549976
427,137,2025-12-20 22:27:37.026214,view,JVC,773146
427,301,2025-12-22 22:27:34.832773,view,JVC,1173218
427,802,2025-12-24 22:27:34.943153,view,JVC,1301955
427,343,2025-12-25 22:27:33.710429,view,JVC,1282877
427,130,2025-12-25 22:27:34.395899,contact_agent,JVC,739017
427,651,2025-12-26 22:27:32.892157,view,JVC,1278883
427,957,2025-12-27 22:27:34.051015,view,Business Bay,1243088
428,536,2025-11-28 22:27:36.103957,view,JVC,1916842
428,603,2025-11-30 22:27:34.895998,view,Downtown Dubai,1290645
428,645,2025-12-01 22:27:34.763679,view,Marina,879039
428,675,2025-12-02 22:27:32.379452,view,Business Bay,1797819
428,473,2025-12-05 22:27:32.717827,view,Downtown Dubai,1485132
428,875,2025-12-05 22:27:33.598604,view,Downtown Dubai,837369
428,418,2025-12-08 22:27:37.486564,view,JVC,1972178
428,216,2025-12-12 22:27:35.776109,view,Palm Jumeirah,1369807
428,138,2025-12-12 22:27:36.432216,view,Downtown Dubai,1664795
428,102,2025-12-20 22:27:32.576489,view,Marina,975595
428,155,2025-12-20 22:27:36.901425,view,Downtown Dubai,1729787
428,631,2025-12-21 22:27:34.521303,view,Downtown Dubai,923332
428,46,2025-12-23 22:27:33.202628,view,JVC,788963
428,801,2025-12-23 22:27:36.293332,view,Business Bay,1186268
428,969,2025-12-24 22:27:32.314440,view,Marina,1511930
428,896,2025-12-24 22:27:36.771163,view,Marina,1208175
428,66,2025-12-25 22:27:35.828479,view,Marina,690237
428,85,2025-12-26 22:27:36.432216,view,Marina,623950
428,645,2025-12-27 22:27:34.411577,view,Marina,879039
429,738,2025-11-29 22:27:32.844287,view,JVC,639227
429,240,2025-11-29 22:27:36.119817,view,Business Bay,692512
429,413,2025-11-30 22:27:31.888534,view,Business Bay,841207
429,817,2025-12-02 22:27:34.458603,view,Business Bay,549976
429,392,2025-12-03 22:27:34.895998,view,JVC,739779
429,46,2025-12-05 22:27:33.564660,view,JVC,788963
429,667,2025-12-10 22:27:36.794383,view,JVC,1264265
429,526,2025-12-17 22:27:36.874409,view,JVC,1078526
429,526,2025-12-19 22:27:36.857851,view,JVC,1078526
429,712,2025-12-20 22:27:31.839145,contact_agent,Business Bay,1312283
429,197,2025-12-20 22:27:36.384326,view,Business Bay,862455
429,186,2025-12-23 22:27:34.192729,view,Business Bay,588668
429,354,2025-12-23 22:27:35.037839,view,Business Bay,667647
429,585,2025-12-23 22:27:36.384326,view,JVC,838540
430,853,2025-11-28 22:27:37.646283,view,Marina,1284192
430,19,2025-11-29 22:27:35.290315,view,Palm Jumeirah,1324143
430,808,2025-11-29 22:27:36.040977,view,Palm Jumeirah,647745
430,356,2025-12-01 22:27:36.979040,view,Marina,935477
430,227,2025-12-02 22:27:35.523435,view,Downtown Dubai,1842057
430,468,2025-12-04 22:27:32.015066,contact_agent,Downtown Dubai,1797991
430,874,2025-12-07 22:27:34.035360,view,Marina,1208672
430,115,2025-12-09 22:27:36.293332,view,Downtown Dubai,1221037
430,414,2025-12-09 22:27:37.693311,view,Palm Jumeirah,1730746
430,627,2025-12-12 22:27:32.781570,view,JVC,1415113
430,50,2025-12-12 22:27:33.359702,view,Marina,1019165
430,695,2025-12-12 22:27:33.767085,view,JVC,1895285
430,128,2025-12-14 22:27:35.179400,view,Palm Jumeirah,1015693
430,644,2025-12-15 22:27:31.935927,view,JVC,1176296
430,997,2025-12-15 22:27:33.439002,view,Marina,1334874
430,216,2025-12-15 22:27:36.842168,view,Palm Jumeirah,1369807
430,16,2025-12-16 22:27:34.584161,view,Marina,1756715
430,115,2025-12-17 22:27:36.794383,view,Downtown Dubai,1221037
430,362,2025-12-18 22:27:34.458603,view,Marina,1286261
430,115,2025-12-19 22:27:32.717827,view,Downtown Dubai,1221037
430,618,2025-12-19 22:27:34.679502,contact_agent,Palm Jumeirah,1179447
430,675,2025-12-19 22:27:36.994837,view,Business Bay,1797819
430,509,2025-12-19 22:27:37.504226,view,Downtown Dubai,1695885
430,902,2025-12-20 22:27:32.122325,view,Downtown Dubai,625355
430,811,2025-12-20 22:27:33.940169,view,Marina,637686
430,745,2025-12-23 22:27:35.053501,view,Downtown Dubai,1985255
430,667,2025-12-25 22:27:36.479360,view,JVC,1264265
430,561,2025-12-27 22:27:35.603000,view,JVC,1167540
431,530,2025-11-28 22:27:33.249970,view,Business Bay,1234983
431,145,2025-11-28 22:27:36.088299,view,Palm Jumeirah,577175
431,990,2025-11-28 22:27:36.715861,view,Downtown Dubai,551707
431,833,2025-11-30 22:27:31.763199,view,JVC,1599577
431,155,2025-12-04 22:27:34.192729,view,Downtown Dubai,1729787
431,762,2025-12-05 22:27:37.725098,view,Palm Jumeirah,1175673
431,608,2025-12-07 22:27:35.334447,view,JVC,1605710
431,708,2025-12-09 22:27:34.474315,view,Downtown Dubai,1247852
431,644,2025-12-09 22:27:36.558079,view,JVC,1176296
431,701,2025-12-10 22:27:35.290315,view,Business Bay,1484156
431,500,2025-12-12 22:27:35.728604,view,Business Bay,954418
431,408,2025-12-13 22:27:32.122325,view,Marina,1916953
431,530,2025-12-14 22:27:34.864304,view,Business Bay,1234983
431,37,2025-12-14 22:27:36.479360,contact_agent,Palm Jumeirah,1078688
431,802,2025-12-14 22:27:36.479360,view,JVC,1301955
431,703,2025-12-15 22:27:36.151287,view,Marina,1363659
431,282,2025-12-16 22:27:33.296938,view,JVC,661445
431,660,2025-12-26 22:27:32.194425,view,Marina,757354
431,998,2025-12-27 22:27:37.294126,view,Marina,1389493
432,993,2025-11-29 22:27:36.072321,view,JVC,1588963
432,134,2025-12-03 22:27:32.797257,view,JVC,1576941
432,788,2025-12-04 22:27:35.460757,shortlist,Downtown Dubai,1425779
432,670,2025-12-06 22:27:34.192729,view,JVC,1244748
432,693,2025-12-07 22:27:34.552797,view,Palm Jumeirah,789220
432,792,2025-12-07 22:27:35.447242,view,Marina,691387
432,303,2025-12-08 22:27:33.485903,view,Downtown Dubai,1103291
432,434,2025-12-10 22:27:36.384326,view,JVC,681948
432,914,2025-12-11 22:27:34.568462,view,Business Bay,1323759
432,168,2025-12-12 22:27:37.514797,view,Palm Jumeirah,1476433
432,487,2025-12-13 22:27:34.801395,view,Marina,1251518
432,456,2025-12-14 22:27:32.359696,view,Downtown Dubai,1949087
432,500,2025-12-14 22:27:32.717827,view,Business Bay,954418
432,282,2025-12-14 22:27:33.439002,view,JVC,661445
432,762,2025-12-19 22:27:35.334447,view,Palm Jumeirah,1175673
432,128,2025-12-22 22:27:32.426710,view,Palm Jumeirah,1015693
432,86,2025-12-22 22:27:32.568482,view,Marina,1653224
432,115,2025-12-26 22:27:33.580484,view,Downtown Dubai,1221037
432,6,2025-12-26 22:27:33.628134,view,JVC,1728807
432,445,2025-12-27 22:27:33.296938,view,Palm Jumeirah,1838530
432,957,2025-12-27 22:27:36.874409,view,Business Bay,1243088
433,772,2025-11-28 22:27:33.146265,view,Business Bay,1535891
433,167,2025-11-30 22:27:34.427263,view,Palm Jumeirah,922381
433,321,2025-12-01 22:27:32.986864,view,Downtown Dubai,1199539
433,525,2025-12-02 22:27:34.427263,view,Marina,941904
433,527,2025-12-02 22:27:35.961151,view,Downtown Dubai,1337393
433,905,2025-12-02 22:27:36.088299,view,Palm Jumeirah,1875607
433,678,2025-12-05 22:27:36.495041,view,JVC,1056718
433,338,2025-12-06 22:27:32.670306,view,JVC,876794
433,115,2025-12-06 22:27:34.411577,view,Downtown Dubai,1221037
433,7,2025-12-08 22:27:36.794383,view,Business Bay,622775
433,137,2025-12-09 22:27:34.019313,view,JVC,773146
433,113,2025-12-10 22:27:31.983449,view,Palm Jumeirah,1309178
433,990,2025-12-10 22:27:35.913508,view,Downtown Dubai,551707
433,646,2025-12-11 22:27:33.876909,view,Marina,1028714
433,232,2025-12-12 22:27:32.241684,view,JVC,1685111
433,768,2025-12-21 22:27:33.375807,view,JVC,1206673
433,723,2025-12-22 22:27:32.986864,view,Palm Jumeirah,1969793
433,282,2025-12-23 22:27:34.348710,view,JVC,661445
433,221,2025-12-24 22:27:32.970954,view,Business Bay,1869277
433,967,2025-12-24 22:27:35.977057,view,JVC,1022154
433,791,2025-12-25 22:27:32.399208,view,Palm Jumeirah,725391
433,330,2025-12-27 22:27:32.231676,view,JVC,1833572
434,728,2025-12-01 22:27:31.967677,view,Palm Jumeirah,1426215
434,774,2025-12-04 22:27:35.539550,shortlist,Marina,923177
434,381,2025-12-08 22:27:34.301091,view,Palm Jumeirah,1692931
434,742,2025-12-08 22:27:36.979040,view,Marina,1160327
434,162,2025-12-10 22:27:33.202628,view,Marina,785711
434,927,2025-12-10 22:27:37.415636,shortlist,Business Bay,1490029
434,437,2025-12-12 22:27:33.598604,view,JVC,1706751
434,301,2025-12-12 22:27:35.084845,view,JVC,1173218
434,250,2025-12-14 22:27:34.269269,view,Palm Jumeirah,1147341
434,168,2025-12-20 22:27:36.072321,view,Palm Jumeirah,1476433
434,29,2025-12-20 22:27:36.324648,view,Downtown Dubai,779215
434,99,2025-12-21 22:27:34.663539,shortlist,Business Bay,943316
434,139,2025-12-23 22:27:36.056661,view,Business Bay,1889330
434,416,2025-12-23 22:27:36.857851,view,Downtown Dubai,1092632
434,378,2025-12-24 22:27:37.455012,view,Palm Jumeirah,1062060
434,303,2025-12-25 22:27:37.183700,view,Downtown Dubai,1103291
434,174,2025-12-26 22:27:33.735638,view,Palm Jumeirah,812023
434,445,2025-12-26 22:27:36.308994,view,Palm Jumeirah,1838530
434,265,2025-12-26 22:27:37.740841,view,Downtown Dubai,937625
435,277,2025-11-30 22:27:37.614489,view,Business Bay,606022
435,735,2025-12-01 22:27:32.923922,view,Business Bay,1112181
435,785,2025-12-02 22:27:33.876909,view,Business Bay,1128889
435,343,2025-12-03 22:27:33.829898,view,JVC,1282877
435,886,2025-12-03 22:27:35.523435,view,JVC,1192924
435,556,2025-12-03 22:27:35.835614,view,Business Bay,785622
435,651,2025-12-03 22:27:37.104894,view,JVC,1278883
435,768,2025-12-04 22:27:36.510741,view,JVC,1206673
435,634,2025-12-05 22:27:33.002524,view,JVC,529336
435,667,2025-12-05 22:27:35.571323,view,JVC,1264265
435,472,2025-12-07 22:27:36.056661,view,JVC,718401
435,644,2025-12-07 22:27:37.372983,contact_agent,JVC,1176296
435,768,2025-12-08 22:27:33.720913,view,JVC,1206673
435,240,2025-12-08 22:27:37.388784,view,Business Bay,692512
435,42,2025-12-09 22:27:37.183700,view,JVC,1032726
435,495,2025-12-10 22:27:32.322447,view,Business Bay,1154224
435,434,2025-12-19 22:27:35.084845,view,JVC,681948
435,828,2025-12-21 22:27:37.772602,view,Business Bay,708859
435,392,2025-12-23 22:27:34.801395,view,JVC,739779
435,99,2025-12-26 22:27:33.218442,shortlist,Business Bay,943316
435,421,2025-12-26 22:27:34.943153,view,JVC,914299
435,338,2025-12-26 22:27:35.810089,view,JVC,876794
436,631,2025-11-28 22:27:32.475969,view,Downtown Dubai,923332
436,841,2025-11-28 22:27:33.659495,view,Marina,1968919
436,581,2025-11-29 22:27:34.584161,shortlist,Downtown Dubai,791464
436,3,2025-12-01 22:27:33.344050,view,Downtown Dubai,1450162
436,973,2025-12-02 22:27:36.277680,view,Downtown Dubai,1660117
436,322,2025-12-04 22:27:36.842168,view,Downtown Dubai,745404
436,893,2025-12-10 22:27:36.558079,view,Marina,1533668
436,487,2025-12-13 22:27:33.202628,contact_agent,Marina,1251518
436,495,2025-12-15 22:27:36.857851,view,Business Bay,1154224
436,705,2025-12-18 22:27:32.907836,view,Business Bay,1703920
436,311,2025-12-22 22:27:31.983449,view,Palm Jumeirah,828821
436,773,2025-12-23 22:27:33.466164,view,JVC,1253494
436,966,2025-12-23 22:27:37.553043,view,Downtown Dubai,1898949
436,997,2025-12-24 22:27:34.521303,view,Marina,1334874
436,594,2025-12-24 22:27:36.731523,view,Downtown Dubai,1794315
436,500,2025-12-25 22:27:35.163349,contact_agent,Business Bay,954418
437,412,2025-11-28 22:27:33.706266,view,Palm Jumeirah,1409245
437,461,2025-11-30 22:27:31.833900,view,Palm Jumeirah,1886689
437,113,2025-11-30 22:27:35.147694,view,Palm Jumeirah,1309178
437,516,2025-12-02 22:27:32.797257,view,Business Bay,1779180
437,163,2025-12-05 22:27:34.647560,view,JVC,1623389
437,957,2025-12-06 22:27:32.593982,view,Business Bay,1243088
437,536,2025-12-07 22:27:32.643876,view,JVC,1916842
437,324,2025-12-07 22:27:34.145735,view,JVC,1288443
437,381,2025-12-07 22:27:34.679502,view,Palm Jumeirah,1692931
437,970,2025-12-07 22:27:35.587005,view,Palm Jumeirah,1579525
437,773,2025-12-08 22:27:36.416141,view,JVC,1253494
437,775,2025-12-09 22:27:34.848462,view,Palm Jumeirah,1142762
437,934,2025-12-11 22:27:33.407634,view,Marina,1888509
437,960,2025-12-11 22:27:35.460757,view,Business Bay,1594409
437,782,2025-12-12 22:27:33.034256,view,Palm Jumeirah,1215339
437,768,2025-12-13 22:27:32.338200,view,JVC,1206673
437,287,2025-12-16 22:27:32.137003,view,Palm Jumeirah,1010370
437,529,2025-12-16 22:27:34.082338,view,Palm Jumeirah,1314422
437,118,2025-12-16 22:27:37.725098,view,Business Bay,1521469
437,4,2025-12-19 22:27:34.958835,view,JVC,1774634
437,581,2025-12-21 22:27:36.755638,view,Downtown Dubai,791464
437,841,2025-12-22 22:27:33.956201,view,Marina,1968919
437,560,2025-12-22 22:27:34.246408,contact_agent,Marina,1896436
437,311,2025-12-23 22:27:32.590240,view,Palm Jumeirah,828821
437,900,2025-12-23 22:27:36.261867,view,Palm Jumeirah,1342840
437,802,2025-12-24 22:27:31.999113,view,JVC,1301955
437,711,2025-12-24 22:27:37.556140,view,Marina,1607810
437,139,2025-12-25 22:27:33.675182,view,Business Bay,1889330
437,826,2025-12-25 22:27:36.900365,view,JVC,1895796
437,556,2025-12-25 22:27:37.677650,view,Business Bay,785622
437,708,2025-12-27 22:27:35.539550,view,Downtown Dubai,1247852
437,294,2025-12-27 22:27:36.994837,view,Business Bay,1861303
438,551,2025-12-04 22:27:31.826670,view,JVC,1255612
438,644,2025-12-04 22:27:36.826108,view,JVC,1176296
438,830,2025-12-05 22:27:35.681524,view,Business Bay,545475
438,286,2025-12-06 22:27:32.347947,view,Business Bay,1184029
438,802,2025-12-07 22:27:34.285406,view,JVC,1301955
438,801,2025-12-07 22:27:35.993182,view,Business Bay,1186268
438,632,2025-12-10 22:27:32.473967,view,Business Bay,792575
438,46,2025-12-12 22:27:33.876909,view,JVC,788963
438,769,2025-12-13 22:27:32.192424,shortlist,JVC,1301849
438,914,2025-12-13 22:27:36.103957,shortlist,Business Bay,1323759
438,301,2025-12-17 22:27:36.198305,view,JVC,1173218
438,886,2025-12-19 22:27:32.269185,view,JVC,1192924
438,967,2025-12-21 22:27:32.892157,view,JVC,1022154
438,769,2025-12-22 22:27:37.057747,shortlist,JVC,1301849
438,46,2025-12-23 22:27:32.509476,view,JVC,788963
438,916,2025-12-23 22:27:33.659495,view,JVC,631184
438,617,2025-12-25 22:27:36.357082,view,Business Bay,1207173
438,670,2025-12-26 22:27:34.600305,view,JVC,1244748
439,768,2025-11-30 22:27:32.275190,view,JVC,1206673
439,368,2025-11-30 22:27:33.344050,view,Business Bay,626060
439,667,2025-12-02 22:27:33.034256,view,JVC,1264265
439,70,2025-12-03 22:27:34.003657,view,Business Bay,1345474
439,70,2025-12-05 22:27:35.603000,view,Business Bay,1345474
439,735,2025-12-06 22:27:31.919915,view,Business Bay,1112181
439,906,2025-12-07 22:27:34.785732,contact_agent,Business Bay,519477
439,615,2025-12-07 22:27:35.147694,view,JVC,1237954
439,967,2025-12-09 22:27:37.230825,contact_agent,JVC,1022154
439,644,2025-12-18 22:27:33.328368,view,JVC,1176296
439,137,2025-12-18 22:27:33.971918,shortlist,JVC,773146
439,678,2025-12-20 22:27:32.955285,view,JVC,1056718
439,99,2025-12-23 22:27:34.458603,contact_agent,Business Bay,943316
439,802,2025-12-23 22:27:35.302649,view,JVC,1301955
439,830,2025-12-26 22:27:32.306695,view,Business Bay,545475
440,769,2025-11-30 22:27:33.814098,view,JVC,1301849
440,137,2025-12-01 22:27:37.120546,view,JVC,773146
440,334,2025-12-02 22:27:36.119817,view,JVC,1328791
440,627,2025-12-06 22:27:34.895998,view,JVC,1415113
440,927,2025-12-07 22:27:33.987977,view,Business Bay,1490029
440,769,2025-12-08 22:27:36.324648,view,JVC,1301849
440,500,2025-12-08 22:27:37.246480,view,Business Bay,954418
440,658,2025-12-13 22:27:33.116763,view,Business Bay,642980
440,855,2025-12-13 22:27:37.460001,view,JVC,1101891
440,916,2025-12-15 22:27:36.056661,view,JVC,631184
440,735,2025-12-19 22:27:37.646283,view,Business Bay,1112181
440,338,2025-12-20 22:27:34.097995,view,JVC,876794
440,967,2025-12-20 22:27:34.785732,view,JVC,1022154
440,197,2025-12-20 22:27:36.558079,view,Business Bay,862455
440,828,2025-12-21 22:27:33.598604,view,Business Bay,708859
440,301,2025-12-21 22:27:37.089117,view,JVC,1173218
440,137,2025-12-23 22:27:36.893169,view,JVC,773146
440,177,2025-12-24 22:27:34.019313,view,Business Bay,1255111
440,324,2025-12-24 22:27:37.372983,contact_agent,JVC,1288443
440,982,2025-12-24 22:27:37.536794,view,Business Bay,1237090
441,862,2025-11-29 22:27:36.447880,view,Business Bay,1037977
441,680,2025-11-29 22:27:36.605705,view,Downtown Dubai,852414
441,131,2025-12-01 22:27:33.628134,view,Marina,914994
441,870,2025-12-01 22:27:34.505647,view,Palm Jumeirah,542291
441,102,2025-12-02 22:27:35.882131,view,Marina,975595
441,939,2025-12-02 22:27:36.088299,view,Downtown Dubai,983455
441,431,2025-12-03 22:27:33.359702,view,Downtown Dubai,1308258
441,437,2025-12-03 22:27:35.274920,shortlist,JVC,1706751
441,318,2025-12-06 22:27:34.600305,view,Palm Jumeirah,568803
441,479,2025-12-07 22:27:31.765176,shortlist,Marina,1692097
441,386,2025-12-07 22:27:32.460217,view,Business Bay,1102276
441,171,2025-12-08 22:27:36.621360,view,Marina,901067
441,771,2025-12-09 22:27:33.103012,shortlist,Downtown Dubai,1661068
441,677,2025-12-11 22:27:33.150269,view,Downtown Dubai,1098506
441,445,2025-12-12 22:27:32.475969,view,Palm Jumeirah,1838530
441,954,2025-12-12 22:27:32.892157,view,Downtown Dubai,1152755
441,294,2025-12-20 22:27:37.026214,view,Business Bay,1861303
441,648,2025-12-21 22:27:33.971918,view,Marina,1052439
441,727,2025-12-21 22:27:35.810089,view,JVC,1598657
441,846,2025-12-25 22:27:33.391650,view,Business Bay,1920858
441,172,2025-12-25 22:27:35.866469,view,Marina,960796
441,7,2025-12-27 22:27:32.586236,view,Business Bay,622775
441,772,2025-12-27 22:27:35.810089,view,Business Bay,1535891
442,551,2025-11-29 22:27:36.072321,view,JVC,1255612
442,394,2025-12-04 22:27:36.363244,view,Marina,1288140
442,922,2025-12-05 22:27:33.423343,view,JVC,1353392
442,922,2025-12-06 22:27:37.057747,view,JVC,1353392
442,920,2025-12-08 22:27:37.309782,view,Palm Jumeirah,1084010
442,990,2025-12-13 22:27:37.294126,view,Downtown Dubai,551707
442,651,2025-12-18 22:27:37.511594,view,JVC,1278883
442,605,2025-12-20 22:27:36.931724,view,Downtown Dubai,1517481
442,503,2025-12-21 22:27:37.104894,view,Marina,1062621
442,599,2025-12-22 22:27:32.031021,view,Downtown Dubai,664074
442,42,2025-12-22 22:27:36.135475,view,JVC,1032726
442,973,2025-12-25 22:27:35.945263,view,Downtown Dubai,1660117
442,479,2025-12-27 22:27:32.188420,view,Marina,1692097
442,699,2025-12-27 22:27:34.114079,view,Business Bay,1906978
443,678,2025-11-30 22:27:34.489983,view,JVC,1056718
443,99,2025-12-02 22:27:35.460757,view,Business Bay,943316
443,801,2025-12-03 22:27:35.069159,view,Business Bay,1186268
443,886,2025-12-05 22:27:32.642848,view,JVC,1192924
443,222,2025-12-05 22:27:33.265626,view,Business Bay,1249971
443,451,2025-12-07 22:27:35.945263,view,Business Bay,1188152
443,862,2025-12-09 22:27:32.379452,view,Business Bay,1037977
443,735,2025-12-10 22:27:31.983449,view,Business Bay,1112181
443,916,2025-12-10 22:27:32.907836,view,JVC,631184
443,551,2025-12-11 22:27:36.166955,view,JVC,1255612
443,222,2025-12-13 22:27:37.582497,view,Business Bay,1249971
443,801,2025-12-14 22:27:35.791868,view,Business Bay,1186268
443,413,2025-12-16 22:27:32.685978,view,Business Bay,841207
443,922,2025-12-16 22:27:36.135475,view,JVC,1353392
443,434,2025-12-17 22:27:34.505647,view,JVC,681948
443,530,2025-12-19 22:27:34.848462,view,Business Bay,1234983
443,240,2025-12-22 22:27:36.842168,view,Business Bay,692512
443,386,2025-12-23 22:27:35.913508,view,Business Bay,1102276
444,560,2025-11-29 22:27:33.675182,view,Marina,1896436
444,658,2025-12-01 22:27:37.443050,view,Business Bay,642980
444,98,2025-12-04 22:27:36.198305,view,JVC,1127220
444,311,2025-12-05 22:27:32.300690,view,Palm Jumeirah,828821
444,728,2025-12-05 22:27:36.166955,shortlist,Palm Jumeirah,1426215
444,644,2025-12-06 22:27:33.892633,view,JVC,1176296
444,168,2025-12-07 22:27:37.057747,view,Palm Jumeirah,1476433
444,970,2025-12-11 22:27:37.457011,view,Palm Jumeirah,1579525
444,792,2025-12-14 22:27:32.781570,view,Marina,691387
444,985,2025-12-14 22:27:33.181739,view,Marina,1552425
444,145,2025-12-16 22:27:36.447880,view,Palm Jumeirah,577175
444,735,2025-12-17 22:27:36.963350,view,Business Bay,1112181
444,590,2025-12-20 22:27:34.097995,view,Palm Jumeirah,1372328
444,611,2025-12-21 22:27:32.955285,view,Downtown Dubai,1306564
445,421,2025-12-01 22:27:34.474315,view,JVC,914299
445,776,2025-12-04 22:27:36.400390,view,Downtown Dubai,1267876
445,46,2025-12-09 22:27:36.605705,view,JVC,788963
445,916,2025-12-13 22:27:36.341364,view,JVC,631184
445,919,2025-12-15 22:27:36.637455,view,Business Bay,745300
445,730,2025-12-19 22:27:37.167880,contact_agent,Palm Jumeirah,1949991
445,643,2025-12-20 22:27:34.927497,view,Downtown Dubai,1998339
445,957,2025-12-20 22:27:35.681524,shortlist,Business Bay,1243088
445,560,2025-12-21 22:27:32.828631,view,Marina,1896436
445,350,2025-12-21 22:27:33.375807,view,Marina,1836092
445,828,2025-12-21 22:27:35.945263,view,Business Bay,708859
445,319,2025-12-21 22:27:37.104894,view,Business Bay,1307744
445,134,2025-12-23 22:27:34.082338,view,JVC,1576941
445,791,2025-12-25 22:27:32.765914,view,Palm Jumeirah,725391
445,687,2025-12-25 22:27:33.720913,view,Marina,768083
446,711,2025-12-01 22:27:33.533259,view,Marina,1607810
446,509,2025-12-02 22:27:36.773165,view,Downtown Dubai,1695885
446,880,2025-12-04 22:27:34.208482,view,JVC,1883875
446,633,2025-12-05 22:27:35.037839,view,Palm Jumeirah,1959700
446,132,2025-12-06 22:27:32.907836,view,Business Bay,1441768
446,607,2025-12-06 22:27:33.160814,view,Downtown Dubai,562507
446,530,2025-12-07 22:27:36.182615,view,Business Bay,1234983
446,941,2025-12-08 22:27:34.264703,view,JVC,1047219
446,991,2025-12-09 22:27:34.364408,view,Downtown Dubai,780833
446,368,2025-12-10 22:27:33.407634,view,Business Bay,626060
446,277,2025-12-12 22:27:32.907836,view,Business Bay,606022
446,632,2025-12-13 22:27:33.234147,view,Business Bay,792575
446,6,2025-12-14 22:27:33.829898,view,JVC,1728807
446,411,2025-12-14 22:27:35.413489,view,Palm Jumeirah,921280
446,674,2025-12-16 22:27:35.302649,view,Downtown Dubai,1234275
446,643,2025-12-17 22:27:37.819617,view,Downtown Dubai,1998339
446,667,2025-12-18 22:27:36.495041,shortlist,JVC,1264265
446,91,2025-12-19 22:27:36.135475,view,Downtown Dubai,1804766
446,880,2025-12-21 22:27:36.261867,contact_agent,JVC,1883875
446,846,2025-12-21 22:27:37.434692,view,Business Bay,1920858
446,172,2025-12-22 22:27:35.132012,view,Marina,960796
446,617,2025-12-23 22:27:35.037839,view,Business Bay,1207173
446,103,2025-12-26 22:27:33.485903,view,Downtown Dubai,1965744
446,216,2025-12-27 22:27:35.132012,shortlist,Palm Jumeirah,1369807
447,781,2025-11-29 22:27:34.348710,view,Downtown Dubai,546002
447,91,2025-11-30 22:27:35.299557,view,Downtown Dubai,1804766
447,788,2025-12-01 22:27:32.416962,view,Downtown Dubai,1425779
447,468,2025-12-01 22:27:33.081318,view,Downtown Dubai,1797991
447,676,2025-12-05 22:27:33.249970,view,JVC,1534186
447,419,2025-12-07 22:27:32.939586,view,Downtown Dubai,1662189
447,830,2025-12-09 22:27:32.892157,view,Business Bay,545475
447,675,2025-12-12 22:27:36.495041,view,Business Bay,1797819
447,221,2025-12-13 22:27:36.637455,view,Business Bay,1869277
447,399,2025-12-17 22:27:33.454680,view,Downtown Dubai,1090381
447,811,2025-12-19 22:27:35.300593,view,Marina,637686
447,523,2025-12-22 22:27:36.245845,view,Downtown Dubai,769160
447,655,2025-12-25 22:27:33.375807,view,Palm Jumeirah,1262371
447,381,2025-12-25 22:27:33.548940,view,Palm Jumeirah,1692931
448,145,2025-11-28 22:27:35.760271,view,Palm Jumeirah,577175
448,78,2025-11-29 22:27:32.284937,view,JVC,794746
448,983,2025-11-29 22:27:32.939586,view,Business Bay,1414565
448,923,2025-11-29 22:27:34.864304,view,Palm Jumeirah,781696
448,530,2025-11-30 22:27:33.735638,view,Business Bay,1234983
448,919,2025-12-01 22:27:32.970954,view,Business Bay,745300
448,603,2025-12-03 22:27:36.040977,view,Downtown Dubai,1290645
448,186,2025-12-04 22:27:37.693311,view,Business Bay,588668
448,811,2025-12-05 22:27:34.332736,view,Marina,637686
448,703,2025-12-08 22:27:34.552797,view,Marina,1363659
448,941,2025-12-08 22:27:34.647560,contact_agent,JVC,1047219
448,69,2025-12-08 22:27:35.665778,view,Marina,1906368
448,282,2025-12-11 22:27:33.876909,view,JVC,661445
448,592,2025-12-15 22:27:34.177072,view,Business Bay,1858097
448,274,2025-12-20 22:27:33.407634,view,Palm Jumeirah,1361069
448,785,2025-12-22 22:27:34.663539,view,Business Bay,1128889
448,67,2025-12-23 22:27:34.631909,view,Palm Jumeirah,1356047
448,977,2025-12-23 22:27:35.350476,view,Palm Jumeirah,1781506
448,723,2025-12-26 22:27:37.136251,view,Palm Jumeirah,1969793
448,164,2025-12-27 22:27:32.749764,view,Marina,1075919
449,671,2025-12-01 22:27:34.801395,view,Palm Jumeirah,4136562
449,859,2025-12-05 22:27:34.864304,view,Downtown Dubai,3844250
449,124,2025-12-05 22:27:36.277680,view,Marina,3680246
449,533,2025-12-06 22:27:34.066676,view,JVC,4775115
449,822,2025-12-07 22:27:34.958835,view,JVC,4142693
449,713,2025-12-07 22:27:37.851374,contact_agent,Marina,3414863
449,564,2025-12-08 22:27:32.410957,view,JVC,3482410
449,432,2025-12-09 22:27:33.798437,view,Business Bay,3364140
449,724,2025-12-09 22:27:37.546819,view,Marina,4990512
449,105,2025-12-15 22:27:33.234147,view,Business Bay,3744424
449,972,2025-12-16 22:27:34.766764,view,Downtown Dubai,3451720
449,314,2025-12-16 22:27:35.697261,view,Business Bay,4387008
449,31,2025-12-17 22:27:36.362216,view,Palm Jumeirah,4237859
449,325,2025-12-17 22:27:37.230825,view,Palm Jumeirah,4155074
449,182,2025-12-18 22:27:32.844287,view,Business Bay,3957550
449,122,2025-12-18 22:27:33.187991,view,Palm Jumeirah,4833848
449,903,2025-12-20 22:27:32.645931,view,JVC,4722102
449,729,2025-12-20 22:27:34.695292,view,Business Bay,3533449
449,446,2025-12-20 22:27:35.100507,view,Marina,4966951
449,719,2025-12-21 22:27:33.202628,view,Downtown Dubai,4004438
449,281,2025-12-21 22:27:35.116356,view,Business Bay,3483516
449,929,2025-12-22 22:27:35.913508,view,JVC,4957335
449,53,2025-12-22 22:27:37.042084,view,JVC,4378363
449,940,2025-12-24 22:27:31.872672,view,JVC,4536405
449,992,2025-12-25 22:27:36.826108,shortlist,Downtown Dubai,4199100
450,479,2025-11-30 22:27:36.384326,view,Marina,1692097
450,232,2025-11-30 22:27:36.653111,view,JVC,1685111
450,890,2025-12-01 22:27:33.798437,shortlist,Downtown Dubai,1523920
450,583,2025-12-01 22:27:34.817087,view,Palm Jumeirah,618581
450,523,2025-12-02 22:27:37.835300,view,Downtown Dubai,769160
450,735,2025-12-03 22:27:33.049967,view,Business Bay,1112181
450,102,2025-12-03 22:27:33.892633,view,Marina,975595
450,586,2025-12-07 22:27:37.262377,contact_agent,Downtown Dubai,1001590
450,28,2025-12-08 22:27:34.600305,view,Marina,1416383
450,742,2025-12-10 22:27:31.904226,view,Marina,1160327
450,451,2025-12-10 22:27:33.002524,view,Business Bay,1188152
450,875,2025-12-12 22:27:34.332736,view,Downtown Dubai,837369
450,85,2025-12-15 22:27:36.166955,view,Marina,623950
450,472,2025-12-16 22:27:37.215116,view,JVC,718401
450,356,2025-12-16 22:27:37.646283,view,Marina,935477
450,356,2025-12-19 22:27:36.245845,view,Marina,935477
450,46,2025-12-20 22:27:36.088299,view,JVC,788963
450,221,2025-12-22 22:27:37.010531,view,Business Bay,1869277
450,177,2025-12-25 22:27:32.353952,shortlist,Business Bay,1255111
451,282,2025-11-28 22:27:35.449245,view,JVC,661445
451,607,2025-11-30 22:27:37.567539,view,Downtown Dubai,562507
451,742,2025-12-01 22:27:33.187991,shortlist,Marina,1160327
451,418,2025-12-02 22:27:33.782751,view,JVC,1972178
451,781,2025-12-03 22:27:36.135475,view,Downtown Dubai,546002
451,328,2025-12-05 22:27:34.521303,shortlist,Marina,1727146
451,618,2025-12-08 22:27:35.211244,view,Palm Jumeirah,1179447
451,303,2025-12-10 22:27:33.829898,view,Downtown Dubai,1103291
451,19,2025-12-10 22:27:35.053501,view,Palm Jumeirah,1324143
451,338,2025-12-12 22:27:33.659495,view,JVC,876794
451,899,2025-12-13 22:27:35.539550,view,Downtown Dubai,763625
451,56,2025-12-15 22:27:35.318583,view,Palm Jumeirah,1527557
451,545,2025-12-16 22:27:37.104894,view,JVC,1460652
451,368,2025-12-18 22:27:35.587005,view,Business Bay,626060
451,676,2025-12-18 22:27:35.913508,view,JVC,1534186
451,954,2025-12-19 22:27:36.621360,view,Downtown Dubai,1152755
451,163,2025-12-22 22:27:37.772602,view,JVC,1623389
451,648,2025-12-26 22:27:37.756564,view,Marina,1052439
452,982,2025-11-28 22:27:33.018245,view,Business Bay,1237090
452,46,2025-11-28 22:27:34.269269,view,JVC,788963
452,324,2025-11-29 22:27:37.104894,view,JVC,1288443
452,983,2025-11-30 22:27:34.616250,view,Business Bay,1414565
452,785,2025-11-30 22:27:36.416141,view,Business Bay,1128889
452,862,2025-12-02 22:27:32.812910,view,Business Bay,1037977
452,919,2025-12-02 22:27:36.119817,view,Business Bay,745300
452,617,2025-12-03 22:27:32.970954,view,Business Bay,1207173
452,197,2025-12-04 22:27:36.293332,view,Business Bay,862455
452,286,2025-12-07 22:27:35.810089,view,Business Bay,1184029
452,186,2025-12-08 22:27:37.329450,view,Business Bay,588668
452,983,2025-12-10 22:27:35.539550,view,Business Bay,1414565
452,982,2025-12-10 22:27:36.400390,view,Business Bay,1237090
452,667,2025-12-10 22:27:37.104894,view,JVC,1264265
452,123,2025-12-11 22:27:32.781570,contact_agent,JVC,963001
452,320,2025-12-11 22:27:37.630182,view,JVC,1248736
452,551,2025-12-12 22:27:33.328368,view,JVC,1255612
452,451,2025-12-12 22:27:34.927497,view,Business Bay,1188152
452,967,2025-12-13 22:27:33.517603,view,JVC,1022154
452,854,2025-12-16 22:27:33.517603,view,Business Bay,1420114
452,46,2025-12-16 22:27:35.287225,view,JVC,788963
452,99,2025-12-17 22:27:34.769822,view,Business Bay,943316
452,615,2025-12-17 22:27:37.756564,shortlist,JVC,1237954
452,323,2025-12-18 22:27:34.552797,view,JVC,517297
452,354,2025-12-19 22:27:34.537135,view,Business Bay,667647
452,886,2025-12-24 22:27:36.277680,view,JVC,1192924
453,14,2025-11-28 22:27:32.605994,view,JVC,1948763
453,166,2025-11-30 22:27:35.650122,view,Palm Jumeirah,1352746
453,64,2025-12-02 22:27:37.524679,view,Marina,1033634
453,728,2025-12-05 22:27:34.489983,contact_agent,Palm Jumeirah,1426215
453,675,2025-12-06 22:27:34.817087,view,Business Bay,1797819
453,618,2025-12-10 22:27:32.812910,view,Palm Jumeirah,1179447
453,899,2025-12-10 22:27:36.894197,view,Downtown Dubai,763625
453,997,2025-12-11 22:27:32.094821,view,Marina,1334874
453,399,2025-12-13 22:27:32.122325,view,Downtown Dubai,1090381
453,323,2025-12-13 22:27:33.501559,view,JVC,517297
453,287,2025-12-19 22:27:31.919915,view,Palm Jumeirah,1010370
453,172,2025-12-19 22:27:36.308994,contact_agent,Marina,960796
453,993,2025-12-21 22:27:33.782751,view,JVC,1588963
453,788,2025-12-23 22:27:33.002524,view,Downtown Dubai,1425779
453,774,2025-12-23 22:27:34.427263,view,Marina,923177
453,429,2025-12-23 22:27:35.053501,view,Business Bay,1135719
453,28,2025-12-25 22:27:33.485903,shortlist,Marina,1416383
453,678,2025-12-27 22:27:32.939586,view,JVC,1056718
453,611,2025-12-27 22:27:36.889015,view,Downtown Dubai,1306564
453,19,2025-12-27 22:27:37.042084,view,Palm Jumeirah,1324143
453,773,2025-12-27 22:27:37.598447,view,JVC,1253494
454,431,2025-11-28 22:27:33.971918,view,Downtown Dubai,1308258
454,928,2025-12-01 22:27:32.062391,view,Marina,654692
454,833,2025-12-04 22:27:36.103957,view,JVC,1599577
454,19,2025-12-06 22:27:32.670306,shortlist,Palm Jumeirah,1324143
454,611,2025-12-07 22:27:34.489983,view,Downtown Dubai,1306564
454,730,2025-12-08 22:27:36.916072,shortlist,Palm Jumeirah,1949991
454,69,2025-12-10 22:27:37.057747,view,Marina,1906368
454,939,2025-12-13 22:27:36.810172,view,Downtown Dubai,983455
454,985,2025-12-16 22:27:33.782751,view,Marina,1552425
454,221,2025-12-17 22:27:33.423343,view,Business Bay,1869277
454,130,2025-12-18 22:27:32.523226,view,JVC,739017
454,651,2025-12-19 22:27:32.626522,shortlist,JVC,1278883
454,37,2025-12-20 22:27:32.552730,contact_agent,Palm Jumeirah,1078688
454,14,2025-12-24 22:27:31.856924,view,JVC,1948763
454,280,2025-12-25 22:27:32.603992,view,Downtown Dubai,970529
454,128,2025-12-25 22:27:35.776109,contact_agent,Palm Jumeirah,1015693
454,680,2025-12-27 22:27:32.031021,shortlist,Downtown Dubai,852414
454,839,2025-12-27 22:27:32.626522,contact_agent,Palm Jumeirah,727189
455,916,2025-11-28 22:27:34.192729,view,JVC,631184
455,960,2025-11-29 22:27:33.548940,view,Business Bay,1594409
455,22,2025-11-29 22:27:34.114079,view,Downtown Dubai,871616
455,959,2025-11-29 22:27:35.897847,view,Downtown Dubai,559778
455,709,2025-11-30 22:27:35.334447,view,Palm Jumeirah,1656618
455,406,2025-11-30 22:27:36.151287,shortlist,Marina,1643647
455,331,2025-12-02 22:27:35.571323,view,Palm Jumeirah,1115863
455,163,2025-12-03 22:27:32.560737,view,JVC,1623389
455,862,2025-12-04 22:27:33.132515,view,Business Bay,1037977
455,480,2025-12-06 22:27:33.439002,view,Palm Jumeirah,687771
455,320,2025-12-06 22:27:36.088299,view,JVC,1248736
455,817,2025-12-07 22:27:32.172669,view,Business Bay,549976
455,605,2025-12-08 22:27:32.286939,shortlist,Downtown Dubai,1517481
455,301,2025-12-10 22:27:35.429279,view,JVC,1173218
455,668,2025-12-12 22:27:35.728604,view,Marina,808617
455,229,2025-12-13 22:27:33.485903,view,Palm Jumeirah,985757
455,123,2025-12-13 22:27:34.584161,view,JVC,963001
455,675,2025-12-13 22:27:36.214007,view,Business Bay,1797819
455,605,2025-12-14 22:27:33.281284,view,Downtown Dubai,1517481
455,216,2025-12-17 22:27:34.427263,contact_agent,Palm Jumeirah,1369807
455,990,2025-12-18 22:27:36.103957,view,Downtown Dubai,551707
455,674,2025-12-25 22:27:32.970954,view,Downtown Dubai,1234275
455,139,2025-12-25 22:27:36.794383,view,Business Bay,1889330
455,906,2025-12-26 22:27:33.181739,view,Business Bay,519477
456,801,2025-11-30 22:27:34.258693,view,Business Bay,1186268
456,886,2025-11-30 22:27:36.510741,view,JVC,1192924
456,922,2025-12-03 22:27:35.429279,view,JVC,1353392
456,651,2025-12-03 22:27:35.728604,view,JVC,1278883
456,741,2025-12-03 22:27:35.913508,shortlist,JVC,781854
456,651,2025-12-04 22:27:33.908317,view,JVC,1278883
456,634,2025-12-04 22:27:35.523435,view,JVC,529336
456,712,2025-12-06 22:27:32.015066,view,Business Bay,1312283
456,916,2025-12-06 22:27:35.822206,view,JVC,631184
456,132,2025-12-10 22:27:31.779760,view,Business Bay,1441768
456,177,2025-12-10 22:27:32.513479,view,Business Bay,1255111
456,137,2025-12-10 22:27:34.785732,view,JVC,773146
456,392,2025-12-12 22:27:33.956201,shortlist,JVC,739779
456,7,2025-12-14 22:27:33.814098,view,Business Bay,622775
456,323,2025-12-16 22:27:33.312669,view,JVC,517297
456,551,2025-12-19 22:27:37.614489,view,JVC,1255612
456,132,2025-12-21 22:27:33.924257,view,Business Bay,1441768
456,644,2025-12-26 22:27:35.005977,view,JVC,1176296
456,658,2025-12-27 22:27:34.537135,view,Business Bay,642980
457,854,2025-11-28 22:27:34.348710,view,Business Bay,1420114
457,510,2025-11-29 22:27:36.072321,view,Marina,1656083
457,917,2025-11-30 22:27:33.517603,view,JVC,1635627
457,848,2025-12-02 22:27:36.024976,view,JVC,1945065
457,173,2025-12-03 22:27:36.792643,view,Palm Jumeirah,1504001
457,128,2025-12-05 22:27:32.273188,view,Palm Jumeirah,1015693
457,893,2025-12-06 22:27:34.442915,view,Marina,1533668
457,322,2025-12-06 22:27:37.151904,view,Downtown Dubai,745404
457,102,2025-12-07 22:27:36.308994,view,Marina,975595
457,354,2025-12-10 22:27:35.195138,view,Business Bay,667647
457,155,2025-12-13 22:27:33.485903,view,Downtown Dubai,1729787
457,817,2025-12-14 22:27:33.281284,view,Business Bay,549976
457,592,2025-12-15 22:27:32.160920,view,Business Bay,1858097
457,841,2025-12-17 22:27:35.961151,view,Marina,1968919
457,905,2025-12-17 22:27:37.486564,view,Palm Jumeirah,1875607
457,411,2025-12-20 22:27:36.368381,view,Palm Jumeirah,921280
457,4,2025-12-20 22:27:37.372983,view,JVC,1774634
457,303,2025-12-21 22:27:37.598447,view,Downtown Dubai,1103291
457,164,2025-12-23 22:27:35.350476,view,Marina,1075919
457,782,2025-12-26 22:27:33.924257,view,Palm Jumeirah,1215339
458,472,2025-11-28 22:27:35.021784,view,JVC,718401
458,727,2025-11-28 22:27:35.993182,view,JVC,1598657
458,749,2025-11-29 22:27:32.418964,view,Marina,979083
458,775,2025-11-30 22:27:32.584235,view,Palm Jumeirah,1142762
458,798,2025-12-02 22:27:36.901425,view,JVC,1924663
458,660,2025-12-03 22:27:33.751414,view,Marina,757354
458,199,2025-12-04 22:27:34.161387,view,Marina,1534586
458,594,2025-12-06 22:27:33.099009,view,Downtown Dubai,1794315
458,870,2025-12-10 22:27:33.691849,view,Palm Jumeirah,542291
458,298,2025-12-10 22:27:36.605705,view,Downtown Dubai,1546161
458,880,2025-12-13 22:27:35.866469,view,JVC,1883875
458,597,2025-12-18 22:27:34.631909,shortlist,Palm Jumeirah,1858311
458,590,2025-12-19 22:27:37.944692,view,Palm Jumeirah,1372328
458,849,2025-12-20 22:27:32.685978,view,Palm Jumeirah,578077
458,900,2025-12-25 22:27:37.899051,view,Palm Jumeirah,1342840
458,982,2025-12-26 22:27:37.199358,contact_agent,Business Bay,1237090
459,762,2025-12-01 22:27:36.293332,view,Palm Jumeirah,1175673
459,115,2025-12-02 22:27:37.582497,view,Downtown Dubai,1221037
459,660,2025-12-03 22:27:36.135475,contact_agent,Marina,757354
459,983,2025-12-05 22:27:33.861224,view,Business Bay,1414565
459,581,2025-12-06 22:27:33.782751,contact_agent,Downtown Dubai,791464
459,921,2025-12-07 22:27:34.785732,view,Downtown Dubai,592036
459,917,2025-12-07 22:27:34.974549,view,JVC,1635627
459,29,2025-12-08 22:27:32.653130,shortlist,Downtown Dubai,779215
459,103,2025-12-09 22:27:37.542820,contact_agent,Downtown Dubai,1965744
459,167,2025-12-10 22:27:36.352970,view,Palm Jumeirah,922381
459,173,2025-12-14 22:27:33.065626,view,Palm Jumeirah,1504001
459,991,2025-12-16 22:27:36.794383,view,Downtown Dubai,780833
459,693,2025-12-18 22:27:36.715861,view,Palm Jumeirah,789220
459,922,2025-12-19 22:27:35.444946,view,JVC,1353392
459,320,2025-12-20 22:27:33.359702,view,JVC,1248736
459,991,2025-12-22 22:27:34.801395,shortlist,Downtown Dubai,780833
459,69,2025-12-26 22:27:34.521303,view,Marina,1906368
459,508,2025-12-27 22:27:33.987977,contact_agent,JVC,1711569
459,173,2025-12-27 22:27:34.756469,view,Palm Jumeirah,1504001
460,42,2025-11-29 22:27:33.375807,view,JVC,1032726
460,32,2025-11-30 22:27:37.398619,contact_agent,Downtown Dubai,773349
460,399,2025-11-30 22:27:37.851374,view,Downtown Dubai,1090381
460,973,2025-12-03 22:27:34.663539,view,Downtown Dubai,1660117
460,67,2025-12-09 22:27:33.814098,view,Palm Jumeirah,1356047
460,808,2025-12-10 22:27:35.084845,view,Palm Jumeirah,647745
460,950,2025-12-11 22:27:37.294126,view,Marina,595556
460,177,2025-12-15 22:27:33.628134,view,Business Bay,1255111
460,445,2025-12-16 22:27:31.888534,view,Palm Jumeirah,1838530
460,386,2025-12-16 22:27:34.817087,view,Business Bay,1102276
460,495,2025-12-16 22:27:37.740841,view,Business Bay,1154224
460,240,2025-12-19 22:27:34.943153,view,Business Bay,692512
460,265,2025-12-19 22:27:36.056661,view,Downtown Dubai,937625
460,834,2025-12-20 22:27:34.442915,view,Marina,1344081
460,808,2025-12-21 22:27:36.653111,view,Palm Jumeirah,647745
460,781,2025-12-23 22:27:37.835300,view,Downtown Dubai,546002
460,128,2025-12-27 22:27:34.380201,view,Palm Jumeirah,1015693
461,330,2025-11-28 22:27:33.464425,view,JVC,1833572
461,330,2025-11-28 22:27:36.715861,view,JVC,1833572
461,798,2025-11-30 22:27:32.519223,view,JVC,1924663
461,509,2025-12-01 22:27:32.450469,view,Downtown Dubai,1695885
461,608,2025-12-03 22:27:34.616250,view,JVC,1605710
461,611,2025-12-06 22:27:33.265626,view,Downtown Dubai,1306564
461,6,2025-12-11 22:27:34.097995,view,JVC,1728807
461,480,2025-12-12 22:27:36.994837,view,Palm Jumeirah,687771
461,406,2025-12-13 22:27:35.302649,shortlist,Marina,1643647
461,997,2025-12-14 22:27:37.553043,view,Marina,1334874
461,611,2025-12-15 22:27:32.923922,view,Downtown Dubai,1306564
461,473,2025-12-17 22:27:32.733847,view,Downtown Dubai,1485132
461,581,2025-12-22 22:27:33.908317,view,Downtown Dubai,791464
461,693,2025-12-24 22:27:34.316827,contact_agent,Palm Jumeirah,789220
461,693,2025-12-25 22:27:37.867422,view,Palm Jumeirah,789220
461,14,2025-12-27 22:27:37.725098,view,JVC,1948763
462,412,2025-11-28 22:27:32.572486,view,Palm Jumeirah,1409245
462,615,2025-11-29 22:27:33.202628,view,JVC,1237954
462,925,2025-11-30 22:27:32.259438,contact_agent,Downtown Dubai,1690456
462,277,2025-12-02 22:27:37.278440,contact_agent,Business Bay,606022
462,914,2025-12-04 22:27:34.114079,contact_agent,Business Bay,1323759
462,581,2025-12-04 22:27:34.911693,view,Downtown Dubai,791464
462,788,2025-12-06 22:27:35.084845,view,Downtown Dubai,1425779
462,781,2025-12-06 22:27:37.614489,view,Downtown Dubai,546002
462,456,2025-12-08 22:27:35.100507,view,Downtown Dubai,1949087
462,421,2025-12-09 22:27:31.846522,shortlist,JVC,914299
462,640,2025-12-09 22:27:32.603992,view,Business Bay,1947947
462,631,2025-12-12 22:27:33.234147,contact_agent,Downtown Dubai,923332
462,862,2025-12-12 22:27:33.718705,view,Business Bay,1037977
462,328,2025-12-12 22:27:36.794383,view,Marina,1727146
462,516,2025-12-14 22:27:34.411577,view,Business Bay,1779180
462,421,2025-12-16 22:27:37.309782,view,JVC,914299
462,667,2025-12-20 22:27:36.684542,view,JVC,1264265
462,879,2025-12-21 22:27:36.931724,view,Marina,796063
462,287,2025-12-24 22:27:35.791868,view,Palm Jumeirah,1010370
462,459,2025-12-24 22:27:37.309782,contact_agent,Marina,1437635
462,921,2025-12-25 22:27:35.539550,shortlist,Downtown Dubai,592036
462,646,2025-12-25 22:27:35.850785,view,Marina,1028714
462,265,2025-12-25 22:27:36.574102,view,Downtown Dubai,937625
462,605,2025-12-27 22:27:37.725098,view,Downtown Dubai,1517481
463,4,2025-11-28 22:27:33.296938,shortlist,JVC,1774634
463,906,2025-11-28 22:27:34.958835,view,Business Bay,519477
463,967,2025-11-30 22:27:33.002524,view,JVC,1022154
463,213,2025-12-01 22:27:32.122325,view,Business Bay,1853324
463,32,2025-12-01 22:27:33.940169,view,Downtown Dubai,773349
463,64,2025-12-02 22:27:34.129738,view,Marina,1033634
463,711,2025-12-07 22:27:36.715861,view,Marina,1607810
463,123,2025-12-09 22:27:32.158918,view,JVC,963001
463,25,2025-12-10 22:27:35.507778,view,Downtown Dubai,1275158
463,102,2025-12-11 22:27:35.318583,view,Marina,975595
463,801,2025-12-12 22:27:32.186419,view,Business Bay,1186268
463,356,2025-12-14 22:27:33.987977,view,Marina,935477
463,455,2025-12-15 22:27:33.876909,view,Business Bay,1668932
463,830,2025-12-16 22:27:34.177072,view,Business Bay,545475
463,131,2025-12-16 22:27:37.010531,view,Marina,914994
463,321,2025-12-18 22:27:32.141399,view,Downtown Dubai,1199539
463,941,2025-12-18 22:27:34.537135,view,JVC,1047219
463,608,2025-12-19 22:27:37.819617,shortlist,JVC,1605710
463,412,2025-12-20 22:27:35.021784,view,Palm Jumeirah,1409245
463,91,2025-12-20 22:27:36.447880,view,Downtown Dubai,1804766
463,322,2025-12-20 22:27:37.835300,view,Downtown Dubai,745404
463,451,2025-12-21 22:27:36.400390,view,Business Bay,1188152
463,792,2025-12-22 22:27:32.477971,view,Marina,691387
463,132,2025-12-23 22:27:34.051015,view,Business Bay,1441768
463,646,2025-12-24 22:27:34.458603,contact_agent,Marina,1028714
463,922,2025-12-24 22:27:35.005977,view,JVC,1353392
463,527,2025-12-24 22:27:36.574102,view,Downtown Dubai,1337393
463,334,2025-12-26 22:27:34.943153,view,JVC,1328791
463,854,2025-12-26 22:27:36.792643,view,Business Bay,1420114
463,899,2025-12-27 22:27:34.269269,view,Downtown Dubai,763625
464,98,2025-11-28 22:27:32.208176,view,JVC,1127220
464,9,2025-11-28 22:27:34.364408,view,JVC,914600
464,773,2025-11-28 22:27:36.700206,shortlist,JVC,1253494
464,922,2025-11-29 22:27:36.589762,view,JVC,1353392
464,186,2025-11-30 22:27:34.489983,view,Business Bay,588668
464,701,2025-12-01 22:27:37.462109,view,Business Bay,1484156
464,500,2025-12-02 22:27:32.094821,view,Business Bay,954418
464,135,2025-12-02 22:27:33.829898,view,JVC,965982
464,802,2025-12-05 22:27:33.876909,view,JVC,1301955
464,78,2025-12-06 22:27:32.970954,view,JVC,794746
464,644,2025-12-07 22:27:31.935927,view,JVC,1176296
464,324,2025-12-07 22:27:36.351925,contact_agent,JVC,1288443
464,785,2025-12-08 22:27:34.990265,contact_agent,Business Bay,1128889
464,658,2025-12-12 22:27:34.769822,view,Business Bay,642980
464,561,2025-12-15 22:27:32.312439,view,JVC,1167540
464,177,2025-12-15 22:27:33.130513,view,Business Bay,1255111
464,98,2025-12-16 22:27:33.659495,view,JVC,1127220
464,186,2025-12-18 22:27:36.261867,view,Business Bay,588668
464,413,2025-12-19 22:27:35.945263,view,Business Bay,841207
464,785,2025-12-20 22:27:34.943153,view,Business Bay,1128889
464,634,2025-12-23 22:27:34.943153,view,JVC,529336
464,46,2025-12-27 22:27:35.163349,view,JVC,788963
464,451,2025-12-27 22:27:35.913508,view,Business Bay,1188152
465,735,2025-11-29 22:27:37.740841,view,Business Bay,1112181
465,277,2025-11-30 22:27:34.035360,view,Business Bay,606022
465,277,2025-12-01 22:27:32.302692,view,Business Bay,606022
465,983,2025-12-01 22:27:33.735638,view,Business Bay,1414565
465,186,2025-12-02 22:27:37.740841,view,Business Bay,588668
465,197,2025-12-03 22:27:32.670306,view,Business Bay,862455
465,70,2025-12-03 22:27:35.069159,contact_agent,Business Bay,1345474
465,99,2025-12-09 22:27:31.774579,view,Business Bay,943316
465,701,2025-12-10 22:27:32.156917,view,Business Bay,1484156
465,886,2025-12-11 22:27:32.326189,view,JVC,1192924
465,862,2025-12-11 22:27:34.489983,view,Business Bay,1037977
465,957,2025-12-12 22:27:32.970954,view,Business Bay,1243088
465,701,2025-12-13 22:27:35.961151,view,Business Bay,1484156
465,386,2025-12-13 22:27:37.443050,view,Business Bay,1102276
465,658,2025-12-13 22:27:37.709313,view,Business Bay,642980
465,429,2025-12-14 22:27:33.002524,view,Business Bay,1135719
465,556,2025-12-14 22:27:33.924257,view,Business Bay,785622
465,413,2025-12-15 22:27:36.416141,view,Business Bay,841207
465,301,2025-12-18 22:27:31.888534,view,JVC,1173218
465,98,2025-12-18 22:27:36.324648,view,JVC,1127220
465,967,2025-12-21 22:27:33.892633,view,JVC,1022154
465,368,2025-12-22 22:27:32.184417,view,Business Bay,626060
465,530,2025-12-24 22:27:34.817087,view,Business Bay,1234983
465,615,2025-12-25 22:27:32.592241,view,JVC,1237954
465,862,2025-12-26 22:27:35.429279,view,Business Bay,1037977
466,841,2025-11-30 22:27:36.245845,view,Marina,1968919
466,862,2025-12-01 22:27:34.458603,view,Business Bay,1037977
466,833,2025-12-01 22:27:34.552797,view,JVC,1599577
466,297,2025-12-02 22:27:32.685978,contact_agent,Marina,1697162
466,957,2025-12-02 22:27:34.521303,view,Business Bay,1243088
466,164,2025-12-04 22:27:32.139397,view,Marina,1075919
466,785,2025-12-05 22:27:35.665778,view,Business Bay,1128889
466,318,2025-12-06 22:27:35.507778,view,Palm Jumeirah,568803
466,678,2025-12-06 22:27:36.245845,view,JVC,1056718
466,481,2025-12-07 22:27:33.485903,view,Palm Jumeirah,737199
466,118,2025-12-09 22:27:32.548727,view,Business Bay,1521469
466,473,2025-12-11 22:27:31.838049,view,Downtown Dubai,1485132
466,382,2025-12-11 22:27:32.487718,view,Downtown Dubai,1371522
466,69,2025-12-13 22:27:34.348710,view,Marina,1906368
466,509,2025-12-13 22:27:35.539550,view,Downtown Dubai,1695885
466,525,2025-12-15 22:27:33.829898,view,Marina,941904
466,392,2025-12-15 22:27:36.103957,view,JVC,739779
466,468,2025-12-18 22:27:37.073407,view,Downtown Dubai,1797991
466,419,2025-12-21 22:27:34.177072,view,Downtown Dubai,1662189
466,480,2025-12-22 22:27:31.967677,view,Palm Jumeirah,687771
466,745,2025-12-24 22:27:34.177072,view,Downtown Dubai,1985255
466,64,2025-12-24 22:27:34.427263,view,Marina,1033634
466,645,2025-12-24 22:27:36.103957,view,Marina,879039
466,503,2025-12-26 22:27:32.580232,view,Marina,1062621
466,768,2025-12-26 22:27:35.507778,view,JVC,1206673
466,841,2025-12-27 22:27:34.208482,view,Marina,1968919
467,712,2025-11-28 22:27:36.916072,view,Business Bay,1312283
467,670,2025-11-28 22:27:37.199358,view,JVC,1244748
467,334,2025-12-02 22:27:32.797257,view,JVC,1328791
467,386,2025-12-02 22:27:34.082338,view,Business Bay,1102276
467,773,2025-12-09 22:27:37.388784,view,JVC,1253494
467,282,2025-12-11 22:27:35.929596,view,JVC,661445
467,585,2025-12-12 22:27:36.874409,shortlist,JVC,838540
467,738,2025-12-14 22:27:37.309782,view,JVC,639227
467,7,2025-12-18 22:27:32.923922,view,Business Bay,622775
467,526,2025-12-18 22:27:33.391650,shortlist,JVC,1078526
467,338,2025-12-19 22:27:33.861224,view,JVC,876794
467,817,2025-12-22 22:27:35.587005,view,Business Bay,549976
467,738,2025-12-25 22:27:33.580484,view,JVC,639227
467,617,2025-12-26 22:27:32.626522,view,Business Bay,1207173
468,286,2025-11-30 22:27:33.122768,view,Business Bay,1184029
468,164,2025-12-02 22:27:33.423343,view,Marina,1075919
468,232,2025-12-02 22:27:35.650122,contact_agent,JVC,1685111
468,551,2025-12-04 22:27:34.019313,contact_agent,JVC,1255612
468,917,2025-12-05 22:27:34.066676,shortlist,JVC,1635627
468,619,2025-12-07 22:27:35.945263,shortlist,Marina,1561404
468,139,2025-12-09 22:27:34.726781,view,Business Bay,1889330
468,135,2025-12-10 22:27:33.814098,view,JVC,965982
468,162,2025-12-11 22:27:37.246480,view,Marina,785711
468,324,2025-12-12 22:27:32.094821,view,JVC,1288443
468,914,2025-12-13 22:27:37.449068,view,Business Bay,1323759
468,527,2025-12-15 22:27:36.963350,view,Downtown Dubai,1337393
468,324,2025-12-16 22:27:35.084845,view,JVC,1288443
468,139,2025-12-17 22:27:34.631909,view,Business Bay,1889330
468,459,2025-12-18 22:27:37.278440,view,Marina,1437635
468,350,2025-12-18 22:27:37.614489,view,Marina,1836092
468,66,2025-12-19 22:27:37.411352,view,Marina,690237
468,199,2025-12-20 22:27:36.261867,view,Marina,1534586
468,297,2025-12-22 22:27:35.776109,view,Marina,1697162
468,611,2025-12-25 22:27:35.163349,view,Downtown Dubai,1306564
468,551,2025-12-25 22:27:35.258429,view,JVC,1255612
468,412,2025-12-26 22:27:32.424708,contact_agent,Palm Jumeirah,1409245
468,645,2025-12-27 22:27:35.555661,view,Marina,879039
469,137,2025-12-05 22:27:35.760271,view,JVC,773146
469,500,2025-12-09 22:27:33.124770,view,Business Bay,954418
469,45,2025-12-09 22:27:36.384326,view,JVC,739968
469,817,2025-12-14 22:27:32.078176,shortlist,Business Bay,549976
469,343,2025-12-15 22:27:35.116356,view,JVC,1282877
469,137,2025-12-15 22:27:35.382062,view,JVC,773146
469,906,2025-12-17 22:27:34.505647,contact_agent,Business Bay,519477
469,334,2025-12-18 22:27:32.406954,view,JVC,1328791
469,9,2025-12-19 22:27:32.652098,view,JVC,914600
469,334,2025-12-19 22:27:37.339480,view,JVC,1328791
469,644,2025-12-20 22:27:35.728604,view,JVC,1176296
469,773,2025-12-22 22:27:32.139397,view,JVC,1253494
469,434,2025-12-26 22:27:34.943153,view,JVC,681948
470,70,2025-11-29 22:27:32.170667,view,Business Bay,1345474
470,459,2025-11-29 22:27:34.411577,view,Marina,1437635
470,479,2025-11-30 22:27:37.835300,view,Marina,1692097
470,16,2025-12-02 22:27:34.785732,view,Marina,1756715
470,941,2025-12-03 22:27:34.442915,view,JVC,1047219
470,419,2025-12-03 22:27:36.198305,shortlist,Downtown Dubai,1662189
470,667,2025-12-05 22:27:37.646283,view,JVC,1264265
470,500,2025-12-05 22:27:37.709313,view,Business Bay,954418
470,275,2025-12-12 22:27:35.634416,view,Downtown Dubai,1356626
470,617,2025-12-14 22:27:32.733847,view,Business Bay,1207173
470,66,2025-12-14 22:27:36.056661,view,Marina,690237
470,895,2025-12-15 22:27:35.053501,view,Marina,797675
470,890,2025-12-16 22:27:34.364408,view,Downtown Dubai,1523920
470,311,2025-12-18 22:27:34.348710,view,Palm Jumeirah,828821
470,118,2025-12-19 22:27:33.533259,view,Business Bay,1521469
470,631,2025-12-25 22:27:32.046730,shortlist,Downtown Dubai,923332
470,687,2025-12-25 22:27:35.977057,view,Marina,768083
470,686,2025-12-26 22:27:34.458603,view,Marina,624932
470,408,2025-12-27 22:27:31.999113,shortlist,Marina,1916953
471,941,2025-11-28 22:27:35.179400,shortlist,JVC,1047219
471,828,2025-11-30 22:27:37.582497,view,Business Bay,708859
471,741,2025-12-02 22:27:31.779760,view,JVC,781854
471,197,2025-12-02 22:27:34.316827,view,Business Bay,862455
471,98,2025-12-03 22:27:37.508590,view,JVC,1127220
471,451,2025-12-05 22:27:34.769822,view,Business Bay,1188152
471,632,2025-12-06 22:27:34.262700,view,Business Bay,792575
471,282,2025-12-06 22:27:36.684542,view,JVC,661445
471,670,2025-12-07 22:27:37.215116,view,JVC,1244748
471,802,2025-12-08 22:27:35.835614,view,JVC,1301955
471,855,2025-12-09 22:27:37.518473,view,JVC,1101891
471,451,2025-12-11 22:27:37.357047,view,Business Bay,1188152
471,741,2025-12-13 22:27:37.477660,view,JVC,781854
471,906,2025-12-19 22:27:36.368381,contact_agent,Business Bay,519477
471,392,2025-12-21 22:27:31.904226,view,JVC,739779
471,46,2025-12-21 22:27:36.400390,view,JVC,788963
471,240,2025-12-22 22:27:33.533259,view,Business Bay,692512
471,186,2025-12-24 22:27:33.908317,view,Business Bay,588668
471,854,2025-12-25 22:27:33.643839,view,Business Bay,1420114
471,830,2025-12-27 22:27:33.564660,shortlist,Business Bay,545475
471,42,2025-12-27 22:27:35.835614,contact_agent,JVC,1032726
472,709,2025-11-29 22:27:34.316827,view,Palm Jumeirah,1656618
472,309,2025-11-30 22:27:35.147694,contact_agent,Palm Jumeirah,837913
472,164,2025-12-02 22:27:37.057747,view,Marina,1075919
472,826,2025-12-03 22:27:35.366371,view,JVC,1895796
472,3,2025-12-03 22:27:37.693311,view,Downtown Dubai,1450162
472,788,2025-12-04 22:27:35.507778,view,Downtown Dubai,1425779
472,350,2025-12-05 22:27:34.082338,view,Marina,1836092
472,749,2025-12-06 22:27:37.486564,view,Marina,979083
472,983,2025-12-07 22:27:35.665778,shortlist,Business Bay,1414565
472,985,2025-12-08 22:27:31.792106,view,Marina,1552425
472,102,2025-12-08 22:27:34.848462,contact_agent,Marina,975595
472,978,2025-12-09 22:27:32.702049,view,Downtown Dubai,789134
472,509,2025-12-09 22:27:33.628134,view,Downtown Dubai,1695885
472,297,2025-12-10 22:27:36.979040,view,Marina,1697162
472,617,2025-12-10 22:27:37.278440,view,Business Bay,1207173
472,826,2025-12-11 22:27:37.230825,shortlist,JVC,1895796
472,603,2025-12-12 22:27:35.507778,view,Downtown Dubai,1290645
472,7,2025-12-12 22:27:36.994837,view,Business Bay,622775
472,155,2025-12-13 22:27:31.951629,view,Downtown Dubai,1729787
472,902,2025-12-14 22:27:33.471905,view,Downtown Dubai,625355
472,406,2025-12-15 22:27:34.161387,view,Marina,1643647
472,828,2025-12-23 22:27:37.709313,view,Business Bay,708859
472,294,2025-12-26 22:27:37.120546,view,Business Bay,1861303
472,287,2025-12-27 22:27:33.154272,view,Palm Jumeirah,1010370
473,135,2025-11-28 22:27:35.226970,shortlist,JVC,965982
473,334,2025-11-28 22:27:37.558365,shortlist,JVC,1328791
473,324,2025-11-29 22:27:36.368381,view,JVC,1288443
473,906,2025-11-30 22:27:32.469964,view,Business Bay,519477
473,500,2025-11-30 22:27:36.229728,view,Business Bay,954418
473,983,2025-12-01 22:27:37.693311,view,Business Bay,1414565
473,644,2025-12-02 22:27:32.626522,view,JVC,1176296
473,338,2025-12-02 22:27:34.695292,contact_agent,JVC,876794
473,451,2025-12-02 22:27:35.053501,view,Business Bay,1188152
473,98,2025-12-04 22:27:37.772602,view,JVC,1127220
473,670,2025-12-06 22:27:34.192729,view,JVC,1244748
473,286,2025-12-08 22:27:36.700206,view,Business Bay,1184029
473,343,2025-12-12 22:27:37.262377,view,JVC,1282877
473,132,2025-12-13 22:27:35.274920,view,Business Bay,1441768
473,983,2025-12-16 22:27:33.501559,view,Business Bay,1414565
473,386,2025-12-16 22:27:35.258429,view,Business Bay,1102276
473,343,2025-12-17 22:27:35.822206,view,JVC,1282877
473,135,2025-12-18 22:27:32.399208,view,JVC,965982
473,769,2025-12-18 22:27:32.859951,view,JVC,1301849
473,98,2025-12-18 22:27:32.939586,view,JVC,1127220
473,957,2025-12-18 22:27:33.202628,contact_agent,Business Bay,1243088
473,670,2025-12-19 22:27:35.603000,view,JVC,1244748
473,982,2025-12-21 22:27:33.249970,view,Business Bay,1237090
473,634,2025-12-22 22:27:34.129738,view,JVC,529336
473,386,2025-12-22 22:27:35.084845,view,Business Bay,1102276
473,802,2025-12-26 22:27:37.756564,view,JVC,1301955
473,354,2025-12-27 22:27:32.645931,view,Business Bay,667647
473,957,2025-12-27 22:27:35.945263,view,Business Bay,1243088
474,947,2025-11-28 22:27:32.923922,view,Business Bay,4355933
474,793,2025-11-30 22:27:32.781570,view,Business Bay,4132632
474,87,2025-12-01 22:27:37.073407,view,Palm Jumeirah,4732851
474,469,2025-12-05 22:27:35.005977,view,Downtown Dubai,4231404
474,829,2025-12-05 22:27:36.700206,view,Palm Jumeirah,4527902
474,975,2025-12-06 22:27:36.526439,view,Downtown Dubai,4756146
474,432,2025-12-08 22:27:32.749764,view,Business Bay,3364140
474,901,2025-12-10 22:27:32.639634,view,JVC,4894643
474,220,2025-12-11 22:27:37.756564,view,Marina,3372176
474,393,2025-12-13 22:27:34.864304,view,Downtown Dubai,3475605
474,555,2025-12-14 22:27:34.817087,view,Marina,3644311
474,724,2025-12-14 22:27:35.913508,view,Marina,4990512
474,829,2025-12-16 22:27:37.921927,view,Palm Jumeirah,4527902
474,502,2025-12-18 22:27:34.647560,view,Marina,4973014
474,188,2025-12-19 22:27:35.242661,view,Business Bay,4119348
474,47,2025-12-21 22:27:31.856924,contact_agent,JVC,3092536
474,891,2025-12-21 22:27:33.218442,view,Palm Jumeirah,4311666
474,866,2025-12-24 22:27:33.643839,view,Business Bay,4168280
474,574,2025-12-26 22:27:33.034256,view,Palm Jumeirah,3370574
474,962,2025-12-26 22:27:36.874409,view,JVC,4604399
475,91,2025-11-28 22:27:31.853760,view,Downtown Dubai,1804766
475,693,2025-11-29 22:27:34.726781,view,Palm Jumeirah,789220
475,381,2025-11-29 22:27:36.103957,view,Palm Jumeirah,1692931
475,986,2025-11-30 22:27:37.803964,view,Marina,1277567
475,597,2025-12-05 22:27:36.447880,view,Palm Jumeirah,1858311
475,977,2025-12-06 22:27:32.521225,view,Palm Jumeirah,1781506
475,561,2025-12-07 22:27:31.967677,view,JVC,1167540
475,727,2025-12-10 22:27:31.967677,view,JVC,1598657
475,438,2025-12-12 22:27:35.850785,view,Palm Jumeirah,1453692
475,3,2025-12-13 22:27:32.503471,view,Downtown Dubai,1450162
475,173,2025-12-15 22:27:33.081318,view,Palm Jumeirah,1504001
475,448,2025-12-15 22:27:34.474315,view,Palm Jumeirah,1978768
475,785,2025-12-16 22:27:35.195138,shortlist,Business Bay,1128889
475,632,2025-12-18 22:27:36.826108,view,Business Bay,792575
475,986,2025-12-19 22:27:33.517603,view,Marina,1277567
475,648,2025-12-21 22:27:35.296477,view,Marina,1052439
475,131,2025-12-21 22:27:37.167880,view,Marina,914994
475,677,2025-12-22 22:27:33.751414,view,Downtown Dubai,1098506
475,113,2025-12-22 22:27:37.183700,view,Palm Jumeirah,1309178
475,62,2025-12-23 22:27:32.797257,view,Marina,808449
475,643,2025-12-23 22:27:35.297503,view,Downtown Dubai,1998339
475,801,2025-12-24 22:27:37.803964,view,Business Bay,1186268
475,473,2025-12-26 22:27:31.806921,view,Downtown Dubai,1485132
476,817,2025-11-30 22:27:37.136251,view,Business Bay,549976
476,967,2025-12-02 22:27:36.261867,view,JVC,1022154
476,817,2025-12-03 22:27:34.161387,view,Business Bay,549976
476,46,2025-12-06 22:27:35.069159,view,JVC,788963
476,941,2025-12-07 22:27:32.298688,shortlist,JVC,1047219
476,667,2025-12-07 22:27:32.765914,view,JVC,1264265
476,634,2025-12-07 22:27:32.939586,view,JVC,529336
476,615,2025-12-07 22:27:35.053501,shortlist,JVC,1237954
476,735,2025-12-08 22:27:34.208482,view,Business Bay,1112181
476,324,2025-12-08 22:27:37.120546,view,JVC,1288443
476,670,2025-12-10 22:27:32.588238,contact_agent,JVC,1244748
476,967,2025-12-10 22:27:33.845565,view,JVC,1022154
476,324,2025-12-12 22:27:32.970954,view,JVC,1288443
476,368,2025-12-16 22:27:34.600305,view,Business Bay,626060
476,556,2025-12-18 22:27:36.979040,view,Business Bay,785622
476,801,2025-12-20 22:27:37.772602,view,Business Bay,1186268
476,474,2025-12-21 22:27:36.103957,contact_agent,JVC,659292
476,585,2025-12-26 22:27:33.249970,view,JVC,838540
476,906,2025-12-27 22:27:35.555661,view,Business Bay,519477
477,785,2025-11-28 22:27:34.695292,view,Business Bay,1128889
477,508,2025-11-30 22:27:33.049967,view,JVC,1711569
477,343,2025-12-02 22:27:36.119817,view,JVC,1282877
477,56,2025-12-06 22:27:32.326189,view,Palm Jumeirah,1527557
477,67,2025-12-08 22:27:35.897847,view,Palm Jumeirah,1356047
477,64,2025-12-10 22:27:36.605705,view,Marina,1033634
477,727,2025-12-11 22:27:36.293332,view,JVC,1598657
477,740,2025-12-14 22:27:34.505647,view,Palm Jumeirah,1192137
477,658,2025-12-15 22:27:34.364408,view,Business Bay,642980
477,9,2025-12-16 22:27:34.051015,view,JVC,914600
477,386,2025-12-17 22:27:36.416141,view,Business Bay,1102276
477,70,2025-12-17 22:27:37.341247,view,Business Bay,1345474
477,778,2025-12-21 22:27:33.876909,view,Palm Jumeirah,1706184
477,174,2025-12-25 22:27:35.211244,view,Palm Jumeirah,812023
477,171,2025-12-26 22:27:34.474315,view,Marina,901067
477,900,2025-12-27 22:27:34.695292,view,Palm Jumeirah,1342840
477,414,2025-12-27 22:27:36.574102,view,Palm Jumeirah,1730746
478,343,2025-11-28 22:27:36.119817,shortlist,JVC,1282877
478,922,2025-12-03 22:27:37.412533,view,JVC,1353392
478,928,2025-12-04 22:27:33.580484,view,Marina,654692
478,922,2025-12-04 22:27:34.332736,view,JVC,1353392
478,775,2025-12-10 22:27:33.148267,view,Palm Jumeirah,1142762
478,412,2025-12-13 22:27:33.720913,contact_agent,Palm Jumeirah,1409245
478,923,2025-12-14 22:27:32.495725,view,Palm Jumeirah,781696
478,699,2025-12-14 22:27:32.828631,view,Business Bay,1906978
478,854,2025-12-14 22:27:34.051015,shortlist,Business Bay,1420114
478,282,2025-12-16 22:27:33.940169,view,JVC,661445
478,670,2025-12-16 22:27:34.051015,view,JVC,1244748
478,993,2025-12-17 22:27:34.348710,view,JVC,1588963
478,394,2025-12-18 22:27:36.558079,view,Marina,1288140
478,307,2025-12-18 22:27:37.506239,view,Marina,1219407
478,85,2025-12-19 22:27:35.053501,view,Marina,623950
478,923,2025-12-20 22:27:35.507778,view,Palm Jumeirah,781696
478,297,2025-12-20 22:27:36.072321,view,Marina,1697162
478,516,2025-12-24 22:27:33.659495,view,Business Bay,1779180
478,598,2025-12-24 22:27:37.120546,view,Marina,1789467
478,618,2025-12-24 22:27:37.756564,view,Palm Jumeirah,1179447
478,808,2025-12-25 22:27:36.653111,view,Palm Jumeirah,647745
478,695,2025-12-27 22:27:32.015066,view,JVC,1895285
479,102,2025-11-28 22:27:34.679502,view,Marina,975595
479,781,2025-11-28 22:27:35.492085,shortlist,Downtown Dubai,546002
479,788,2025-11-29 22:27:37.582497,view,Downtown Dubai,1425779
479,632,2025-12-02 22:27:35.832591,view,Business Bay,792575
479,941,2025-12-02 22:27:37.894581,view,JVC,1047219
479,439,2025-12-03 22:27:33.454680,view,Palm Jumeirah,717770
479,318,2025-12-06 22:27:35.618659,view,Palm Jumeirah,568803
479,32,2025-12-07 22:27:34.097995,view,Downtown Dubai,773349
479,275,2025-12-07 22:27:35.195138,view,Downtown Dubai,1356626
479,633,2025-12-12 22:27:33.234147,contact_agent,Palm Jumeirah,1959700
479,416,2025-12-12 22:27:37.199358,contact_agent,Downtown Dubai,1092632
479,855,2025-12-13 22:27:33.423343,view,JVC,1101891
479,993,2025-12-14 22:27:35.242661,contact_agent,JVC,1588963
479,78,2025-12-16 22:27:35.318583,view,JVC,794746
479,227,2025-12-18 22:27:33.892633,view,Downtown Dubai,1842057
479,135,2025-12-20 22:27:32.670306,view,JVC,965982
479,803,2025-12-20 22:27:33.628134,contact_agent,JVC,1611009
479,411,2025-12-20 22:27:36.009292,view,Palm Jumeirah,921280
479,123,2025-12-24 22:27:36.916072,view,JVC,963001
479,768,2025-12-27 22:27:32.122325,view,JVC,1206673
480,62,2025-11-28 22:27:33.845565,view,Marina,808449
480,479,2025-11-28 22:27:36.895224,view,Marina,1692097
480,633,2025-11-29 22:27:32.685978,view,Palm Jumeirah,1959700
480,153,2025-12-02 22:27:34.647560,view,Marina,663834
480,828,2025-12-06 22:27:35.587005,view,Business Bay,708859
480,631,2025-12-08 22:27:34.051015,view,Downtown Dubai,923332
480,776,2025-12-09 22:27:36.874409,view,Downtown Dubai,1267876
480,565,2025-12-10 22:27:35.913508,view,Business Bay,1904355
480,551,2025-12-12 22:27:33.328368,view,JVC,1255612
480,991,2025-12-13 22:27:36.700206,view,Downtown Dubai,780833
480,560,2025-12-14 22:27:32.609736,view,Marina,1896436
480,413,2025-12-14 22:27:33.034256,contact_agent,Business Bay,841207
480,50,2025-12-14 22:27:35.460757,contact_agent,Marina,1019165
480,954,2025-12-14 22:27:36.700206,view,Downtown Dubai,1152755
480,986,2025-12-15 22:27:34.801395,view,Marina,1277567
480,45,2025-12-17 22:27:35.719527,view,JVC,739968
480,459,2025-12-21 22:27:34.019313,shortlist,Marina,1437635
480,705,2025-12-22 22:27:36.731523,view,Business Bay,1703920
480,919,2025-12-25 22:27:34.225051,view,Business Bay,745300
480,62,2025-12-27 22:27:32.489720,view,Marina,808449
480,66,2025-12-27 22:27:36.963350,view,Marina,690237
480,351,2025-12-27 22:27:37.325465,view,Palm Jumeirah,1350350
481,461,2025-11-28 22:27:36.308994,view,Palm Jumeirah,1886689
481,709,2025-11-29 22:27:35.350476,view,Palm Jumeirah,1656618
481,130,2025-11-30 22:27:34.832773,contact_agent,JVC,739017
481,408,2025-12-01 22:27:32.487718,view,Marina,1916953
481,896,2025-12-01 22:27:35.382062,view,Marina,1208175
481,297,2025-12-02 22:27:31.935927,view,Marina,1697162
481,113,2025-12-02 22:27:33.296938,view,Palm Jumeirah,1309178
481,711,2025-12-02 22:27:34.679502,view,Marina,1607810
481,927,2025-12-03 22:27:35.618659,view,Business Bay,1490029
481,488,2025-12-04 22:27:32.410957,view,Downtown Dubai,1013313
481,354,2025-12-06 22:27:35.665778,view,Business Bay,667647
481,617,2025-12-06 22:27:36.558079,view,Business Bay,1207173
481,643,2025-12-06 22:27:37.899051,view,Downtown Dubai,1998339
481,277,2025-12-07 22:27:35.760271,view,Business Bay,606022
481,508,2025-12-09 22:27:31.919915,view,JVC,1711569
481,998,2025-12-12 22:27:35.226970,view,Marina,1389493
481,802,2025-12-13 22:27:33.018245,view,JVC,1301955
481,526,2025-12-15 22:27:32.078176,view,JVC,1078526
481,356,2025-12-15 22:27:36.479360,view,Marina,935477
481,853,2025-12-18 22:27:35.728604,contact_agent,Marina,1284192
481,221,2025-12-20 22:27:31.755192,view,Business Bay,1869277
481,959,2025-12-21 22:27:32.255435,view,Downtown Dubai,559778
481,966,2025-12-22 22:27:32.263180,view,Downtown Dubai,1898949
481,973,2025-12-22 22:27:37.516080,view,Downtown Dubai,1660117
481,64,2025-12-23 22:27:37.215116,view,Marina,1033634
481,598,2025-12-24 22:27:34.145735,view,Marina,1789467
481,674,2025-12-24 22:27:35.084845,view,Downtown Dubai,1234275
481,565,2025-12-24 22:27:37.539794,view,Business Bay,1904355
481,728,2025-12-25 22:27:33.956201,view,Palm Jumeirah,1426215
481,795,2025-12-25 22:27:35.021784,view,JVC,1874073
481,634,2025-12-26 22:27:32.122325,view,JVC,529336
481,86,2025-12-26 22:27:34.895998,view,Marina,1653224
481,802,2025-12-26 22:27:36.916072,view,JVC,1301955
482,775,2025-11-28 22:27:33.234147,view,Palm Jumeirah,1142762
482,324,2025-11-29 22:27:33.591093,view,JVC,1288443
482,14,2025-11-30 22:27:34.348710,view,JVC,1948763
482,560,2025-12-01 22:27:35.833618,view,Marina,1896436
482,561,2025-12-02 22:27:32.046730,view,JVC,1167540
482,162,2025-12-05 22:27:31.935927,view,Marina,785711
482,634,2025-12-07 22:27:32.121218,view,JVC,529336
482,473,2025-12-07 22:27:33.065626,view,Downtown Dubai,1485132
482,817,2025-12-08 22:27:33.892633,view,Business Bay,549976
482,680,2025-12-10 22:27:34.832773,view,Downtown Dubai,852414
482,145,2025-12-11 22:27:37.646283,contact_agent,Palm Jumeirah,577175
482,830,2025-12-14 22:27:35.587005,view,Business Bay,545475
482,91,2025-12-22 22:27:35.179400,view,Downtown Dubai,1804766
483,605,2025-11-30 22:27:36.668888,view,Downtown Dubai,1517481
483,155,2025-12-02 22:27:34.895998,view,Downtown Dubai,1729787
483,36,2025-12-02 22:27:36.731523,view,Downtown Dubai,1916207
483,920,2025-12-03 22:27:36.589762,view,Palm Jumeirah,1084010
483,998,2025-12-04 22:27:33.598604,view,Marina,1389493
483,646,2025-12-05 22:27:35.650122,view,Marina,1028714
483,174,2025-12-07 22:27:33.281284,contact_agent,Palm Jumeirah,812023
483,998,2025-12-08 22:27:31.757194,view,Marina,1389493
483,927,2025-12-08 22:27:35.334447,view,Business Bay,1490029
483,338,2025-12-11 22:27:33.359702,view,JVC,876794
483,985,2025-12-11 22:27:33.718705,view,Marina,1552425
483,634,2025-12-12 22:27:37.582497,view,JVC,529336
483,321,2025-12-13 22:27:32.377450,view,Downtown Dubai,1199539
483,803,2025-12-14 22:27:36.432216,view,JVC,1611009
483,695,2025-12-14 22:27:36.857851,view,JVC,1895285
483,545,2025-12-15 22:27:33.706266,view,JVC,1460652
483,131,2025-12-15 22:27:36.040977,view,Marina,914994
483,3,2025-12-18 22:27:34.348710,view,Downtown Dubai,1450162
483,280,2025-12-25 22:27:36.637455,view,Downtown Dubai,970529
483,960,2025-12-27 22:27:32.219924,view,Business Bay,1594409
484,319,2025-11-28 22:27:33.407634,view,Business Bay,1307744
484,45,2025-11-28 22:27:36.463705,view,JVC,739968
484,658,2025-11-30 22:27:34.035360,contact_agent,Business Bay,642980
484,801,2025-11-30 22:27:36.416141,view,Business Bay,1186268
484,42,2025-12-01 22:27:34.082338,view,JVC,1032726
484,634,2025-12-01 22:27:35.728604,view,JVC,529336
484,658,2025-12-10 22:27:34.848462,view,Business Bay,642980
484,941,2025-12-13 22:27:32.986864,view,JVC,1047219
484,617,2025-12-15 22:27:33.439002,view,Business Bay,1207173
484,802,2025-12-16 22:27:35.913508,view,JVC,1301955
484,434,2025-12-19 22:27:32.970954,view,JVC,681948
484,78,2025-12-23 22:27:32.318444,view,JVC,794746
484,354,2025-12-25 22:27:37.167880,view,Business Bay,667647
484,658,2025-12-26 22:27:33.767085,view,Business Bay,642980
484,957,2025-12-27 22:27:36.119817,view,Business Bay,1243088
485,605,2025-11-28 22:27:36.495041,view,Downtown Dubai,1517481
485,705,2025-11-29 22:27:35.084845,view,Business Bay,1703920
485,803,2025-11-30 22:27:31.779760,view,JVC,1611009
485,431,2025-11-30 22:27:37.661947,view,Downtown Dubai,1308258
485,437,2025-12-01 22:27:32.485717,view,JVC,1706751
485,438,2025-12-01 22:27:34.489983,view,Palm Jumeirah,1453692
485,598,2025-12-01 22:27:37.598447,view,Marina,1789467
485,32,2025-12-01 22:27:37.851374,view,Downtown Dubai,773349
485,529,2025-12-04 22:27:35.913508,view,Palm Jumeirah,1314422
485,978,2025-12-05 22:27:32.401210,view,Downtown Dubai,789134
485,456,2025-12-06 22:27:34.663539,view,Downtown Dubai,1949087
485,324,2025-12-09 22:27:32.389199,contact_agent,JVC,1288443
485,855,2025-12-09 22:27:33.940169,view,JVC,1101891
485,594,2025-12-10 22:27:37.528982,view,Downtown Dubai,1794315
485,455,2025-12-11 22:27:37.867422,view,Business Bay,1668932
485,19,2025-12-12 22:27:37.230825,view,Palm Jumeirah,1324143
485,14,2025-12-13 22:27:31.770243,view,JVC,1948763
485,560,2025-12-13 22:27:33.065626,contact_agent,Marina,1896436
485,148,2025-12-15 22:27:36.605705,view,Downtown Dubai,1857453
485,803,2025-12-21 22:27:37.544820,view,JVC,1611009
485,826,2025-12-25 22:27:33.987977,view,JVC,1895796
485,712,2025-12-25 22:27:35.866469,view,Business Bay,1312283
485,163,2025-12-25 22:27:36.994837,view,JVC,1623389
485,895,2025-12-25 22:27:37.042084,view,Marina,797675
485,592,2025-12-26 22:27:33.517603,view,Business Bay,1858097
485,983,2025-12-26 22:27:37.646283,view,Business Bay,1414565
486,280,2025-11-30 22:27:34.974549,view,Downtown Dubai,970529
486,906,2025-11-30 22:27:36.356052,view,Business Bay,519477
486,158,2025-12-01 22:27:37.661947,view,JVC,1916828
486,646,2025-12-02 22:27:32.513479,view,Marina,1028714
486,472,2025-12-02 22:27:33.580484,view,JVC,718401
486,445,2025-12-02 22:27:37.199358,view,Palm Jumeirah,1838530
486,130,2025-12-03 22:27:34.035360,view,JVC,739017
486,959,2025-12-04 22:27:31.888534,view,Downtown Dubai,559778
486,808,2025-12-05 22:27:36.901425,view,Palm Jumeirah,647745
486,172,2025-12-06 22:27:36.009292,view,Marina,960796
486,916,2025-12-09 22:27:32.393203,view,JVC,631184
486,919,2025-12-09 22:27:33.876909,view,Business Bay,745300
486,168,2025-12-09 22:27:33.908317,view,Palm Jumeirah,1476433
486,811,2025-12-09 22:27:35.179400,view,Marina,637686
486,985,2025-12-09 22:27:36.605705,view,Marina,1552425
486,459,2025-12-10 22:27:36.874409,view,Marina,1437635
486,556,2025-12-13 22:27:33.845565,view,Business Bay,785622
486,294,2025-12-19 22:27:37.418161,view,Business Bay,1861303
486,615,2025-12-20 22:27:33.593095,view,JVC,1237954
486,556,2025-12-22 22:27:37.914560,view,Business Bay,785622
486,437,2025-12-25 22:27:32.939586,view,JVC,1706751
486,508,2025-12-26 22:27:35.084845,view,JVC,1711569
486,309,2025-12-26 22:27:36.119817,view,Palm Jumeirah,837913
486,319,2025-12-27 22:27:34.225051,view,Business Bay,1307744
487,632,2025-11-29 22:27:32.444464,view,Business Bay,792575
487,632,2025-12-01 22:27:32.626522,view,Business Bay,792575
487,545,2025-12-01 22:27:34.489983,view,JVC,1460652
487,408,2025-12-04 22:27:36.605705,view,Marina,1916953
487,14,2025-12-08 22:27:33.908317,view,JVC,1948763
487,17,2025-12-08 22:27:34.552797,view,Marina,580257
487,627,2025-12-11 22:27:33.643839,view,JVC,1415113
487,64,2025-12-13 22:27:37.230825,view,Marina,1033634
487,222,2025-12-15 22:27:32.923922,shortlist,Business Bay,1249971
487,993,2025-12-15 22:27:37.215116,shortlist,JVC,1588963
487,999,2025-12-16 22:27:37.803964,view,Marina,1278799
487,828,2025-12-21 22:27:35.539550,view,Business Bay,708859
487,227,2025-12-27 22:27:34.019313,view,Downtown Dubai,1842057
487,983,2025-12-27 22:27:35.226970,view,Business Bay,1414565
488,817,2025-11-28 22:27:32.475969,view,Business Bay,549976
488,421,2025-11-28 22:27:35.294423,contact_agent,JVC,914299
488,817,2025-11-28 22:27:36.653111,view,Business Bay,549976
488,9,2025-11-29 22:27:35.397725,view,JVC,914600
488,282,2025-12-03 22:27:33.628134,view,JVC,661445
488,982,2025-12-04 22:27:31.888534,view,Business Bay,1237090
488,983,2025-12-06 22:27:36.510741,view,Business Bay,1414565
488,967,2025-12-08 22:27:33.814098,view,JVC,1022154
488,98,2025-12-09 22:27:32.456213,view,JVC,1127220
488,585,2025-12-09 22:27:35.366371,view,JVC,838540
488,526,2025-12-10 22:27:33.312669,shortlist,JVC,1078526
488,741,2025-12-11 22:27:34.726781,view,JVC,781854
488,906,2025-12-12 22:27:33.517603,view,Business Bay,519477
488,561,2025-12-12 22:27:33.908317,view,JVC,1167540
488,135,2025-12-13 22:27:37.042084,view,JVC,965982
488,137,2025-12-14 22:27:35.100507,view,JVC,773146
488,78,2025-12-16 22:27:32.859951,view,JVC,794746
488,130,2025-12-17 22:27:36.947409,view,JVC,739017
488,801,2025-12-18 22:27:35.084845,view,Business Bay,1186268
488,967,2025-12-20 22:27:34.647560,view,JVC,1022154
488,277,2025-12-20 22:27:37.372983,view,Business Bay,606022
488,678,2025-12-22 22:27:37.042084,view,JVC,1056718
488,982,2025-12-23 22:27:37.136251,view,Business Bay,1237090
488,277,2025-12-24 22:27:36.166955,view,Business Bay,606022
488,7,2025-12-24 22:27:36.963350,view,Business Bay,622775
488,862,2025-12-26 22:27:37.851374,view,Business Bay,1037977
489,167,2025-11-30 22:27:31.904226,view,Palm Jumeirah,922381
489,778,2025-12-03 22:27:36.916072,view,Palm Jumeirah,1706184
489,199,2025-12-04 22:27:35.397725,view,Marina,1534586
489,171,2025-12-05 22:27:36.056661,view,Marina,901067
489,701,2025-12-05 22:27:36.857851,view,Business Bay,1484156
489,978,2025-12-06 22:27:36.135475,view,Downtown Dubai,789134
489,148,2025-12-07 22:27:32.432715,view,Downtown Dubai,1857453
489,581,2025-12-09 22:27:31.999113,contact_agent,Downtown Dubai,791464
489,456,2025-12-09 22:27:32.955285,view,Downtown Dubai,1949087
489,817,2025-12-11 22:27:32.749764,view,Business Bay,549976
489,973,2025-12-11 22:27:34.584161,view,Downtown Dubai,1660117
489,42,2025-12-14 22:27:34.285406,view,JVC,1032726
489,917,2025-12-15 22:27:37.803964,shortlist,JVC,1635627
489,294,2025-12-17 22:27:36.088299,view,Business Bay,1861303
489,648,2025-12-18 22:27:35.021784,view,Marina,1052439
489,330,2025-12-18 22:27:36.794383,view,JVC,1833572
489,551,2025-12-19 22:27:34.316827,view,JVC,1255612
489,309,2025-12-20 22:27:35.100507,view,Palm Jumeirah,837913
489,693,2025-12-21 22:27:37.478660,view,Palm Jumeirah,789220
489,227,2025-12-22 22:27:36.166955,view,Downtown Dubai,1842057
489,712,2025-12-24 22:27:32.341942,view,Business Bay,1312283
489,71,2025-12-25 22:27:35.993182,view,Downtown Dubai,1724744
489,740,2025-12-26 22:27:35.961151,view,Palm Jumeirah,1192137
490,415,2025-12-03 22:27:36.277680,view,Palm Jumeirah,3789791
490,606,2025-12-04 22:27:31.919915,view,Downtown Dubai,4094804
490,258,2025-12-05 22:27:35.147694,view,JVC,4908285
490,440,2025-12-07 22:27:37.199358,view,Palm Jumeirah,4599906
490,433,2025-12-08 22:27:37.518473,view,Business Bay,4064462
490,832,2025-12-09 22:27:36.916072,view,Palm Jumeirah,3739254
490,302,2025-12-11 22:27:32.601990,view,Downtown Dubai,4385250
490,912,2025-12-15 22:27:35.929596,view,Downtown Dubai,4967890
490,891,2025-12-18 22:27:37.329450,view,Palm Jumeirah,4311666
490,262,2025-12-20 22:27:35.833618,shortlist,JVC,4704955
490,446,2025-12-21 22:27:35.334447,shortlist,Marina,4966951
490,710,2025-12-22 22:27:35.132012,view,JVC,4411147
490,24,2025-12-22 22:27:35.397725,view,Marina,4124064
490,93,2025-12-22 22:27:36.229728,view,Business Bay,3898147
490,946,2025-12-23 22:27:32.797257,view,JVC,3371656
490,87,2025-12-24 22:27:32.410957,view,Palm Jumeirah,4732851
490,365,2025-12-24 22:27:36.351925,view,Business Bay,4744402
490,352,2025-12-25 22:27:32.876025,view,Palm Jumeirah,3979027
490,281,2025-12-26 22:27:37.089117,view,Business Bay,3483516
490,976,2025-12-27 22:27:36.495041,view,Palm Jumeirah,3085171
491,862,2025-11-28 22:27:32.615741,view,Business Bay,1037977
491,472,2025-11-29 22:27:34.035360,view,JVC,718401
491,394,2025-11-30 22:27:37.230825,view,Marina,1288140
491,481,2025-12-01 22:27:35.882131,view,Palm Jumeirah,737199
491,686,2025-12-01 22:27:37.557331,view,Marina,624932
491,592,2025-12-02 22:27:32.797257,view,Business Bay,1858097
491,254,2025-12-05 22:27:32.145402,view,JVC,1701838
491,817,2025-12-10 22:27:36.214007,contact_agent,Business Bay,549976
491,967,2025-12-11 22:27:35.302649,view,JVC,1022154
491,413,2025-12-12 22:27:33.892633,view,Business Bay,841207
491,998,2025-12-12 22:27:37.183700,view,Marina,1389493
491,925,2025-12-13 22:27:35.555661,view,Downtown Dubai,1690456
491,157,2025-12-15 22:27:33.892633,view,Palm Jumeirah,1825569
491,222,2025-12-15 22:27:34.552797,view,Business Bay,1249971
491,556,2025-12-17 22:27:35.350476,view,Business Bay,785622
491,705,2025-12-19 22:27:37.230825,view,Business Bay,1703920
491,708,2025-12-21 22:27:36.293332,view,Downtown Dubai,1247852
491,145,2025-12-23 22:27:32.180675,view,Palm Jumeirah,577175
492,510,2025-11-28 22:27:34.616250,view,Marina,1656083
492,590,2025-11-28 22:27:36.261867,view,Palm Jumeirah,1372328
492,798,2025-11-28 22:27:36.416141,view,JVC,1924663
492,927,2025-12-03 22:27:32.212179,view,Business Bay,1490029
492,67,2025-12-04 22:27:33.142523,contact_agent,Palm Jumeirah,1356047
492,680,2025-12-07 22:27:37.867422,view,Downtown Dubai,852414
492,91,2025-12-08 22:27:36.088299,view,Downtown Dubai,1804766
492,904,2025-12-09 22:27:33.612454,view,JVC,1115937
492,123,2025-12-09 22:27:34.192729,view,JVC,963001
492,660,2025-12-13 22:27:32.078176,view,Marina,757354
492,526,2025-12-18 22:27:33.940169,view,JVC,1078526
492,37,2025-12-18 22:27:36.400390,view,Palm Jumeirah,1078688
492,990,2025-12-18 22:27:36.558079,view,Downtown Dubai,551707
492,983,2025-12-18 22:27:36.731523,contact_agent,Business Bay,1414565
492,526,2025-12-19 22:27:36.526439,view,JVC,1078526
492,925,2025-12-20 22:27:32.613739,view,Downtown Dubai,1690456
492,19,2025-12-21 22:27:36.901425,view,Palm Jumeirah,1324143
492,115,2025-12-22 22:27:32.328191,view,Downtown Dubai,1221037
492,708,2025-12-22 22:27:32.328191,view,Downtown Dubai,1247852
492,592,2025-12-26 22:27:34.505647,view,Business Bay,1858097
492,103,2025-12-27 22:27:32.828631,view,Downtown Dubai,1965744
493,978,2025-11-28 22:27:32.923922,view,Downtown Dubai,789134
493,788,2025-11-29 22:27:34.679502,view,Downtown Dubai,1425779
493,693,2025-12-05 22:27:37.199358,view,Palm Jumeirah,789220
493,394,2025-12-06 22:27:31.919915,view,Marina,1288140
493,599,2025-12-06 22:27:37.709313,view,Downtown Dubai,664074
493,674,2025-12-07 22:27:32.605994,view,Downtown Dubai,1234275
493,445,2025-12-07 22:27:35.429279,view,Palm Jumeirah,1838530
493,172,2025-12-07 22:27:37.693311,view,Marina,960796
493,421,2025-12-09 22:27:37.230825,view,JVC,914299
493,480,2025-12-10 22:27:33.861224,view,Palm Jumeirah,687771
493,874,2025-12-11 22:27:36.947409,view,Marina,1208672
493,135,2025-12-12 22:27:33.034256,view,JVC,965982
493,782,2025-12-15 22:27:34.003657,view,Palm Jumeirah,1215339
493,197,2025-12-16 22:27:32.046730,view,Business Bay,862455
493,655,2025-12-16 22:27:37.550371,view,Palm Jumeirah,1262371
493,37,2025-12-18 22:27:33.501559,view,Palm Jumeirah,1078688
493,960,2025-12-19 22:27:33.628134,view,Business Bay,1594409
493,603,2025-12-21 22:27:33.018245,view,Downtown Dubai,1290645
493,7,2025-12-21 22:27:35.350476,contact_agent,Business Bay,622775
493,680,2025-12-23 22:27:35.132012,view,Downtown Dubai,852414
493,768,2025-12-25 22:27:33.533259,view,JVC,1206673
493,839,2025-12-26 22:27:35.163349,view,Palm Jumeirah,727189
494,139,2025-11-30 22:27:35.977057,view,Business Bay,1889330
494,615,2025-12-03 22:27:37.407756,view,JVC,1237954
494,91,2025-12-08 22:27:36.384326,view,Downtown Dubai,1804766
494,728,2025-12-09 22:27:34.537135,contact_agent,Palm Jumeirah,1426215
494,473,2025-12-13 22:27:35.776109,view,Downtown Dubai,1485132
494,472,2025-12-13 22:27:36.182615,view,JVC,718401
494,378,2025-12-20 22:27:32.314440,shortlist,Palm Jumeirah,1062060
494,351,2025-12-22 22:27:34.114079,view,Palm Jumeirah,1350350
494,536,2025-12-23 22:27:31.833900,contact_agent,JVC,1916842
494,782,2025-12-24 22:27:36.198305,view,Palm Jumeirah,1215339
494,741,2025-12-27 22:27:33.580484,view,JVC,781854
495,323,2025-12-03 22:27:32.404952,view,JVC,517297
495,17,2025-12-03 22:27:33.202628,shortlist,Marina,580257
495,69,2025-12-03 22:27:33.548940,view,Marina,1906368
495,718,2025-12-03 22:27:36.341364,view,Downtown Dubai,1849590
495,527,2025-12-07 22:27:32.113965,view,Downtown Dubai,1337393
495,954,2025-12-08 22:27:31.983449,view,Downtown Dubai,1152755
495,412,2025-12-08 22:27:33.281284,view,Palm Jumeirah,1409245
495,895,2025-12-10 22:27:37.010531,view,Marina,797675
495,862,2025-12-13 22:27:33.845565,view,Business Bay,1037977
495,78,2025-12-13 22:27:35.132012,view,JVC,794746
495,195,2025-12-14 22:27:35.318583,view,Marina,770914
495,803,2025-12-15 22:27:37.262377,view,JVC,1611009
495,686,2025-12-18 22:27:36.842168,shortlist,Marina,624932
495,920,2025-12-20 22:27:33.202628,view,Palm Jumeirah,1084010
495,738,2025-12-20 22:27:34.927497,view,JVC,639227
495,123,2025-12-22 22:27:37.341247,view,JVC,963001
495,644,2025-12-26 22:27:36.574102,view,JVC,1176296
496,791,2025-12-02 22:27:34.785732,view,Palm Jumeirah,725391
496,607,2025-12-02 22:27:37.539794,view,Downtown Dubai,562507
496,468,2025-12-06 22:27:37.294126,view,Downtown Dubai,1797991
496,452,2025-12-07 22:27:36.574102,shortlist,Downtown Dubai,902980
496,331,2025-12-10 22:27:36.119817,shortlist,Palm Jumeirah,1115863
496,232,2025-12-11 22:27:34.895998,view,JVC,1685111
496,991,2025-12-12 22:27:36.857851,view,Downtown Dubai,780833
496,145,2025-12-13 22:27:34.332736,view,Palm Jumeirah,577175
496,811,2025-12-13 22:27:34.943153,view,Marina,637686
496,795,2025-12-14 22:27:37.215116,view,JVC,1874073
496,632,2025-12-16 22:27:35.147694,view,Business Bay,792575
496,686,2025-12-18 22:27:36.119817,view,Marina,624932
496,967,2025-12-19 22:27:36.229728,view,JVC,1022154
496,216,2025-12-22 22:27:37.867422,view,Palm Jumeirah,1369807
496,275,2025-12-27 22:27:34.848462,view,Downtown Dubai,1356626
497,861,2025-11-28 22:27:34.177072,view,Business Bay,4523278
497,314,2025-12-02 22:27:37.341247,shortlist,Business Bay,4387008
497,215,2025-12-06 22:27:35.147694,view,Downtown Dubai,4768173
497,543,2025-12-06 22:27:36.151287,view,Marina,4141771
497,604,2025-12-06 22:27:37.073407,view,Downtown Dubai,3787093
497,955,2025-12-07 22:27:34.647560,view,Business Bay,4166344
497,88,2025-12-08 22:27:36.447880,view,Palm Jumeirah,3150235
497,241,2025-12-11 22:27:34.817087,view,Downtown Dubai,4214379
497,41,2025-12-12 22:27:31.835983,view,Downtown Dubai,4727995
497,279,2025-12-15 22:27:35.460757,view,Palm Jumeirah,3707796
497,829,2025-12-16 22:27:33.861224,view,Palm Jumeirah,4527902
497,790,2025-12-16 22:27:37.309782,view,Palm Jumeirah,3819151
497,512,2025-12-22 22:27:34.726781,view,Business Bay,4398190
497,518,2025-12-23 22:27:37.167880,view,Marina,3084182
497,100,2025-12-23 22:27:37.646283,view,Marina,4017741
497,40,2025-12-24 22:27:33.876909,view,Business Bay,3702209
497,681,2025-12-26 22:27:35.258429,view,JVC,3463944
497,664,2025-12-27 22:27:32.310437,view,Palm Jumeirah,4871545
497,485,2025-12-27 22:27:34.051015,view,JVC,4102615
498,768,2025-12-01 22:27:35.258429,view,JVC,1206673
498,386,2025-12-02 22:27:32.955285,view,Business Bay,1102276
498,880,2025-12-05 22:27:32.955285,view,JVC,1883875
498,732,2025-12-06 22:27:37.772602,view,Marina,924528
498,132,2025-12-10 22:27:32.781570,view,Business Bay,1441768
498,275,2025-12-10 22:27:36.558079,view,Downtown Dubai,1356626
498,461,2025-12-10 22:27:37.404545,view,Palm Jumeirah,1886689
498,36,2025-12-11 22:27:34.442915,view,Downtown Dubai,1916207
498,150,2025-12-13 22:27:37.325465,view,Palm Jumeirah,595028
498,795,2025-12-14 22:27:36.826108,view,JVC,1874073
498,950,2025-12-15 22:27:32.112927,view,Marina,595556
498,778,2025-12-15 22:27:35.211244,view,Palm Jumeirah,1706184
498,920,2025-12-15 22:27:37.486564,view,Palm Jumeirah,1084010
498,411,2025-12-16 22:27:33.034256,view,Palm Jumeirah,921280
498,186,2025-12-16 22:27:36.229728,view,Business Bay,588668
498,778,2025-12-17 22:27:35.397725,view,Palm Jumeirah,1706184
498,166,2025-12-18 22:27:32.149406,view,Palm Jumeirah,1352746
498,803,2025-12-19 22:27:36.668888,view,JVC,1611009
498,216,2025-12-22 22:27:35.665778,view,Palm Jumeirah,1369807
498,644,2025-12-23 22:27:35.744617,contact_agent,JVC,1176296
498,650,2025-12-24 22:27:32.570484,view,Marina,773452
498,434,2025-12-26 22:27:36.151287,view,JVC,681948
499,644,2025-11-30 22:27:35.825288,view,JVC,1176296
499,240,2025-12-05 22:27:35.147694,view,Business Bay,692512
499,919,2025-12-06 22:27:32.206174,view,Business Bay,745300
499,967,2025-12-06 22:27:34.427263,view,JVC,1022154
499,368,2025-12-07 22:27:32.261440,contact_agent,Business Bay,626060
499,137,2025-12-07 22:27:36.621360,view,JVC,773146
499,768,2025-12-08 22:27:32.613739,view,JVC,1206673
499,197,2025-12-10 22:27:31.806921,view,Business Bay,862455
499,561,2025-12-11 22:27:34.785732,view,JVC,1167540
499,130,2025-12-11 22:27:35.005977,view,JVC,739017
499,769,2025-12-13 22:27:34.427263,view,JVC,1301849
499,670,2025-12-14 22:27:31.792106,view,JVC,1244748
499,701,2025-12-14 22:27:32.717827,view,Business Bay,1484156
499,773,2025-12-14 22:27:36.621360,view,JVC,1253494
499,919,2025-12-15 22:27:34.765733,view,Business Bay,745300
499,738,2025-12-16 22:27:37.341247,view,JVC,639227
499,474,2025-12-17 22:27:31.852727,view,JVC,659292
499,135,2025-12-17 22:27:35.850785,view,JVC,965982
499,927,2025-12-18 22:27:36.668888,view,Business Bay,1490029
499,421,2025-12-19 22:27:37.537794,view,JVC,914299
499,644,2025-12-27 22:27:32.493723,contact_agent,JVC,1176296
499,922,2025-12-27 22:27:33.185849,view,JVC,1353392
499,828,2025-12-27 22:27:33.265626,view,Business Bay,708859
500,632,2025-11-29 22:27:35.835614,shortlist,Business Bay,792575
500,386,2025-11-30 22:27:37.294126,view,Business Bay,1102276
500,421,2025-12-02 22:27:34.848462,view,JVC,914299
500,919,2025-12-03 22:27:35.084845,view,Business Bay,745300
500,324,2025-12-04 22:27:37.533249,contact_agent,JVC,1288443
500,828,2025-12-05 22:27:35.850785,view,Business Bay,708859
500,526,2025-12-06 22:27:34.082338,shortlist,JVC,1078526
500,70,2025-12-07 22:27:32.473967,view,Business Bay,1345474
500,854,2025-12-08 22:27:37.262377,view,Business Bay,1420114
500,658,2025-12-09 22:27:36.810172,view,Business Bay,642980
500,137,2025-12-11 22:27:37.183700,view,JVC,773146
500,7,2025-12-19 22:27:34.474315,view,Business Bay,622775
500,343,2025-12-19 22:27:35.163349,view,JVC,1282877
500,277,2025-12-19 22:27:36.574102,view,Business Bay,606022
500,177,2025-12-19 22:27:37.463108,view,Business Bay,1255111
500,634,2025-12-20 22:27:33.018245,view,JVC,529336
500,177,2025-12-23 22:27:33.659495,view,Business Bay,1255111
500,545,2025-12-24 22:27:34.097995,view,JVC,1460652
500,334,2025-12-27 22:27:36.151287,view,JVC,1328791
